Year	dec	inc
-8000	4.552	57.663
-7999	4.565	57.639
-7998	4.579	57.614
-7997	4.596	57.589
-7996	4.611	57.563
-7995	4.627	57.536
-7994	4.641	57.510
-7993	4.656	57.482
-7992	4.675	57.453
-7991	4.699	57.427
-7990	4.728	57.406
-7989	4.762	57.391
-7988	4.802	57.381
-7987	4.847	57.372
-7986	4.900	57.364
-7985	4.958	57.354
-7984	5.022	57.344
-7983	5.085	57.329
-7982	5.145	57.310
-7981	5.202	57.288
-7980	5.253	57.264
-7979	5.298	57.237
-7978	5.334	57.210
-7977	5.361	57.181
-7976	5.378	57.151
-7975	5.382	57.120
-7974	5.377	57.088
-7973	5.363	57.053
-7972	5.343	57.017
-7971	5.320	56.979
-7970	5.297	56.939
-7969	5.273	56.897
-7968	5.247	56.852
-7967	5.220	56.804
-7966	5.191	56.755
-7965	5.163	56.707
-7964	5.135	56.660
-7963	5.108	56.613
-7962	5.081	56.566
-7961	5.057	56.522
-7960	5.033	56.479
-7959	5.010	56.438
-7958	4.986	56.400
-7957	4.963	56.368
-7956	4.939	56.341
-7955	4.914	56.320
-7954	4.888	56.301
-7953	4.861	56.283
-7952	4.833	56.267
-7951	4.804	56.250
-7950	4.775	56.233
-7949	4.746	56.214
-7948	4.716	56.195
-7947	4.686	56.175
-7946	4.658	56.155
-7945	4.633	56.135
-7944	4.612	56.116
-7943	4.595	56.099
-7942	4.583	56.084
-7941	4.575	56.069
-7940	4.573	56.055
-7939	4.574	56.042
-7938	4.579	56.029
-7937	4.584	56.017
-7936	4.590	56.008
-7935	4.597	56.003
-7934	4.605	56.003
-7933	4.613	56.006
-7932	4.621	56.012
-7931	4.630	56.021
-7930	4.643	56.033
-7929	4.660	56.047
-7928	4.680	56.063
-7927	4.700	56.082
-7926	4.716	56.104
-7925	4.727	56.127
-7924	4.733	56.148
-7923	4.731	56.164
-7922	4.720	56.174
-7921	4.702	56.179
-7920	4.676	56.180
-7919	4.644	56.179
-7918	4.608	56.177
-7917	4.567	56.173
-7916	4.522	56.168
-7915	4.473	56.159
-7914	4.423	56.147
-7913	4.374	56.134
-7912	4.331	56.121
-7911	4.296	56.108
-7910	4.268	56.096
-7909	4.249	56.085
-7908	4.240	56.076
-7907	4.239	56.071
-7906	4.244	56.069
-7905	4.254	56.070
-7904	4.266	56.073
-7903	4.282	56.076
-7902	4.302	56.078
-7901	4.326	56.078
-7900	4.354	56.077
-7899	4.385	56.077
-7898	4.418	56.080
-7897	4.454	56.088
-7896	4.493	56.101
-7895	4.538	56.117
-7894	4.583	56.136
-7893	4.628	56.158
-7892	4.673	56.184
-7891	4.723	56.209
-7890	4.777	56.234
-7889	4.832	56.260
-7888	4.885	56.288
-7887	4.937	56.316
-7886	4.988	56.345
-7885	5.039	56.373
-7884	5.089	56.397
-7883	5.133	56.416
-7882	5.170	56.432
-7881	5.197	56.444
-7880	5.214	56.455
-7879	5.220	56.464
-7878	5.218	56.471
-7877	5.207	56.475
-7876	5.191	56.475
-7875	5.170	56.470
-7874	5.147	56.459
-7873	5.124	56.442
-7872	5.101	56.422
-7871	5.083	56.401
-7870	5.068	56.381
-7869	5.057	56.362
-7868	5.046	56.343
-7867	5.038	56.323
-7866	5.034	56.302
-7865	5.035	56.280
-7864	5.040	56.259
-7863	5.048	56.238
-7862	5.059	56.215
-7861	5.071	56.192
-7860	5.082	56.169
-7859	5.094	56.148
-7858	5.107	56.130
-7857	5.123	56.115
-7856	5.146	56.104
-7855	5.178	56.099
-7854	5.218	56.098
-7853	5.267	56.100
-7852	5.325	56.104
-7851	5.387	56.111
-7850	5.451	56.120
-7849	5.514	56.131
-7848	5.576	56.147
-7847	5.638	56.165
-7846	5.697	56.183
-7845	5.756	56.201
-7844	5.815	56.220
-7843	5.875	56.238
-7842	5.937	56.256
-7841	5.999	56.274
-7840	6.063	56.289
-7839	6.127	56.302
-7838	6.189	56.312
-7837	6.251	56.318
-7836	6.312	56.323
-7835	6.372	56.327
-7834	6.430	56.330
-7833	6.487	56.332
-7832	6.542	56.334
-7831	6.596	56.336
-7830	6.648	56.338
-7829	6.699	56.340
-7828	6.749	56.343
-7827	6.795	56.349
-7826	6.836	56.356
-7825	6.872	56.367
-7824	6.903	56.381
-7823	6.929	56.399
-7822	6.950	56.419
-7821	6.963	56.441
-7820	6.970	56.466
-7819	6.972	56.491
-7818	6.968	56.518
-7817	6.960	56.546
-7816	6.949	56.575
-7815	6.933	56.604
-7814	6.913	56.631
-7813	6.890	56.657
-7812	6.866	56.680
-7811	6.842	56.702
-7810	6.817	56.723
-7809	6.790	56.743
-7808	6.763	56.763
-7807	6.735	56.783
-7806	6.707	56.802
-7805	6.679	56.821
-7804	6.648	56.839
-7803	6.615	56.856
-7802	6.580	56.872
-7801	6.543	56.886
-7800	6.504	56.898
-7799	6.463	56.908
-7798	6.422	56.916
-7797	6.380	56.923
-7796	6.340	56.928
-7795	6.301	56.932
-7794	6.266	56.936
-7793	6.234	56.939
-7792	6.204	56.942
-7791	6.174	56.945
-7790	6.144	56.946
-7789	6.116	56.946
-7788	6.087	56.945
-7787	6.058	56.946
-7786	6.032	56.947
-7785	6.008	56.951
-7784	5.983	56.956
-7783	5.960	56.962
-7782	5.938	56.970
-7781	5.918	56.979
-7780	5.902	56.990
-7779	5.887	57.004
-7778	5.872	57.018
-7777	5.858	57.033
-7776	5.843	57.047
-7775	5.829	57.061
-7774	5.814	57.074
-7773	5.800	57.086
-7772	5.784	57.097
-7771	5.766	57.106
-7770	5.747	57.113
-7769	5.725	57.117
-7768	5.700	57.120
-7767	5.671	57.121
-7766	5.639	57.121
-7765	5.608	57.121
-7764	5.579	57.120
-7763	5.552	57.119
-7762	5.530	57.116
-7761	5.513	57.113
-7760	5.503	57.109
-7759	5.501	57.105
-7758	5.505	57.101
-7757	5.515	57.097
-7756	5.527	57.093
-7755	5.540	57.090
-7754	5.555	57.086
-7753	5.572	57.081
-7752	5.593	57.074
-7751	5.618	57.067
-7750	5.644	57.058
-7749	5.674	57.048
-7748	5.704	57.036
-7747	5.732	57.025
-7746	5.759	57.015
-7745	5.786	57.005
-7744	5.811	56.994
-7743	5.835	56.982
-7742	5.856	56.967
-7741	5.873	56.949
-7740	5.885	56.929
-7739	5.897	56.909
-7738	5.912	56.891
-7737	5.933	56.875
-7736	5.961	56.862
-7735	5.993	56.850
-7734	6.028	56.840
-7733	6.064	56.831
-7732	6.099	56.824
-7731	6.130	56.818
-7730	6.159	56.814
-7729	6.184	56.811
-7728	6.205	56.809
-7727	6.215	56.808
-7726	6.213	56.808
-7725	6.202	56.810
-7724	6.183	56.814
-7723	6.154	56.822
-7722	6.119	56.835
-7721	6.080	56.850
-7720	6.039	56.867
-7719	5.995	56.883
-7718	5.949	56.897
-7717	5.900	56.909
-7716	5.848	56.919
-7715	5.794	56.926
-7714	5.740	56.932
-7713	5.689	56.936
-7712	5.641	56.939
-7711	5.597	56.941
-7710	5.558	56.941
-7709	5.524	56.939
-7708	5.493	56.934
-7707	5.461	56.928
-7706	5.429	56.921
-7705	5.396	56.911
-7704	5.362	56.900
-7703	5.328	56.887
-7702	5.297	56.872
-7701	5.271	56.855
-7700	5.250	56.836
-7699	5.234	56.814
-7698	5.223	56.789
-7697	5.215	56.762
-7696	5.208	56.733
-7695	5.203	56.702
-7694	5.199	56.669
-7693	5.195	56.634
-7692	5.193	56.598
-7691	5.193	56.565
-7690	5.191	56.535
-7689	5.186	56.507
-7688	5.177	56.478
-7687	5.167	56.447
-7686	5.158	56.412
-7685	5.152	56.375
-7684	5.152	56.336
-7683	5.157	56.294
-7682	5.165	56.253
-7681	5.175	56.212
-7680	5.187	56.171
-7679	5.200	56.131
-7678	5.216	56.094
-7677	5.236	56.060
-7676	5.261	56.030
-7675	5.289	56.002
-7674	5.321	55.975
-7673	5.355	55.950
-7672	5.392	55.925
-7671	5.429	55.902
-7670	5.466	55.878
-7669	5.505	55.853
-7668	5.545	55.830
-7667	5.586	55.807
-7666	5.630	55.786
-7665	5.675	55.766
-7664	5.721	55.748
-7663	5.772	55.729
-7662	5.826	55.711
-7661	5.881	55.693
-7660	5.935	55.674
-7659	5.989	55.657
-7658	6.040	55.643
-7657	6.086	55.632
-7656	6.127	55.625
-7655	6.164	55.617
-7654	6.198	55.611
-7653	6.231	55.607
-7652	6.263	55.608
-7651	6.293	55.611
-7650	6.323	55.617
-7649	6.350	55.626
-7648	6.375	55.639
-7647	6.396	55.652
-7646	6.415	55.665
-7645	6.433	55.675
-7644	6.452	55.685
-7643	6.470	55.695
-7642	6.483	55.702
-7641	6.490	55.705
-7640	6.492	55.702
-7639	6.493	55.696
-7638	6.495	55.689
-7637	6.500	55.680
-7636	6.506	55.672
-7635	6.515	55.665
-7634	6.523	55.658
-7633	6.533	55.652
-7632	6.545	55.644
-7631	6.558	55.633
-7630	6.571	55.621
-7629	6.586	55.610
-7628	6.603	55.603
-7627	6.623	55.600
-7626	6.644	55.600
-7625	6.668	55.605
-7624	6.692	55.615
-7623	6.715	55.629
-7622	6.737	55.648
-7621	6.757	55.668
-7620	6.779	55.690
-7619	6.802	55.712
-7618	6.826	55.733
-7617	6.851	55.752
-7616	6.875	55.770
-7615	6.898	55.786
-7614	6.920	55.801
-7613	6.942	55.816
-7612	6.963	55.830
-7611	6.983	55.843
-7610	7.001	55.856
-7609	7.020	55.869
-7608	7.040	55.882
-7607	7.062	55.894
-7606	7.085	55.905
-7605	7.108	55.915
-7604	7.129	55.923
-7603	7.148	55.929
-7602	7.166	55.931
-7601	7.184	55.933
-7600	7.204	55.934
-7599	7.226	55.935
-7598	7.248	55.935
-7597	7.269	55.934
-7596	7.286	55.932
-7595	7.300	55.930
-7594	7.312	55.927
-7593	7.320	55.920
-7592	7.326	55.911
-7591	7.329	55.898
-7590	7.333	55.885
-7589	7.337	55.871
-7588	7.342	55.857
-7587	7.346	55.843
-7586	7.349	55.829
-7585	7.353	55.815
-7584	7.359	55.799
-7583	7.368	55.783
-7582	7.380	55.765
-7581	7.395	55.748
-7580	7.414	55.731
-7579	7.436	55.714
-7578	7.460	55.698
-7577	7.486	55.682
-7576	7.515	55.664
-7575	7.544	55.643
-7574	7.574	55.620
-7573	7.606	55.594
-7572	7.638	55.567
-7571	7.669	55.540
-7570	7.699	55.512
-7569	7.727	55.484
-7568	7.752	55.457
-7567	7.773	55.432
-7566	7.792	55.407
-7565	7.810	55.384
-7564	7.827	55.362
-7563	7.845	55.340
-7562	7.864	55.320
-7561	7.886	55.299
-7560	7.909	55.280
-7559	7.934	55.262
-7558	7.961	55.246
-7557	7.990	55.233
-7556	8.019	55.222
-7555	8.048	55.212
-7554	8.076	55.204
-7553	8.104	55.197
-7552	8.131	55.190
-7551	8.155	55.183
-7550	8.176	55.179
-7549	8.195	55.177
-7548	8.213	55.178
-7547	8.231	55.182
-7546	8.248	55.191
-7545	8.265	55.204
-7544	8.281	55.222
-7543	8.293	55.243
-7542	8.303	55.268
-7541	8.312	55.293
-7540	8.320	55.319
-7539	8.329	55.346
-7538	8.339	55.376
-7537	8.350	55.406
-7536	8.361	55.437
-7535	8.372	55.471
-7534	8.385	55.507
-7533	8.397	55.544
-7532	8.410	55.583
-7531	8.420	55.624
-7530	8.428	55.667
-7529	8.435	55.711
-7528	8.438	55.757
-7527	8.439	55.801
-7526	8.439	55.844
-7525	8.440	55.883
-7524	8.442	55.921
-7523	8.444	55.958
-7522	8.446	55.993
-7521	8.448	56.027
-7520	8.450	56.060
-7519	8.450	56.093
-7518	8.449	56.125
-7517	8.448	56.157
-7516	8.446	56.186
-7515	8.443	56.214
-7514	8.438	56.240
-7513	8.429	56.264
-7512	8.418	56.285
-7511	8.404	56.302
-7510	8.390	56.316
-7509	8.374	56.325
-7508	8.358	56.331
-7507	8.342	56.334
-7506	8.326	56.337
-7505	8.309	56.342
-7504	8.291	56.351
-7503	8.273	56.364
-7502	8.254	56.379
-7501	8.235	56.395
-7500	8.216	56.411
-7499	8.201	56.427
-7498	8.188	56.445
-7497	8.177	56.464
-7496	8.167	56.485
-7495	8.155	56.507
-7494	8.142	56.529
-7493	8.127	56.550
-7492	8.112	56.569
-7491	8.096	56.588
-7490	8.078	56.608
-7489	8.059	56.629
-7488	8.036	56.652
-7487	8.009	56.678
-7486	7.979	56.705
-7485	7.946	56.735
-7484	7.910	56.767
-7483	7.872	56.799
-7482	7.834	56.831
-7481	7.794	56.862
-7480	7.754	56.894
-7479	7.712	56.929
-7478	7.669	56.965
-7477	7.627	57.002
-7476	7.588	57.040
-7475	7.552	57.079
-7474	7.519	57.118
-7473	7.489	57.155
-7472	7.465	57.189
-7471	7.443	57.219
-7470	7.422	57.247
-7469	7.400	57.273
-7468	7.378	57.298
-7467	7.358	57.323
-7466	7.340	57.346
-7465	7.325	57.364
-7464	7.313	57.379
-7463	7.304	57.389
-7462	7.295	57.397
-7461	7.287	57.402
-7460	7.277	57.406
-7459	7.266	57.409
-7458	7.254	57.413
-7457	7.240	57.418
-7456	7.224	57.425
-7455	7.207	57.435
-7454	7.188	57.448
-7453	7.170	57.463
-7452	7.152	57.478
-7451	7.138	57.492
-7450	7.127	57.504
-7449	7.116	57.514
-7448	7.106	57.522
-7447	7.095	57.528
-7446	7.083	57.532
-7445	7.071	57.533
-7444	7.061	57.534
-7443	7.053	57.535
-7442	7.045	57.540
-7441	7.037	57.549
-7440	7.030	57.565
-7439	7.021	57.586
-7438	7.009	57.610
-7437	6.997	57.636
-7436	6.982	57.661
-7435	6.964	57.686
-7434	6.944	57.711
-7433	6.921	57.736
-7432	6.899	57.763
-7431	6.876	57.789
-7430	6.852	57.814
-7429	6.827	57.839
-7428	6.801	57.861
-7427	6.773	57.882
-7426	6.745	57.900
-7425	6.717	57.917
-7424	6.688	57.932
-7423	6.658	57.947
-7422	6.627	57.961
-7421	6.597	57.974
-7420	6.566	57.986
-7419	6.536	57.997
-7418	6.506	58.008
-7417	6.474	58.019
-7416	6.442	58.029
-7415	6.412	58.039
-7414	6.386	58.048
-7413	6.361	58.057
-7412	6.337	58.064
-7411	6.316	58.070
-7410	6.295	58.076
-7409	6.276	58.082
-7408	6.258	58.088
-7407	6.242	58.095
-7406	6.228	58.101
-7405	6.216	58.106
-7404	6.205	58.111
-7403	6.195	58.114
-7402	6.187	58.118
-7401	6.180	58.121
-7400	6.175	58.124
-7399	6.174	58.126
-7398	6.176	58.128
-7397	6.180	58.129
-7396	6.186	58.130
-7395	6.195	58.131
-7394	6.205	58.132
-7393	6.214	58.134
-7392	6.224	58.137
-7391	6.235	58.140
-7390	6.246	58.143
-7389	6.256	58.145
-7388	6.267	58.145
-7387	6.277	58.144
-7386	6.287	58.141
-7385	6.296	58.138
-7384	6.303	58.135
-7383	6.309	58.132
-7382	6.312	58.130
-7381	6.312	58.129
-7380	6.310	58.128
-7379	6.306	58.127
-7378	6.300	58.126
-7377	6.291	58.126
-7376	6.282	58.126
-7375	6.273	58.126
-7374	6.263	58.127
-7373	6.254	58.129
-7372	6.245	58.132
-7371	6.236	58.134
-7370	6.228	58.136
-7369	6.220	58.137
-7368	6.211	58.135
-7367	6.202	58.130
-7366	6.193	58.122
-7365	6.183	58.112
-7364	6.174	58.098
-7363	6.164	58.081
-7362	6.154	58.061
-7361	6.143	58.039
-7360	6.130	58.015
-7359	6.115	57.989
-7358	6.100	57.963
-7357	6.084	57.937
-7356	6.069	57.910
-7355	6.054	57.885
-7354	6.038	57.861
-7353	6.019	57.837
-7352	5.995	57.813
-7351	5.961	57.788
-7350	5.913	57.759
-7349	5.851	57.725
-7348	5.780	57.686
-7347	5.699	57.644
-7346	5.605	57.597
-7345	5.493	57.545
-7344	5.372	57.490
-7343	5.244	57.427
-7342	5.114	57.359
-7341	4.983	57.283
-7340	4.852	57.199
-7339	4.721	57.109
-7338	4.591	57.016
-7337	4.464	56.918
-7336	4.343	56.816
-7335	4.233	56.713
-7334	4.138	56.609
-7333	4.057	56.506
-7332	3.989	56.407
-7331	3.933	56.311
-7330	3.892	56.217
-7329	3.863	56.127
-7328	3.842	56.042
-7327	3.829	55.962
-7326	3.824	55.886
-7325	3.826	55.816
-7324	3.835	55.751
-7323	3.850	55.690
-7322	3.870	55.634
-7321	3.894	55.581
-7320	3.922	55.532
-7319	3.953	55.487
-7318	3.985	55.444
-7317	4.019	55.404
-7316	4.057	55.367
-7315	4.098	55.331
-7314	4.143	55.296
-7313	4.191	55.261
-7312	4.243	55.227
-7311	4.299	55.192
-7310	4.356	55.157
-7309	4.412	55.120
-7308	4.467	55.082
-7307	4.519	55.043
-7306	4.569	55.004
-7305	4.615	54.966
-7304	4.656	54.929
-7303	4.694	54.894
-7302	4.729	54.860
-7301	4.762	54.827
-7300	4.792	54.797
-7299	4.820	54.767
-7298	4.847	54.739
-7297	4.874	54.712
-7296	4.902	54.687
-7295	4.932	54.663
-7294	4.963	54.641
-7293	4.996	54.622
-7292	5.031	54.603
-7291	5.068	54.586
-7290	5.105	54.571
-7289	5.142	54.558
-7288	5.179	54.546
-7287	5.214	54.534
-7286	5.250	54.522
-7285	5.287	54.511
-7284	5.325	54.501
-7283	5.365	54.492
-7282	5.408	54.483
-7281	5.452	54.475
-7280	5.497	54.467
-7279	5.541	54.460
-7278	5.585	54.453
-7277	5.629	54.448
-7276	5.672	54.443
-7275	5.716	54.440
-7274	5.762	54.438
-7273	5.808	54.440
-7272	5.854	54.446
-7271	5.898	54.454
-7270	5.941	54.464
-7269	5.981	54.475
-7268	6.020	54.487
-7267	6.056	54.500
-7266	6.091	54.516
-7265	6.125	54.536
-7264	6.156	54.560
-7263	6.185	54.589
-7262	6.212	54.623
-7261	6.239	54.660
-7260	6.266	54.701
-7259	6.296	54.743
-7258	6.328	54.787
-7257	6.364	54.833
-7256	6.400	54.880
-7255	6.437	54.927
-7254	6.472	54.973
-7253	6.506	55.017
-7252	6.540	55.060
-7251	6.574	55.101
-7250	6.609	55.140
-7249	6.647	55.180
-7248	6.685	55.220
-7247	6.725	55.263
-7246	6.766	55.307
-7245	6.809	55.351
-7244	6.855	55.397
-7243	6.902	55.443
-7242	6.949	55.490
-7241	6.995	55.536
-7240	7.039	55.581
-7239	7.081	55.624
-7238	7.120	55.666
-7237	7.156	55.707
-7236	7.188	55.746
-7235	7.218	55.785
-7234	7.246	55.823
-7233	7.274	55.862
-7232	7.301	55.902
-7231	7.327	55.944
-7230	7.355	55.988
-7229	7.384	56.032
-7228	7.412	56.077
-7227	7.442	56.121
-7226	7.471	56.165
-7225	7.499	56.208
-7224	7.527	56.251
-7223	7.554	56.292
-7222	7.580	56.334
-7221	7.602	56.375
-7220	7.621	56.416
-7219	7.637	56.455
-7218	7.651	56.493
-7217	7.663	56.531
-7216	7.673	56.568
-7215	7.682	56.604
-7214	7.687	56.640
-7213	7.689	56.676
-7212	7.688	56.711
-7211	7.683	56.745
-7210	7.677	56.777
-7209	7.669	56.807
-7208	7.664	56.835
-7207	7.660	56.861
-7206	7.660	56.885
-7205	7.663	56.909
-7204	7.669	56.930
-7203	7.678	56.950
-7202	7.689	56.967
-7201	7.700	56.983
-7200	7.711	56.996
-7199	7.719	57.007
-7198	7.723	57.015
-7197	7.722	57.021
-7196	7.716	57.026
-7195	7.705	57.032
-7194	7.691	57.036
-7193	7.675	57.039
-7192	7.657	57.040
-7191	7.638	57.040
-7190	7.620	57.037
-7189	7.603	57.033
-7188	7.584	57.027
-7187	7.565	57.020
-7186	7.546	57.013
-7185	7.528	57.006
-7184	7.508	57.000
-7183	7.488	56.995
-7182	7.468	56.992
-7181	7.450	56.991
-7180	7.432	56.992
-7179	7.416	56.994
-7178	7.400	56.999
-7177	7.384	57.007
-7176	7.369	57.018
-7175	7.355	57.033
-7174	7.339	57.050
-7173	7.322	57.070
-7172	7.303	57.091
-7171	7.284	57.113
-7170	7.265	57.135
-7169	7.247	57.158
-7168	7.230	57.179
-7167	7.214	57.199
-7166	7.199	57.219
-7165	7.184	57.238
-7164	7.167	57.256
-7163	7.150	57.273
-7162	7.133	57.289
-7161	7.114	57.305
-7160	7.095	57.320
-7159	7.074	57.335
-7158	7.051	57.348
-7157	7.028	57.361
-7156	7.003	57.375
-7155	6.978	57.388
-7154	6.953	57.400
-7153	6.930	57.410
-7152	6.908	57.419
-7151	6.887	57.426
-7150	6.866	57.432
-7149	6.847	57.437
-7148	6.830	57.442
-7147	6.817	57.445
-7146	6.805	57.447
-7145	6.795	57.446
-7144	6.786	57.445
-7143	6.779	57.441
-7142	6.774	57.437
-7141	6.770	57.434
-7140	6.767	57.433
-7139	6.763	57.435
-7138	6.755	57.439
-7137	6.744	57.446
-7136	6.728	57.458
-7135	6.711	57.473
-7134	6.692	57.491
-7133	6.673	57.512
-7132	6.654	57.535
-7131	6.636	57.559
-7130	6.618	57.582
-7129	6.600	57.605
-7128	6.582	57.626
-7127	6.562	57.646
-7126	6.540	57.665
-7125	6.516	57.682
-7124	6.492	57.700
-7123	6.469	57.717
-7122	6.445	57.733
-7121	6.421	57.748
-7120	6.398	57.765
-7119	6.374	57.782
-7118	6.349	57.799
-7117	6.323	57.818
-7116	6.296	57.836
-7115	6.266	57.853
-7114	6.233	57.870
-7113	6.198	57.886
-7112	6.160	57.903
-7111	6.122	57.920
-7110	6.083	57.937
-7109	6.044	57.953
-7108	6.003	57.969
-7107	5.960	57.984
-7106	5.916	58.000
-7105	5.873	58.015
-7104	5.831	58.028
-7103	5.790	58.041
-7102	5.751	58.053
-7101	5.715	58.061
-7100	5.679	58.064
-7099	5.642	58.062
-7098	5.606	58.054
-7097	5.571	58.041
-7096	5.537	58.024
-7095	5.506	58.005
-7094	5.478	57.983
-7093	5.454	57.962
-7092	5.432	57.939
-7091	5.412	57.918
-7090	5.390	57.898
-7089	5.368	57.882
-7088	5.346	57.869
-7087	5.324	57.862
-7086	5.302	57.860
-7085	5.283	57.865
-7084	5.267	57.875
-7083	5.254	57.891
-7082	5.241	57.910
-7081	5.229	57.933
-7080	5.217	57.959
-7079	5.206	57.988
-7078	5.194	58.019
-7077	5.183	58.050
-7076	5.175	58.080
-7075	5.170	58.109
-7074	5.168	58.136
-7073	5.168	58.161
-7072	5.170	58.185
-7071	5.171	58.208
-7070	5.171	58.230
-7069	5.169	58.251
-7068	5.165	58.272
-7067	5.157	58.293
-7066	5.148	58.314
-7065	5.138	58.333
-7064	5.128	58.352
-7063	5.118	58.369
-7062	5.106	58.386
-7061	5.092	58.401
-7060	5.075	58.415
-7059	5.053	58.427
-7058	5.029	58.439
-7057	5.004	58.451
-7056	4.977	58.463
-7055	4.948	58.475
-7054	4.916	58.488
-7053	4.885	58.502
-7052	4.855	58.516
-7051	4.826	58.531
-7050	4.799	58.545
-7049	4.774	58.560
-7048	4.750	58.575
-7047	4.728	58.591
-7046	4.707	58.608
-7045	4.687	58.626
-7044	4.668	58.644
-7043	4.649	58.664
-7042	4.629	58.684
-7041	4.608	58.704
-7040	4.587	58.722
-7039	4.565	58.739
-7038	4.544	58.755
-7037	4.526	58.768
-7036	4.509	58.781
-7035	4.494	58.792
-7034	4.479	58.803
-7033	4.463	58.813
-7032	4.446	58.823
-7031	4.428	58.832
-7030	4.410	58.839
-7029	4.393	58.846
-7028	4.377	58.850
-7027	4.362	58.852
-7026	4.348	58.853
-7025	4.334	58.851
-7024	4.318	58.848
-7023	4.299	58.845
-7022	4.277	58.843
-7021	4.252	58.842
-7020	4.225	58.843
-7019	4.196	58.847
-7018	4.166	58.853
-7017	4.134	58.860
-7016	4.101	58.868
-7015	4.065	58.876
-7014	4.025	58.885
-7013	3.982	58.894
-7012	3.935	58.903
-7011	3.884	58.910
-7010	3.831	58.917
-7009	3.776	58.922
-7008	3.720	58.924
-7007	3.664	58.924
-7006	3.607	58.921
-7005	3.552	58.916
-7004	3.498	58.910
-7003	3.444	58.902
-7002	3.390	58.894
-7001	3.335	58.886
-7000	3.281	58.876
-6999	3.231	58.867
-6998	3.184	58.858
-6997	3.141	58.848
-6996	3.100	58.838
-6995	3.060	58.828
-6994	3.023	58.818
-6993	2.988	58.809
-6992	2.957	58.801
-6991	2.930	58.794
-6990	2.907	58.787
-6989	2.887	58.780
-6988	2.871	58.774
-6987	2.856	58.766
-6986	2.844	58.758
-6985	2.832	58.750
-6984	2.822	58.739
-6983	2.816	58.726
-6982	2.814	58.712
-6981	2.817	58.695
-6980	2.823	58.677
-6979	2.831	58.659
-6978	2.841	58.642
-6977	2.856	58.626
-6976	2.873	58.610
-6975	2.892	58.595
-6974	2.912	58.581
-6973	2.934	58.568
-6972	2.957	58.556
-6971	2.981	58.545
-6970	3.005	58.533
-6969	3.026	58.522
-6968	3.044	58.512
-6967	3.058	58.505
-6966	3.069	58.498
-6965	3.078	58.492
-6964	3.085	58.487
-6963	3.088	58.482
-6962	3.090	58.477
-6961	3.092	58.474
-6960	3.095	58.472
-6959	3.097	58.473
-6958	3.098	58.474
-6957	3.099	58.476
-6956	3.099	58.482
-6955	3.097	58.490
-6954	3.099	58.499
-6953	3.102	58.506
-6952	3.106	58.515
-6951	3.110	58.525
-6950	3.112	58.536
-6949	3.111	58.550
-6948	3.109	58.565
-6947	3.106	58.579
-6946	3.101	58.593
-6945	3.093	58.607
-6944	3.084	58.622
-6943	3.073	58.638
-6942	3.062	58.655
-6941	3.052	58.671
-6940	3.043	58.686
-6939	3.033	58.701
-6938	3.020	58.716
-6937	3.007	58.730
-6936	2.994	58.744
-6935	2.980	58.759
-6934	2.967	58.774
-6933	2.956	58.790
-6932	2.945	58.806
-6931	2.934	58.822
-6930	2.924	58.840
-6929	2.916	58.860
-6928	2.909	58.879
-6927	2.903	58.897
-6926	2.897	58.914
-6925	2.888	58.929
-6924	2.875	58.943
-6923	2.856	58.956
-6922	2.834	58.968
-6921	2.812	58.977
-6920	2.791	58.983
-6919	2.771	58.988
-6918	2.754	58.991
-6917	2.737	58.994
-6916	2.723	58.995
-6915	2.710	58.993
-6914	2.699	58.989
-6913	2.687	58.984
-6912	2.677	58.978
-6911	2.665	58.970
-6910	2.652	58.962
-6909	2.638	58.955
-6908	2.625	58.947
-6907	2.614	58.940
-6906	2.604	58.933
-6905	2.595	58.929
-6904	2.585	58.925
-6903	2.573	58.924
-6902	2.562	58.926
-6901	2.552	58.932
-6900	2.543	58.942
-6899	2.535	58.954
-6898	2.527	58.968
-6897	2.519	58.984
-6896	2.512	59.003
-6895	2.504	59.025
-6894	2.494	59.050
-6893	2.484	59.079
-6892	2.473	59.110
-6891	2.463	59.144
-6890	2.452	59.179
-6889	2.436	59.217
-6888	2.415	59.256
-6887	2.393	59.297
-6886	2.371	59.335
-6885	2.349	59.372
-6884	2.327	59.407
-6883	2.305	59.440
-6882	2.283	59.469
-6881	2.258	59.497
-6880	2.231	59.523
-6879	2.200	59.548
-6878	2.164	59.571
-6877	2.123	59.593
-6876	2.078	59.614
-6875	2.028	59.633
-6874	1.974	59.651
-6873	1.915	59.669
-6872	1.855	59.685
-6871	1.794	59.699
-6870	1.732	59.710
-6869	1.670	59.719
-6868	1.608	59.726
-6867	1.546	59.733
-6866	1.485	59.739
-6865	1.426	59.746
-6864	1.367	59.753
-6863	1.308	59.761
-6862	1.247	59.767
-6861	1.186	59.772
-6860	1.124	59.775
-6859	1.062	59.777
-6858	1.001	59.777
-6857	0.940	59.775
-6856	0.881	59.771
-6855	0.825	59.766
-6854	0.772	59.761
-6853	0.722	59.756
-6852	0.677	59.750
-6851	0.635	59.745
-6850	0.595	59.740
-6849	0.557	59.735
-6848	0.521	59.729
-6847	0.486	59.723
-6846	0.453	59.717
-6845	0.422	59.712
-6844	0.391	59.706
-6843	0.363	59.702
-6842	0.337	59.697
-6841	0.309	59.693
-6840	0.279	59.689
-6839	0.249	59.686
-6838	0.218	59.682
-6837	0.187	59.679
-6836	0.156	59.675
-6835	0.126	59.670
-6834	0.096	59.667
-6833	0.068	59.664
-6832	0.041	59.662
-6831	0.016	59.661
-6830	-0.004	59.660
-6829	-0.023	59.660
-6828	-0.043	59.661
-6827	-0.064	59.663
-6826	-0.087	59.664
-6825	-0.111	59.666
-6824	-0.136	59.667
-6823	-0.162	59.667
-6822	-0.191	59.665
-6821	-0.223	59.662
-6820	-0.256	59.658
-6819	-0.292	59.651
-6818	-0.329	59.643
-6817	-0.368	59.634
-6816	-0.410	59.626
-6815	-0.453	59.617
-6814	-0.497	59.609
-6813	-0.542	59.602
-6812	-0.587	59.593
-6811	-0.634	59.585
-6810	-0.682	59.578
-6809	-0.733	59.572
-6808	-0.786	59.565
-6807	-0.842	59.558
-6806	-0.902	59.550
-6805	-0.964	59.542
-6804	-1.029	59.532
-6803	-1.097	59.517
-6802	-1.164	59.500
-6801	-1.230	59.480
-6800	-1.298	59.458
-6799	-1.366	59.434
-6798	-1.436	59.409
-6797	-1.508	59.383
-6796	-1.578	59.357
-6795	-1.647	59.331
-6794	-1.712	59.305
-6793	-1.774	59.276
-6792	-1.833	59.245
-6791	-1.887	59.210
-6790	-1.936	59.175
-6789	-1.980	59.140
-6788	-2.020	59.105
-6787	-2.058	59.071
-6786	-2.094	59.036
-6785	-2.128	59.001
-6784	-2.161	58.965
-6783	-2.193	58.930
-6782	-2.228	58.898
-6781	-2.267	58.868
-6780	-2.308	58.841
-6779	-2.349	58.813
-6778	-2.393	58.786
-6777	-2.439	58.756
-6776	-2.485	58.726
-6775	-2.532	58.696
-6774	-2.581	58.664
-6773	-2.632	58.632
-6772	-2.685	58.598
-6771	-2.736	58.562
-6770	-2.786	58.523
-6769	-2.836	58.482
-6768	-2.886	58.438
-6767	-2.939	58.394
-6766	-2.997	58.348
-6765	-3.056	58.302
-6764	-3.117	58.256
-6763	-3.180	58.213
-6762	-3.247	58.172
-6761	-3.320	58.133
-6760	-3.398	58.099
-6759	-3.479	58.068
-6758	-3.564	58.038
-6757	-3.652	58.010
-6756	-3.742	57.983
-6755	-3.833	57.957
-6754	-3.921	57.931
-6753	-4.009	57.904
-6752	-4.098	57.878
-6751	-4.187	57.853
-6750	-4.277	57.829
-6749	-4.368	57.805
-6748	-4.460	57.781
-6747	-4.552	57.758
-6746	-4.643	57.733
-6745	-4.732	57.707
-6744	-4.817	57.680
-6743	-4.897	57.652
-6742	-4.973	57.623
-6741	-5.047	57.594
-6740	-5.118	57.566
-6739	-5.187	57.538
-6738	-5.256	57.509
-6737	-5.324	57.479
-6736	-5.391	57.449
-6735	-5.457	57.420
-6734	-5.521	57.393
-6733	-5.584	57.370
-6732	-5.647	57.349
-6731	-5.710	57.332
-6730	-5.772	57.320
-6729	-5.834	57.313
-6728	-5.895	57.308
-6727	-5.955	57.307
-6726	-6.014	57.309
-6725	-6.071	57.314
-6724	-6.124	57.323
-6723	-6.176	57.335
-6722	-6.229	57.351
-6721	-6.285	57.370
-6720	-6.346	57.393
-6719	-6.411	57.419
-6718	-6.478	57.447
-6717	-6.549	57.478
-6716	-6.621	57.508
-6715	-6.691	57.536
-6714	-6.760	57.562
-6713	-6.827	57.584
-6712	-6.890	57.601
-6711	-6.949	57.611
-6710	-7.001	57.615
-6709	-7.051	57.614
-6708	-7.097	57.610
-6707	-7.141	57.602
-6706	-7.182	57.592
-6705	-7.220	57.578
-6704	-7.258	57.562
-6703	-7.295	57.543
-6702	-7.334	57.525
-6701	-7.372	57.506
-6700	-7.411	57.488
-6699	-7.449	57.471
-6698	-7.490	57.453
-6697	-7.532	57.436
-6696	-7.579	57.422
-6695	-7.632	57.411
-6694	-7.693	57.405
-6693	-7.764	57.405
-6692	-7.846	57.411
-6691	-7.940	57.424
-6690	-8.045	57.443
-6689	-8.161	57.470
-6688	-8.287	57.502
-6687	-8.420	57.538
-6686	-8.557	57.573
-6685	-8.692	57.605
-6684	-8.824	57.634
-6683	-8.949	57.658
-6682	-9.066	57.681
-6681	-9.179	57.701
-6680	-9.288	57.720
-6679	-9.391	57.737
-6678	-9.487	57.755
-6677	-9.576	57.773
-6676	-9.662	57.792
-6675	-9.744	57.810
-6674	-9.823	57.829
-6673	-9.899	57.847
-6672	-9.973	57.866
-6671	-10.046	57.885
-6670	-10.120	57.904
-6669	-10.195	57.920
-6668	-10.267	57.933
-6667	-10.334	57.945
-6666	-10.394	57.957
-6665	-10.446	57.967
-6664	-10.492	57.978
-6663	-10.534	57.988
-6662	-10.573	57.999
-6661	-10.606	58.009
-6660	-10.634	58.019
-6659	-10.659	58.028
-6658	-10.685	58.037
-6657	-10.712	58.046
-6656	-10.742	58.055
-6655	-10.775	58.065
-6654	-10.810	58.076
-6653	-10.845	58.086
-6652	-10.881	58.094
-6651	-10.919	58.100
-6650	-10.958	58.102
-6649	-11.000	58.101
-6648	-11.045	58.099
-6647	-11.092	58.094
-6646	-11.141	58.089
-6645	-11.191	58.085
-6644	-11.243	58.085
-6643	-11.297	58.090
-6642	-11.352	58.098
-6641	-11.407	58.107
-6640	-11.463	58.114
-6639	-11.522	58.121
-6638	-11.583	58.125
-6637	-11.645	58.129
-6636	-11.707	58.131
-6635	-11.766	58.134
-6634	-11.823	58.138
-6633	-11.875	58.145
-6632	-11.922	58.154
-6631	-11.963	58.166
-6630	-11.999	58.180
-6629	-12.027	58.193
-6628	-12.052	58.206
-6627	-12.072	58.217
-6626	-12.089	58.227
-6625	-12.100	58.233
-6624	-12.105	58.237
-6623	-12.100	58.235
-6622	-12.088	58.227
-6621	-12.074	58.210
-6620	-12.063	58.189
-6619	-12.059	58.168
-6618	-12.059	58.149
-6617	-12.061	58.131
-6616	-12.064	58.115
-6615	-12.066	58.098
-6614	-12.071	58.081
-6613	-12.077	58.065
-6612	-12.086	58.048
-6611	-12.098	58.030
-6610	-12.113	58.011
-6609	-12.130	57.992
-6608	-12.149	57.974
-6607	-12.168	57.957
-6606	-12.189	57.942
-6605	-12.211	57.930
-6604	-12.233	57.920
-6603	-12.251	57.910
-6602	-12.265	57.900
-6601	-12.276	57.890
-6600	-12.284	57.881
-6599	-12.288	57.875
-6598	-12.289	57.874
-6597	-12.288	57.876
-6596	-12.289	57.881
-6595	-12.293	57.889
-6594	-12.299	57.898
-6593	-12.304	57.907
-6592	-12.305	57.917
-6591	-12.303	57.927
-6590	-12.298	57.937
-6589	-12.289	57.944
-6588	-12.277	57.949
-6587	-12.261	57.950
-6586	-12.241	57.949
-6585	-12.218	57.942
-6584	-12.193	57.931
-6583	-12.167	57.915
-6582	-12.140	57.894
-6581	-12.115	57.869
-6580	-12.092	57.840
-6579	-12.073	57.809
-6578	-12.057	57.777
-6577	-12.044	57.743
-6576	-12.033	57.711
-6575	-12.021	57.679
-6574	-12.007	57.647
-6573	-11.991	57.613
-6572	-11.970	57.576
-6571	-11.946	57.536
-6570	-11.918	57.496
-6569	-11.884	57.458
-6568	-11.845	57.422
-6567	-11.798	57.390
-6566	-11.746	57.362
-6565	-11.689	57.337
-6564	-11.628	57.316
-6563	-11.562	57.297
-6562	-11.493	57.279
-6561	-11.422	57.259
-6560	-11.352	57.236
-6559	-11.282	57.210
-6558	-11.212	57.183
-6557	-11.141	57.154
-6556	-11.070	57.124
-6555	-10.996	57.093
-6554	-10.919	57.064
-6553	-10.838	57.037
-6552	-10.755	57.009
-6551	-10.668	56.980
-6550	-10.579	56.952
-6549	-10.491	56.922
-6548	-10.405	56.892
-6547	-10.320	56.862
-6546	-10.237	56.831
-6545	-10.156	56.800
-6544	-10.076	56.768
-6543	-9.996	56.732
-6542	-9.915	56.692
-6541	-9.835	56.647
-6540	-9.757	56.595
-6539	-9.681	56.537
-6538	-9.606	56.475
-6537	-9.535	56.409
-6536	-9.467	56.342
-6535	-9.399	56.274
-6534	-9.330	56.204
-6533	-9.258	56.130
-6532	-9.181	56.053
-6531	-9.094	55.972
-6530	-9.000	55.889
-6529	-8.902	55.803
-6528	-8.801	55.714
-6527	-8.699	55.626
-6526	-8.600	55.539
-6525	-8.507	55.456
-6524	-8.423	55.376
-6523	-8.349	55.300
-6522	-8.287	55.233
-6521	-8.236	55.171
-6520	-8.186	55.113
-6519	-8.134	55.055
-6518	-8.078	54.998
-6517	-8.021	54.942
-6516	-7.963	54.886
-6515	-7.904	54.832
-6514	-7.848	54.780
-6513	-7.798	54.731
-6512	-7.755	54.685
-6511	-7.718	54.640
-6510	-7.682	54.595
-6509	-7.645	54.550
-6508	-7.603	54.505
-6507	-7.556	54.461
-6506	-7.506	54.419
-6505	-7.450	54.377
-6504	-7.391	54.333
-6503	-7.332	54.289
-6502	-7.276	54.247
-6501	-7.222	54.208
-6500	-7.167	54.170
-6499	-7.112	54.132
-6498	-7.057	54.094
-6497	-7.002	54.054
-6496	-6.949	54.014
-6495	-6.900	53.975
-6494	-6.854	53.936
-6493	-6.810	53.897
-6492	-6.768	53.859
-6491	-6.727	53.822
-6490	-6.686	53.785
-6489	-6.646	53.748
-6488	-6.607	53.712
-6487	-6.567	53.679
-6486	-6.527	53.645
-6485	-6.486	53.612
-6484	-6.446	53.580
-6483	-6.407	53.552
-6482	-6.369	53.525
-6481	-6.333	53.500
-6480	-6.300	53.479
-6479	-6.268	53.462
-6478	-6.240	53.448
-6477	-6.217	53.439
-6476	-6.198	53.433
-6475	-6.184	53.431
-6474	-6.175	53.430
-6473	-6.165	53.432
-6472	-6.154	53.436
-6471	-6.143	53.442
-6470	-6.132	53.447
-6469	-6.119	53.451
-6468	-6.105	53.455
-6467	-6.091	53.457
-6466	-6.076	53.457
-6465	-6.063	53.456
-6464	-6.052	53.454
-6463	-6.043	53.451
-6462	-6.037	53.447
-6461	-6.033	53.444
-6460	-6.032	53.442
-6459	-6.033	53.440
-6458	-6.036	53.436
-6457	-6.040	53.433
-6456	-6.045	53.431
-6455	-6.050	53.429
-6454	-6.055	53.429
-6453	-6.060	53.431
-6452	-6.064	53.436
-6451	-6.068	53.441
-6450	-6.072	53.447
-6449	-6.074	53.454
-6448	-6.075	53.460
-6447	-6.075	53.468
-6446	-6.075	53.477
-6445	-6.075	53.487
-6444	-6.077	53.499
-6443	-6.080	53.511
-6442	-6.086	53.524
-6441	-6.097	53.538
-6440	-6.111	53.551
-6439	-6.129	53.564
-6438	-6.149	53.577
-6437	-6.171	53.591
-6436	-6.192	53.608
-6435	-6.213	53.626
-6434	-6.233	53.646
-6433	-6.255	53.667
-6432	-6.279	53.689
-6431	-6.305	53.712
-6430	-6.332	53.736
-6429	-6.362	53.760
-6428	-6.393	53.786
-6427	-6.426	53.813
-6426	-6.458	53.841
-6425	-6.487	53.872
-6424	-6.516	53.903
-6423	-6.548	53.934
-6422	-6.583	53.964
-6421	-6.623	53.994
-6420	-6.664	54.024
-6419	-6.704	54.052
-6418	-6.746	54.079
-6417	-6.788	54.104
-6416	-6.828	54.126
-6415	-6.866	54.145
-6414	-6.899	54.158
-6413	-6.929	54.167
-6412	-6.956	54.169
-6411	-6.980	54.165
-6410	-7.001	54.153
-6409	-7.021	54.136
-6408	-7.041	54.112
-6407	-7.062	54.081
-6406	-7.083	54.044
-6405	-7.102	54.002
-6404	-7.119	53.955
-6403	-7.132	53.905
-6402	-7.141	53.851
-6401	-7.149	53.795
-6400	-7.156	53.737
-6399	-7.163	53.677
-6398	-7.167	53.616
-6397	-7.166	53.554
-6396	-7.161	53.492
-6395	-7.153	53.430
-6394	-7.140	53.370
-6393	-7.124	53.310
-6392	-7.104	53.252
-6391	-7.083	53.195
-6390	-7.058	53.138
-6389	-7.030	53.082
-6388	-7.000	53.027
-6387	-6.970	52.972
-6386	-6.940	52.918
-6385	-6.909	52.864
-6384	-6.874	52.812
-6383	-6.835	52.762
-6382	-6.791	52.712
-6381	-6.741	52.660
-6380	-6.689	52.607
-6379	-6.634	52.552
-6378	-6.577	52.495
-6377	-6.516	52.438
-6376	-6.450	52.381
-6375	-6.379	52.323
-6374	-6.305	52.266
-6373	-6.228	52.210
-6372	-6.149	52.155
-6371	-6.067	52.100
-6370	-5.983	52.046
-6369	-5.898	51.992
-6368	-5.813	51.938
-6367	-5.728	51.883
-6366	-5.642	51.827
-6365	-5.555	51.771
-6364	-5.466	51.714
-6363	-5.378	51.657
-6362	-5.292	51.599
-6361	-5.209	51.539
-6360	-5.126	51.478
-6359	-5.043	51.414
-6358	-4.962	51.352
-6357	-4.881	51.290
-6356	-4.801	51.230
-6355	-4.719	51.171
-6354	-4.637	51.115
-6353	-4.554	51.061
-6352	-4.470	51.008
-6351	-4.385	50.953
-6350	-4.299	50.898
-6349	-4.214	50.844
-6348	-4.128	50.793
-6347	-4.043	50.747
-6346	-3.959	50.707
-6345	-3.876	50.674
-6344	-3.794	50.645
-6343	-3.712	50.618
-6342	-3.633	50.593
-6341	-3.555	50.570
-6340	-3.479	50.550
-6339	-3.405	50.532
-6338	-3.332	50.515
-6337	-3.261	50.498
-6336	-3.192	50.478
-6335	-3.125	50.457
-6334	-3.063	50.437
-6333	-3.004	50.417
-6332	-2.949	50.399
-6331	-2.895	50.382
-6330	-2.843	50.368
-6329	-2.796	50.357
-6328	-2.751	50.349
-6327	-2.705	50.344
-6326	-2.657	50.339
-6325	-2.607	50.335
-6324	-2.560	50.327
-6323	-2.516	50.320
-6322	-2.472	50.313
-6321	-2.425	50.307
-6320	-2.379	50.300
-6319	-2.333	50.289
-6318	-2.287	50.273
-6317	-2.239	50.250
-6316	-2.191	50.221
-6315	-2.139	50.188
-6314	-2.083	50.153
-6313	-2.025	50.119
-6312	-1.964	50.085
-6311	-1.901	50.052
-6310	-1.837	50.021
-6309	-1.772	49.993
-6308	-1.704	49.967
-6307	-1.634	49.943
-6306	-1.562	49.920
-6305	-1.487	49.896
-6304	-1.408	49.870
-6303	-1.327	49.842
-6302	-1.242	49.808
-6301	-1.154	49.769
-6300	-1.064	49.726
-6299	-0.969	49.678
-6298	-0.873	49.629
-6297	-0.781	49.587
-6296	-0.695	49.555
-6295	-0.616	49.530
-6294	-0.544	49.511
-6293	-0.476	49.496
-6292	-0.412	49.488
-6291	-0.354	49.489
-6290	-0.298	49.500
-6289	-0.247	49.519
-6288	-0.199	49.546
-6287	-0.155	49.577
-6286	-0.114	49.610
-6285	-0.076	49.643
-6284	-0.042	49.672
-6283	-0.010	49.697
-6282	0.020	49.718
-6281	0.049	49.736
-6280	0.077	49.749
-6279	0.105	49.758
-6278	0.130	49.765
-6277	0.152	49.771
-6276	0.174	49.778
-6275	0.195	49.785
-6274	0.213	49.792
-6273	0.230	49.797
-6272	0.245	49.803
-6271	0.258	49.809
-6270	0.268	49.817
-6269	0.275	49.823
-6268	0.279	49.829
-6267	0.279	49.834
-6266	0.276	49.838
-6265	0.273	49.840
-6264	0.272	49.838
-6263	0.272	49.832
-6262	0.273	49.824
-6261	0.275	49.816
-6260	0.280	49.808
-6259	0.288	49.801
-6258	0.298	49.794
-6257	0.310	49.788
-6256	0.323	49.784
-6255	0.335	49.783
-6254	0.346	49.782
-6253	0.358	49.780
-6252	0.370	49.776
-6251	0.382	49.771
-6250	0.398	49.766
-6249	0.415	49.761
-6248	0.432	49.755
-6247	0.449	49.749
-6246	0.464	49.743
-6245	0.477	49.739
-6244	0.488	49.736
-6243	0.496	49.732
-6242	0.500	49.727
-6241	0.501	49.720
-6240	0.499	49.712
-6239	0.493	49.703
-6238	0.484	49.694
-6237	0.471	49.688
-6236	0.458	49.681
-6235	0.446	49.675
-6234	0.436	49.667
-6233	0.430	49.659
-6232	0.424	49.651
-6231	0.419	49.644
-6230	0.415	49.638
-6229	0.413	49.633
-6228	0.416	49.626
-6227	0.422	49.615
-6226	0.429	49.602
-6225	0.437	49.587
-6224	0.445	49.571
-6223	0.456	49.554
-6222	0.468	49.537
-6221	0.481	49.522
-6220	0.496	49.509
-6219	0.511	49.500
-6218	0.526	49.495
-6217	0.540	49.494
-6216	0.552	49.493
-6215	0.565	49.490
-6214	0.579	49.484
-6213	0.593	49.474
-6212	0.606	49.464
-6211	0.617	49.452
-6210	0.629	49.440
-6209	0.640	49.430
-6208	0.650	49.422
-6207	0.661	49.414
-6206	0.673	49.405
-6205	0.688	49.393
-6204	0.704	49.383
-6203	0.721	49.372
-6202	0.741	49.359
-6201	0.764	49.346
-6200	0.788	49.336
-6199	0.813	49.326
-6198	0.838	49.320
-6197	0.862	49.317
-6196	0.885	49.316
-6195	0.905	49.317
-6194	0.923	49.319
-6193	0.941	49.319
-6192	0.959	49.321
-6191	0.977	49.326
-6190	0.994	49.333
-6189	1.011	49.343
-6188	1.026	49.352
-6187	1.040	49.362
-6186	1.053	49.371
-6185	1.068	49.379
-6184	1.086	49.383
-6183	1.107	49.382
-6182	1.132	49.378
-6181	1.162	49.370
-6180	1.196	49.362
-6179	1.233	49.353
-6178	1.273	49.344
-6177	1.315	49.335
-6176	1.357	49.325
-6175	1.398	49.314
-6174	1.437	49.300
-6173	1.476	49.282
-6172	1.516	49.262
-6171	1.557	49.244
-6170	1.601	49.231
-6169	1.646	49.221
-6168	1.691	49.215
-6167	1.735	49.209
-6166	1.779	49.204
-6165	1.824	49.199
-6164	1.872	49.195
-6163	1.919	49.191
-6162	1.965	49.188
-6161	2.011	49.185
-6160	2.055	49.184
-6159	2.099	49.184
-6158	2.143	49.184
-6157	2.184	49.183
-6156	2.224	49.185
-6155	2.261	49.190
-6154	2.297	49.199
-6153	2.332	49.209
-6152	2.367	49.223
-6151	2.401	49.238
-6150	2.436	49.254
-6149	2.471	49.270
-6148	2.506	49.289
-6147	2.541	49.308
-6146	2.575	49.326
-6145	2.607	49.344
-6144	2.638	49.363
-6143	2.665	49.382
-6142	2.690	49.402
-6141	2.713	49.422
-6140	2.735	49.442
-6139	2.756	49.461
-6138	2.773	49.481
-6137	2.786	49.503
-6136	2.794	49.528
-6135	2.796	49.555
-6134	2.791	49.582
-6133	2.781	49.608
-6132	2.770	49.633
-6131	2.759	49.656
-6130	2.748	49.677
-6129	2.737	49.695
-6128	2.727	49.711
-6127	2.716	49.725
-6126	2.707	49.739
-6125	2.701	49.752
-6124	2.698	49.766
-6123	2.695	49.780
-6122	2.693	49.794
-6121	2.690	49.810
-6120	2.688	49.826
-6119	2.688	49.841
-6118	2.687	49.855
-6117	2.685	49.869
-6116	2.682	49.881
-6115	2.678	49.892
-6114	2.672	49.901
-6113	2.665	49.909
-6112	2.657	49.916
-6111	2.649	49.923
-6110	2.640	49.931
-6109	2.634	49.937
-6108	2.630	49.943
-6107	2.627	49.949
-6106	2.623	49.955
-6105	2.617	49.960
-6104	2.610	49.965
-6103	2.600	49.970
-6102	2.590	49.974
-6101	2.580	49.979
-6100	2.570	49.984
-6099	2.559	49.989
-6098	2.548	49.993
-6097	2.537	49.998
-6096	2.526	50.003
-6095	2.514	50.011
-6094	2.501	50.021
-6093	2.488	50.032
-6092	2.474	50.045
-6091	2.460	50.060
-6090	2.446	50.075
-6089	2.431	50.093
-6088	2.416	50.111
-6087	2.402	50.130
-6086	2.392	50.148
-6085	2.385	50.165
-6084	2.380	50.182
-6083	2.378	50.198
-6082	2.377	50.214
-6081	2.377	50.232
-6080	2.376	50.250
-6079	2.375	50.269
-6078	2.375	50.287
-6077	2.375	50.303
-6076	2.375	50.319
-6075	2.375	50.335
-6074	2.373	50.350
-6073	2.367	50.365
-6072	2.359	50.379
-6071	2.349	50.391
-6070	2.339	50.401
-6069	2.331	50.410
-6068	2.323	50.416
-6067	2.316	50.421
-6066	2.309	50.425
-6065	2.302	50.429
-6064	2.297	50.432
-6063	2.292	50.434
-6062	2.289	50.437
-6061	2.284	50.441
-6060	2.280	50.446
-6059	2.275	50.453
-6058	2.270	50.460
-6057	2.264	50.469
-6056	2.257	50.478
-6055	2.248	50.488
-6054	2.238	50.498
-6053	2.229	50.509
-6052	2.218	50.520
-6051	2.208	50.529
-6050	2.199	50.538
-6049	2.190	50.546
-6048	2.183	50.554
-6047	2.176	50.561
-6046	2.168	50.568
-6045	2.160	50.575
-6044	2.150	50.583
-6043	2.140	50.591
-6042	2.130	50.599
-6041	2.118	50.608
-6040	2.105	50.617
-6039	2.091	50.626
-6038	2.077	50.636
-6037	2.064	50.646
-6036	2.051	50.657
-6035	2.040	50.670
-6034	2.030	50.683
-6033	2.021	50.696
-6032	2.014	50.707
-6031	2.008	50.717
-6030	2.004	50.726
-6029	2.001	50.736
-6028	2.000	50.747
-6027	1.999	50.758
-6026	1.999	50.771
-6025	2.002	50.783
-6024	2.005	50.797
-6023	2.010	50.812
-6022	2.018	50.827
-6021	2.027	50.840
-6020	2.039	50.852
-6019	2.053	50.862
-6018	2.071	50.869
-6017	2.090	50.875
-6016	2.111	50.880
-6015	2.132	50.883
-6014	2.154	50.887
-6013	2.175	50.890
-6012	2.197	50.893
-6011	2.219	50.897
-6010	2.242	50.902
-6009	2.264	50.906
-6008	2.286	50.909
-6007	2.306	50.912
-6006	2.325	50.914
-6005	2.344	50.916
-6004	2.361	50.917
-6003	2.378	50.919
-6002	2.395	50.920
-6001	2.414	50.920
-6000	2.433	50.921
-5999	2.449	50.922
-5998	2.462	50.924
-5997	2.474	50.927
-5996	2.483	50.932
-5995	2.488	50.937
-5994	2.489	50.942
-5993	2.487	50.948
-5992	2.483	50.956
-5991	2.479	50.962
-5990	2.475	50.969
-5989	2.472	50.976
-5988	2.470	50.981
-5987	2.470	50.987
-5986	2.471	50.992
-5985	2.472	50.996
-5984	2.475	50.998
-5983	2.478	51.000
-5982	2.482	51.003
-5981	2.488	51.008
-5980	2.498	51.013
-5979	2.510	51.019
-5978	2.523	51.025
-5977	2.536	51.033
-5976	2.548	51.042
-5975	2.559	51.052
-5974	2.569	51.065
-5973	2.581	51.079
-5972	2.591	51.095
-5971	2.601	51.111
-5970	2.610	51.127
-5969	2.618	51.144
-5968	2.624	51.162
-5967	2.629	51.182
-5966	2.632	51.202
-5965	2.633	51.224
-5964	2.633	51.247
-5963	2.633	51.268
-5962	2.636	51.289
-5961	2.642	51.308
-5960	2.648	51.326
-5959	2.655	51.342
-5958	2.664	51.354
-5957	2.676	51.362
-5956	2.689	51.367
-5955	2.705	51.368
-5954	2.723	51.368
-5953	2.743	51.368
-5952	2.764	51.367
-5951	2.786	51.368
-5950	2.806	51.369
-5949	2.825	51.370
-5948	2.843	51.372
-5947	2.863	51.373
-5946	2.883	51.376
-5945	2.907	51.381
-5944	2.933	51.389
-5943	2.964	51.399
-5942	3.000	51.410
-5941	3.038	51.422
-5940	3.077	51.436
-5939	3.117	51.449
-5938	3.160	51.464
-5937	3.205	51.479
-5936	3.251	51.496
-5935	3.296	51.517
-5934	3.340	51.541
-5933	3.380	51.570
-5932	3.418	51.604
-5931	3.454	51.642
-5930	3.489	51.683
-5929	3.520	51.726
-5928	3.548	51.771
-5927	3.573	51.817
-5926	3.595	51.866
-5925	3.615	51.916
-5924	3.632	51.966
-5923	3.646	52.016
-5922	3.657	52.066
-5921	3.665	52.115
-5920	3.673	52.164
-5919	3.683	52.215
-5918	3.696	52.267
-5917	3.713	52.320
-5916	3.732	52.374
-5915	3.754	52.430
-5914	3.777	52.486
-5913	3.801	52.543
-5912	3.825	52.599
-5911	3.848	52.654
-5910	3.870	52.708
-5909	3.890	52.762
-5908	3.910	52.814
-5907	3.930	52.864
-5906	3.948	52.913
-5905	3.963	52.961
-5904	3.972	53.007
-5903	3.976	53.053
-5902	3.974	53.099
-5901	3.969	53.146
-5900	3.961	53.192
-5899	3.950	53.236
-5898	3.936	53.278
-5897	3.920	53.318
-5896	3.904	53.357
-5895	3.884	53.396
-5894	3.859	53.435
-5893	3.829	53.476
-5892	3.797	53.517
-5891	3.764	53.558
-5890	3.728	53.600
-5889	3.689	53.641
-5888	3.645	53.682
-5887	3.597	53.723
-5886	3.546	53.765
-5885	3.493	53.806
-5884	3.439	53.847
-5883	3.386	53.888
-5882	3.333	53.928
-5881	3.279	53.966
-5880	3.225	54.003
-5879	3.168	54.039
-5878	3.108	54.073
-5877	3.047	54.104
-5876	2.984	54.133
-5875	2.921	54.160
-5874	2.855	54.186
-5873	2.789	54.213
-5872	2.724	54.240
-5871	2.661	54.266
-5870	2.600	54.291
-5869	2.541	54.316
-5868	2.486	54.339
-5867	2.434	54.364
-5866	2.383	54.389
-5865	2.333	54.415
-5864	2.284	54.440
-5863	2.238	54.465
-5862	2.193	54.488
-5861	2.150	54.510
-5860	2.110	54.531
-5859	2.074	54.550
-5858	2.041	54.568
-5857	2.011	54.585
-5856	1.986	54.601
-5855	1.967	54.617
-5854	1.951	54.633
-5853	1.937	54.648
-5852	1.927	54.661
-5851	1.921	54.672
-5850	1.919	54.681
-5849	1.918	54.688
-5848	1.916	54.695
-5847	1.914	54.701
-5846	1.911	54.707
-5845	1.907	54.712
-5844	1.902	54.716
-5843	1.897	54.721
-5842	1.894	54.728
-5841	1.892	54.738
-5840	1.888	54.753
-5839	1.882	54.773
-5838	1.875	54.795
-5837	1.868	54.819
-5836	1.863	54.844
-5835	1.857	54.873
-5834	1.849	54.905
-5833	1.840	54.938
-5832	1.831	54.971
-5831	1.820	55.007
-5830	1.808	55.046
-5829	1.794	55.085
-5828	1.779	55.123
-5827	1.762	55.157
-5826	1.745	55.187
-5825	1.730	55.210
-5824	1.717	55.228
-5823	1.704	55.246
-5822	1.690	55.264
-5821	1.675	55.283
-5820	1.657	55.302
-5819	1.637	55.323
-5818	1.614	55.343
-5817	1.589	55.360
-5816	1.563	55.376
-5815	1.535	55.390
-5814	1.506	55.403
-5813	1.476	55.414
-5812	1.442	55.424
-5811	1.404	55.433
-5810	1.369	55.440
-5809	1.338	55.447
-5808	1.311	55.456
-5807	1.287	55.465
-5806	1.266	55.475
-5805	1.247	55.484
-5804	1.232	55.495
-5803	1.222	55.506
-5802	1.214	55.520
-5801	1.206	55.533
-5800	1.196	55.545
-5799	1.185	55.555
-5798	1.174	55.562
-5797	1.162	55.565
-5796	1.150	55.564
-5795	1.135	55.556
-5794	1.117	55.543
-5793	1.095	55.524
-5792	1.071	55.501
-5791	1.043	55.475
-5790	1.013	55.447
-5789	0.978	55.418
-5788	0.939	55.389
-5787	0.899	55.356
-5786	0.856	55.320
-5785	0.810	55.281
-5784	0.765	55.239
-5783	0.722	55.195
-5782	0.679	55.151
-5781	0.638	55.107
-5780	0.599	55.066
-5779	0.560	55.026
-5778	0.523	54.987
-5777	0.488	54.950
-5776	0.455	54.916
-5775	0.426	54.884
-5774	0.402	54.852
-5773	0.381	54.820
-5772	0.362	54.784
-5771	0.344	54.746
-5770	0.327	54.706
-5769	0.315	54.664
-5768	0.307	54.624
-5767	0.302	54.585
-5766	0.301	54.549
-5765	0.301	54.514
-5764	0.302	54.481
-5763	0.304	54.449
-5762	0.307	54.418
-5761	0.311	54.389
-5760	0.315	54.361
-5759	0.318	54.335
-5758	0.320	54.307
-5757	0.321	54.280
-5756	0.318	54.252
-5755	0.313	54.222
-5754	0.305	54.192
-5753	0.297	54.163
-5752	0.289	54.135
-5751	0.280	54.107
-5750	0.272	54.078
-5749	0.265	54.047
-5748	0.258	54.012
-5747	0.253	53.975
-5746	0.253	53.938
-5745	0.256	53.903
-5744	0.262	53.871
-5743	0.269	53.840
-5742	0.279	53.810
-5741	0.289	53.781
-5740	0.300	53.751
-5739	0.313	53.721
-5738	0.328	53.692
-5737	0.341	53.664
-5736	0.353	53.635
-5735	0.364	53.607
-5734	0.374	53.578
-5733	0.384	53.550
-5732	0.390	53.522
-5731	0.393	53.495
-5730	0.390	53.467
-5729	0.383	53.439
-5728	0.372	53.411
-5727	0.359	53.379
-5726	0.344	53.346
-5725	0.326	53.310
-5724	0.308	53.272
-5723	0.289	53.234
-5722	0.270	53.195
-5721	0.251	53.154
-5720	0.232	53.112
-5719	0.215	53.068
-5718	0.200	53.026
-5717	0.185	52.985
-5716	0.172	52.945
-5715	0.162	52.907
-5714	0.156	52.870
-5713	0.154	52.835
-5712	0.154	52.803
-5711	0.158	52.773
-5710	0.165	52.747
-5709	0.174	52.722
-5708	0.184	52.699
-5707	0.196	52.675
-5706	0.209	52.652
-5705	0.226	52.631
-5704	0.247	52.612
-5703	0.273	52.596
-5702	0.304	52.581
-5701	0.338	52.567
-5700	0.372	52.553
-5699	0.407	52.542
-5698	0.443	52.531
-5697	0.479	52.522
-5696	0.513	52.514
-5695	0.545	52.506
-5694	0.576	52.499
-5693	0.605	52.494
-5692	0.632	52.491
-5691	0.657	52.488
-5690	0.681	52.486
-5689	0.706	52.486
-5688	0.730	52.488
-5687	0.752	52.491
-5686	0.770	52.496
-5685	0.785	52.502
-5684	0.797	52.508
-5683	0.808	52.515
-5682	0.819	52.522
-5681	0.831	52.529
-5680	0.842	52.536
-5679	0.853	52.543
-5678	0.869	52.552
-5677	0.890	52.561
-5676	0.914	52.568
-5675	0.939	52.571
-5674	0.966	52.572
-5673	0.994	52.573
-5672	1.022	52.569
-5671	1.047	52.562
-5670	1.069	52.551
-5669	1.090	52.538
-5668	1.108	52.524
-5667	1.125	52.509
-5666	1.141	52.493
-5665	1.156	52.476
-5664	1.170	52.460
-5663	1.185	52.445
-5662	1.198	52.430
-5661	1.208	52.416
-5660	1.218	52.403
-5659	1.230	52.392
-5658	1.246	52.382
-5657	1.264	52.373
-5656	1.282	52.361
-5655	1.299	52.348
-5654	1.315	52.332
-5653	1.330	52.314
-5652	1.345	52.295
-5651	1.364	52.274
-5650	1.386	52.253
-5649	1.410	52.233
-5648	1.435	52.215
-5647	1.464	52.198
-5646	1.497	52.183
-5645	1.532	52.171
-5644	1.567	52.161
-5643	1.601	52.155
-5642	1.636	52.153
-5641	1.673	52.156
-5640	1.710	52.163
-5639	1.750	52.173
-5638	1.790	52.186
-5637	1.831	52.201
-5636	1.872	52.218
-5635	1.912	52.236
-5634	1.949	52.255
-5633	1.981	52.274
-5632	2.009	52.293
-5631	2.034	52.312
-5630	2.056	52.332
-5629	2.077	52.351
-5628	2.099	52.368
-5627	2.120	52.385
-5626	2.140	52.400
-5625	2.160	52.414
-5624	2.178	52.427
-5623	2.196	52.440
-5622	2.213	52.452
-5621	2.230	52.464
-5620	2.247	52.477
-5619	2.262	52.490
-5618	2.277	52.505
-5617	2.292	52.521
-5616	2.306	52.539
-5615	2.320	52.559
-5614	2.332	52.580
-5613	2.342	52.603
-5612	2.352	52.626
-5611	2.363	52.648
-5610	2.375	52.672
-5609	2.390	52.696
-5608	2.406	52.720
-5607	2.426	52.745
-5606	2.447	52.771
-5605	2.469	52.799
-5604	2.492	52.826
-5603	2.517	52.854
-5602	2.541	52.884
-5601	2.565	52.914
-5600	2.589	52.944
-5599	2.613	52.973
-5598	2.639	53.000
-5597	2.666	53.027
-5596	2.693	53.054
-5595	2.721	53.081
-5594	2.748	53.107
-5593	2.774	53.132
-5592	2.799	53.156
-5591	2.822	53.181
-5590	2.842	53.205
-5589	2.857	53.230
-5588	2.870	53.254
-5587	2.881	53.277
-5586	2.889	53.300
-5585	2.894	53.323
-5584	2.897	53.346
-5583	2.896	53.370
-5582	2.891	53.395
-5581	2.881	53.422
-5580	2.869	53.448
-5579	2.856	53.473
-5578	2.842	53.495
-5577	2.828	53.514
-5576	2.813	53.532
-5575	2.797	53.551
-5574	2.781	53.569
-5573	2.767	53.587
-5572	2.754	53.606
-5571	2.745	53.625
-5570	2.738	53.644
-5569	2.734	53.664
-5568	2.732	53.682
-5567	2.730	53.699
-5566	2.729	53.715
-5565	2.728	53.731
-5564	2.725	53.748
-5563	2.723	53.765
-5562	2.722	53.782
-5561	2.720	53.801
-5560	2.720	53.822
-5559	2.721	53.846
-5558	2.723	53.871
-5557	2.725	53.899
-5556	2.727	53.927
-5555	2.728	53.956
-5554	2.726	53.987
-5553	2.719	54.019
-5552	2.710	54.052
-5551	2.702	54.083
-5550	2.694	54.115
-5549	2.686	54.148
-5548	2.677	54.181
-5547	2.667	54.216
-5546	2.656	54.249
-5545	2.645	54.280
-5544	2.630	54.311
-5543	2.613	54.342
-5542	2.594	54.374
-5541	2.573	54.406
-5540	2.549	54.438
-5539	2.524	54.472
-5538	2.501	54.506
-5537	2.478	54.539
-5536	2.457	54.571
-5535	2.436	54.601
-5534	2.414	54.629
-5533	2.392	54.655
-5532	2.368	54.680
-5531	2.342	54.703
-5530	2.314	54.724
-5529	2.284	54.745
-5528	2.255	54.767
-5527	2.227	54.788
-5526	2.200	54.809
-5525	2.174	54.828
-5524	2.149	54.847
-5523	2.122	54.865
-5522	2.092	54.883
-5521	2.061	54.902
-5520	2.031	54.923
-5519	2.003	54.944
-5518	1.978	54.966
-5517	1.959	54.990
-5516	1.943	55.015
-5515	1.929	55.042
-5514	1.917	55.068
-5513	1.905	55.095
-5512	1.893	55.122
-5511	1.882	55.148
-5510	1.871	55.175
-5509	1.859	55.202
-5508	1.848	55.231
-5507	1.833	55.259
-5506	1.816	55.287
-5505	1.796	55.317
-5504	1.774	55.349
-5503	1.752	55.382
-5502	1.727	55.417
-5501	1.701	55.454
-5500	1.674	55.493
-5499	1.646	55.531
-5498	1.616	55.569
-5497	1.585	55.607
-5496	1.554	55.643
-5495	1.525	55.677
-5494	1.497	55.711
-5493	1.467	55.745
-5492	1.437	55.780
-5491	1.406	55.817
-5490	1.376	55.856
-5489	1.348	55.897
-5488	1.322	55.938
-5487	1.296	55.978
-5486	1.270	56.017
-5485	1.243	56.055
-5484	1.213	56.091
-5483	1.184	56.125
-5482	1.155	56.156
-5481	1.128	56.185
-5480	1.099	56.214
-5479	1.067	56.245
-5478	1.034	56.277
-5477	1.002	56.312
-5476	0.970	56.349
-5475	0.941	56.387
-5474	0.916	56.424
-5473	0.893	56.460
-5472	0.873	56.493
-5471	0.856	56.524
-5470	0.840	56.552
-5469	0.826	56.577
-5468	0.814	56.601
-5467	0.803	56.623
-5466	0.794	56.644
-5465	0.788	56.663
-5464	0.785	56.681
-5463	0.784	56.696
-5462	0.786	56.708
-5461	0.788	56.717
-5460	0.790	56.725
-5459	0.791	56.731
-5458	0.791	56.736
-5457	0.791	56.741
-5456	0.792	56.746
-5455	0.795	56.751
-5454	0.799	56.757
-5453	0.806	56.763
-5452	0.815	56.770
-5451	0.826	56.776
-5450	0.838	56.782
-5449	0.850	56.789
-5448	0.861	56.796
-5447	0.871	56.805
-5446	0.880	56.815
-5445	0.888	56.826
-5444	0.897	56.837
-5443	0.906	56.847
-5442	0.915	56.856
-5441	0.926	56.865
-5440	0.937	56.874
-5439	0.948	56.883
-5438	0.960	56.892
-5437	0.971	56.901
-5436	0.983	56.910
-5435	0.995	56.919
-5434	1.006	56.927
-5433	1.016	56.934
-5432	1.024	56.940
-5431	1.033	56.944
-5430	1.042	56.947
-5429	1.050	56.948
-5428	1.058	56.948
-5427	1.069	56.945
-5426	1.083	56.940
-5425	1.100	56.931
-5424	1.121	56.919
-5423	1.142	56.905
-5422	1.163	56.890
-5421	1.178	56.876
-5420	1.188	56.863
-5419	1.192	56.854
-5418	1.192	56.847
-5417	1.188	56.843
-5416	1.183	56.841
-5415	1.179	56.840
-5414	1.176	56.840
-5413	1.174	56.840
-5412	1.174	56.842
-5411	1.175	56.847
-5410	1.176	56.856
-5409	1.179	56.867
-5408	1.184	56.879
-5407	1.192	56.892
-5406	1.204	56.904
-5405	1.217	56.917
-5404	1.230	56.930
-5403	1.242	56.945
-5402	1.253	56.962
-5401	1.263	56.979
-5400	1.274	56.996
-5399	1.283	57.012
-5398	1.290	57.028
-5397	1.295	57.043
-5396	1.297	57.058
-5395	1.295	57.071
-5394	1.290	57.084
-5393	1.282	57.095
-5392	1.273	57.104
-5391	1.261	57.112
-5390	1.246	57.119
-5389	1.231	57.124
-5388	1.217	57.128
-5387	1.205	57.132
-5386	1.194	57.136
-5385	1.185	57.140
-5384	1.176	57.144
-5383	1.166	57.147
-5382	1.155	57.151
-5381	1.145	57.154
-5380	1.135	57.157
-5379	1.128	57.160
-5378	1.123	57.162
-5377	1.121	57.166
-5376	1.120	57.170
-5375	1.121	57.174
-5374	1.121	57.179
-5373	1.120	57.184
-5372	1.118	57.190
-5371	1.117	57.197
-5370	1.116	57.206
-5369	1.116	57.215
-5368	1.118	57.226
-5367	1.122	57.239
-5366	1.127	57.254
-5365	1.134	57.269
-5364	1.143	57.284
-5363	1.153	57.300
-5362	1.163	57.317
-5361	1.171	57.335
-5360	1.180	57.353
-5359	1.188	57.370
-5358	1.194	57.386
-5357	1.200	57.400
-5356	1.205	57.411
-5355	1.210	57.421
-5354	1.215	57.430
-5353	1.220	57.439
-5352	1.223	57.447
-5351	1.227	57.455
-5350	1.230	57.462
-5349	1.232	57.470
-5348	1.235	57.478
-5347	1.240	57.487
-5346	1.248	57.496
-5345	1.257	57.504
-5344	1.268	57.511
-5343	1.282	57.518
-5342	1.298	57.524
-5341	1.316	57.529
-5340	1.334	57.534
-5339	1.353	57.538
-5338	1.371	57.543
-5337	1.386	57.547
-5336	1.399	57.552
-5335	1.411	57.558
-5334	1.420	57.565
-5333	1.428	57.574
-5332	1.432	57.585
-5331	1.432	57.598
-5330	1.427	57.611
-5329	1.418	57.625
-5328	1.403	57.637
-5327	1.384	57.649
-5326	1.363	57.661
-5325	1.340	57.671
-5324	1.315	57.681
-5323	1.286	57.692
-5322	1.256	57.702
-5321	1.223	57.715
-5320	1.189	57.729
-5319	1.152	57.744
-5318	1.115	57.760
-5317	1.080	57.779
-5316	1.048	57.799
-5315	1.017	57.822
-5314	0.990	57.846
-5313	0.963	57.873
-5312	0.937	57.901
-5311	0.913	57.931
-5310	0.889	57.961
-5309	0.865	57.994
-5308	0.840	58.028
-5307	0.817	58.064
-5306	0.797	58.101
-5305	0.779	58.140
-5304	0.762	58.180
-5303	0.744	58.221
-5302	0.726	58.261
-5301	0.707	58.301
-5300	0.686	58.340
-5299	0.664	58.379
-5298	0.642	58.415
-5297	0.619	58.450
-5296	0.593	58.483
-5295	0.565	58.513
-5294	0.536	58.540
-5293	0.507	58.565
-5292	0.479	58.588
-5291	0.453	58.608
-5290	0.429	58.627
-5289	0.407	58.645
-5288	0.389	58.663
-5287	0.375	58.682
-5286	0.364	58.702
-5285	0.356	58.722
-5284	0.349	58.740
-5283	0.344	58.758
-5282	0.339	58.776
-5281	0.334	58.794
-5280	0.326	58.811
-5279	0.320	58.828
-5278	0.314	58.845
-5277	0.311	58.861
-5276	0.308	58.876
-5275	0.305	58.890
-5274	0.305	58.903
-5273	0.309	58.916
-5272	0.316	58.929
-5271	0.328	58.942
-5270	0.344	58.955
-5269	0.364	58.968
-5268	0.388	58.981
-5267	0.414	58.994
-5266	0.442	59.004
-5265	0.470	59.011
-5264	0.497	59.013
-5263	0.523	59.012
-5262	0.546	59.009
-5261	0.568	59.003
-5260	0.587	58.996
-5259	0.607	58.988
-5258	0.627	58.979
-5257	0.651	58.970
-5256	0.677	58.960
-5255	0.705	58.947
-5254	0.736	58.932
-5253	0.770	58.915
-5252	0.807	58.894
-5251	0.845	58.872
-5250	0.882	58.849
-5249	0.917	58.826
-5248	0.950	58.802
-5247	0.983	58.779
-5246	1.015	58.756
-5245	1.045	58.733
-5244	1.073	58.711
-5243	1.099	58.690
-5242	1.125	58.669
-5241	1.152	58.651
-5240	1.177	58.636
-5239	1.199	58.621
-5238	1.217	58.606
-5237	1.230	58.591
-5236	1.239	58.579
-5235	1.243	58.568
-5234	1.244	58.562
-5233	1.243	58.560
-5232	1.243	58.564
-5231	1.245	58.570
-5230	1.244	58.578
-5229	1.238	58.584
-5228	1.228	58.590
-5227	1.219	58.595
-5226	1.211	58.599
-5225	1.202	58.601
-5224	1.191	58.601
-5223	1.176	58.599
-5222	1.159	58.595
-5221	1.138	58.588
-5220	1.114	58.580
-5219	1.092	58.570
-5218	1.072	58.558
-5217	1.052	58.544
-5216	1.033	58.529
-5215	1.014	58.514
-5214	0.996	58.501
-5213	0.981	58.490
-5212	0.968	58.483
-5211	0.957	58.479
-5210	0.949	58.478
-5209	0.943	58.479
-5208	0.941	58.482
-5207	0.942	58.488
-5206	0.945	58.498
-5205	0.948	58.511
-5204	0.952	58.529
-5203	0.954	58.548
-5202	0.953	58.569
-5201	0.949	58.591
-5200	0.941	58.612
-5199	0.928	58.633
-5198	0.909	58.652
-5197	0.885	58.667
-5196	0.858	58.679
-5195	0.828	58.689
-5194	0.797	58.699
-5193	0.764	58.707
-5192	0.732	58.716
-5191	0.699	58.726
-5190	0.667	58.738
-5189	0.634	58.752
-5188	0.602	58.767
-5187	0.571	58.783
-5186	0.539	58.801
-5185	0.509	58.818
-5184	0.481	58.835
-5183	0.457	58.850
-5182	0.436	58.863
-5181	0.418	58.875
-5180	0.402	58.886
-5179	0.386	58.897
-5178	0.371	58.908
-5177	0.356	58.919
-5176	0.343	58.928
-5175	0.329	58.937
-5174	0.315	58.945
-5173	0.300	58.952
-5172	0.283	58.958
-5171	0.264	58.962
-5170	0.244	58.965
-5169	0.221	58.965
-5168	0.196	58.965
-5167	0.167	58.963
-5166	0.136	58.958
-5165	0.105	58.954
-5164	0.076	58.949
-5163	0.048	58.945
-5162	0.021	58.940
-5161	-0.007	58.936
-5160	-0.035	58.931
-5159	-0.064	58.926
-5158	-0.095	58.921
-5157	-0.127	58.918
-5156	-0.161	58.915
-5155	-0.197	58.912
-5154	-0.235	58.908
-5153	-0.275	58.904
-5152	-0.318	58.899
-5151	-0.364	58.894
-5150	-0.410	58.890
-5149	-0.457	58.885
-5148	-0.503	58.880
-5147	-0.545	58.876
-5146	-0.582	58.871
-5145	-0.615	58.864
-5144	-0.644	58.856
-5143	-0.672	58.845
-5142	-0.698	58.834
-5141	-0.722	58.822
-5140	-0.744	58.810
-5139	-0.765	58.797
-5138	-0.788	58.785
-5137	-0.812	58.774
-5136	-0.838	58.764
-5135	-0.867	58.754
-5134	-0.898	58.746
-5133	-0.928	58.737
-5132	-0.958	58.728
-5131	-0.988	58.717
-5130	-1.018	58.702
-5129	-1.049	58.683
-5128	-1.079	58.663
-5127	-1.106	58.640
-5126	-1.130	58.616
-5125	-1.151	58.591
-5124	-1.168	58.565
-5123	-1.183	58.540
-5122	-1.198	58.516
-5121	-1.211	58.494
-5120	-1.222	58.475
-5119	-1.231	58.457
-5118	-1.240	58.442
-5117	-1.250	58.428
-5116	-1.260	58.416
-5115	-1.267	58.408
-5114	-1.272	58.401
-5113	-1.274	58.396
-5112	-1.270	58.392
-5111	-1.262	58.389
-5110	-1.249	58.387
-5109	-1.235	58.386
-5108	-1.222	58.384
-5107	-1.212	58.381
-5106	-1.203	58.377
-5105	-1.195	58.372
-5104	-1.186	58.367
-5103	-1.175	58.359
-5102	-1.162	58.349
-5101	-1.147	58.336
-5100	-1.130	58.321
-5099	-1.111	58.304
-5098	-1.093	58.286
-5097	-1.073	58.269
-5096	-1.051	58.252
-5095	-1.027	58.235
-5094	-1.002	58.217
-5093	-0.975	58.198
-5092	-0.948	58.176
-5091	-0.921	58.153
-5090	-0.894	58.128
-5089	-0.869	58.100
-5088	-0.844	58.069
-5087	-0.820	58.034
-5086	-0.795	57.995
-5085	-0.768	57.954
-5084	-0.739	57.912
-5083	-0.706	57.869
-5082	-0.670	57.828
-5081	-0.633	57.788
-5080	-0.598	57.749
-5079	-0.566	57.713
-5078	-0.535	57.677
-5077	-0.506	57.643
-5076	-0.480	57.613
-5075	-0.458	57.586
-5074	-0.439	57.561
-5073	-0.424	57.540
-5072	-0.411	57.521
-5071	-0.401	57.504
-5070	-0.394	57.490
-5069	-0.390	57.478
-5068	-0.391	57.469
-5067	-0.394	57.461
-5066	-0.398	57.455
-5065	-0.402	57.449
-5064	-0.408	57.445
-5063	-0.416	57.442
-5062	-0.426	57.439
-5061	-0.439	57.436
-5060	-0.453	57.431
-5059	-0.468	57.426
-5058	-0.485	57.420
-5057	-0.503	57.414
-5056	-0.521	57.408
-5055	-0.539	57.403
-5054	-0.556	57.397
-5053	-0.572	57.392
-5052	-0.591	57.388
-5051	-0.613	57.383
-5050	-0.636	57.380
-5049	-0.658	57.376
-5048	-0.678	57.372
-5047	-0.694	57.368
-5046	-0.710	57.364
-5045	-0.725	57.361
-5044	-0.740	57.361
-5043	-0.757	57.364
-5042	-0.776	57.370
-5041	-0.797	57.379
-5040	-0.818	57.389
-5039	-0.841	57.400
-5038	-0.863	57.412
-5037	-0.886	57.422
-5036	-0.909	57.430
-5035	-0.933	57.436
-5034	-0.960	57.443
-5033	-0.992	57.451
-5032	-1.031	57.461
-5031	-1.074	57.473
-5030	-1.119	57.485
-5029	-1.164	57.499
-5028	-1.207	57.514
-5027	-1.250	57.529
-5026	-1.293	57.544
-5025	-1.335	57.560
-5024	-1.376	57.578
-5023	-1.418	57.598
-5022	-1.458	57.620
-5021	-1.499	57.643
-5020	-1.542	57.669
-5019	-1.588	57.697
-5018	-1.635	57.726
-5017	-1.681	57.755
-5016	-1.724	57.780
-5015	-1.762	57.802
-5014	-1.798	57.822
-5013	-1.830	57.838
-5012	-1.861	57.852
-5011	-1.892	57.866
-5010	-1.923	57.879
-5009	-1.956	57.893
-5008	-1.995	57.909
-5007	-2.041	57.929
-5006	-2.094	57.954
-5005	-2.154	57.979
-5004	-2.221	58.005
-5003	-2.297	58.033
-5002	-2.378	58.062
-5001	-2.461	58.092
-5000	-2.542	58.120
-4999	-2.622	58.147
-4998	-2.700	58.174
-4997	-2.778	58.201
-4996	-2.855	58.230
-4995	-2.932	58.260
-4994	-3.008	58.291
-4993	-3.080	58.321
-4992	-3.148	58.347
-4991	-3.212	58.368
-4990	-3.272	58.385
-4989	-3.325	58.400
-4988	-3.374	58.413
-4987	-3.418	58.423
-4986	-3.458	58.431
-4985	-3.494	58.436
-4984	-3.524	58.438
-4983	-3.553	58.440
-4982	-3.582	58.444
-4981	-3.612	58.452
-4980	-3.643	58.463
-4979	-3.674	58.478
-4978	-3.705	58.495
-4977	-3.735	58.515
-4976	-3.769	58.538
-4975	-3.806	58.562
-4974	-3.847	58.589
-4973	-3.890	58.617
-4972	-3.934	58.645
-4971	-3.978	58.673
-4970	-4.022	58.700
-4969	-4.064	58.727
-4968	-4.107	58.755
-4967	-4.149	58.783
-4966	-4.191	58.812
-4965	-4.230	58.839
-4964	-4.270	58.867
-4963	-4.310	58.895
-4962	-4.349	58.923
-4961	-4.386	58.950
-4960	-4.424	58.977
-4959	-4.461	59.002
-4958	-4.498	59.026
-4957	-4.534	59.047
-4956	-4.572	59.067
-4955	-4.608	59.085
-4954	-4.644	59.100
-4953	-4.677	59.113
-4952	-4.708	59.124
-4951	-4.739	59.132
-4950	-4.770	59.140
-4949	-4.801	59.148
-4948	-4.830	59.158
-4947	-4.857	59.169
-4946	-4.885	59.181
-4945	-4.913	59.194
-4944	-4.941	59.208
-4943	-4.968	59.223
-4942	-4.995	59.239
-4941	-5.023	59.256
-4940	-5.051	59.274
-4939	-5.077	59.289
-4938	-5.101	59.303
-4937	-5.123	59.314
-4936	-5.141	59.323
-4935	-5.154	59.331
-4934	-5.164	59.337
-4933	-5.169	59.343
-4932	-5.170	59.348
-4931	-5.168	59.352
-4930	-5.165	59.357
-4929	-5.163	59.364
-4928	-5.164	59.373
-4927	-5.166	59.383
-4926	-5.167	59.392
-4925	-5.166	59.399
-4924	-5.162	59.405
-4923	-5.154	59.410
-4922	-5.144	59.413
-4921	-5.133	59.415
-4920	-5.123	59.418
-4919	-5.116	59.420
-4918	-5.111	59.421
-4917	-5.108	59.423
-4916	-5.104	59.424
-4915	-5.099	59.424
-4914	-5.090	59.423
-4913	-5.080	59.422
-4912	-5.070	59.421
-4911	-5.059	59.420
-4910	-5.046	59.418
-4909	-5.030	59.416
-4908	-5.011	59.414
-4907	-4.986	59.413
-4906	-4.958	59.411
-4905	-4.927	59.410
-4904	-4.893	59.411
-4903	-4.858	59.413
-4902	-4.821	59.415
-4901	-4.780	59.418
-4900	-4.736	59.421
-4899	-4.693	59.424
-4898	-4.652	59.427
-4897	-4.615	59.430
-4896	-4.581	59.433
-4895	-4.547	59.434
-4894	-4.512	59.433
-4893	-4.475	59.429
-4892	-4.435	59.423
-4891	-4.393	59.414
-4890	-4.349	59.404
-4889	-4.304	59.393
-4888	-4.259	59.384
-4887	-4.214	59.375
-4886	-4.171	59.367
-4885	-4.131	59.361
-4884	-4.096	59.354
-4883	-4.063	59.347
-4882	-4.034	59.340
-4881	-4.008	59.331
-4880	-3.984	59.324
-4879	-3.962	59.317
-4878	-3.942	59.311
-4877	-3.927	59.305
-4876	-3.914	59.300
-4875	-3.905	59.296
-4874	-3.900	59.294
-4873	-3.898	59.295
-4872	-3.897	59.299
-4871	-3.899	59.305
-4870	-3.901	59.312
-4869	-3.902	59.321
-4868	-3.902	59.331
-4867	-3.903	59.342
-4866	-3.907	59.352
-4865	-3.915	59.363
-4864	-3.927	59.375
-4863	-3.941	59.388
-4862	-3.957	59.401
-4861	-3.974	59.415
-4860	-3.992	59.428
-4859	-4.013	59.440
-4858	-4.040	59.452
-4857	-4.070	59.463
-4856	-4.103	59.476
-4855	-4.141	59.489
-4854	-4.186	59.505
-4853	-4.239	59.522
-4852	-4.299	59.539
-4851	-4.366	59.555
-4850	-4.436	59.571
-4849	-4.504	59.586
-4848	-4.566	59.600
-4847	-4.618	59.614
-4846	-4.663	59.629
-4845	-4.703	59.646
-4844	-4.741	59.665
-4843	-4.779	59.685
-4842	-4.816	59.706
-4841	-4.847	59.725
-4840	-4.875	59.742
-4839	-4.902	59.757
-4838	-4.928	59.769
-4837	-4.957	59.779
-4836	-4.988	59.789
-4835	-5.021	59.798
-4834	-5.054	59.808
-4833	-5.089	59.821
-4832	-5.122	59.838
-4831	-5.156	59.860
-4830	-5.194	59.888
-4829	-5.237	59.919
-4828	-5.282	59.951
-4827	-5.322	59.985
-4826	-5.359	60.019
-4825	-5.393	60.053
-4824	-5.424	60.086
-4823	-5.451	60.117
-4822	-5.479	60.147
-4821	-5.506	60.175
-4820	-5.530	60.200
-4819	-5.550	60.223
-4818	-5.564	60.242
-4817	-5.574	60.257
-4816	-5.581	60.269
-4815	-5.589	60.280
-4814	-5.600	60.291
-4813	-5.610	60.302
-4812	-5.618	60.313
-4811	-5.623	60.322
-4810	-5.625	60.329
-4809	-5.627	60.333
-4808	-5.629	60.335
-4807	-5.630	60.335
-4806	-5.632	60.334
-4805	-5.631	60.335
-4804	-5.628	60.335
-4803	-5.620	60.334
-4802	-5.606	60.333
-4801	-5.586	60.333
-4800	-5.563	60.335
-4799	-5.540	60.338
-4798	-5.517	60.341
-4797	-5.491	60.345
-4796	-5.464	60.348
-4795	-5.438	60.352
-4794	-5.414	60.358
-4793	-5.392	60.369
-4792	-5.371	60.380
-4791	-5.348	60.391
-4790	-5.324	60.401
-4789	-5.303	60.414
-4788	-5.285	60.429
-4787	-5.270	60.445
-4786	-5.257	60.462
-4785	-5.245	60.479
-4784	-5.233	60.494
-4783	-5.221	60.506
-4782	-5.209	60.516
-4781	-5.195	60.522
-4780	-5.179	60.526
-4779	-5.160	60.525
-4778	-5.137	60.519
-4777	-5.113	60.509
-4776	-5.089	60.495
-4775	-5.066	60.480
-4774	-5.047	60.465
-4773	-5.028	60.450
-4772	-5.007	60.435
-4771	-4.983	60.419
-4770	-4.958	60.403
-4769	-4.933	60.385
-4768	-4.908	60.365
-4767	-4.884	60.344
-4766	-4.862	60.323
-4765	-4.841	60.304
-4764	-4.821	60.287
-4763	-4.802	60.272
-4762	-4.786	60.260
-4761	-4.774	60.251
-4760	-4.766	60.246
-4759	-4.762	60.244
-4758	-4.762	60.243
-4757	-4.766	60.243
-4756	-4.773	60.243
-4755	-4.780	60.244
-4754	-4.785	60.247
-4753	-4.790	60.252
-4752	-4.794	60.257
-4751	-4.794	60.262
-4750	-4.792	60.267
-4749	-4.786	60.272
-4748	-4.776	60.279
-4747	-4.762	60.286
-4746	-4.745	60.293
-4745	-4.725	60.299
-4744	-4.700	60.303
-4743	-4.673	60.307
-4742	-4.644	60.310
-4741	-4.617	60.313
-4740	-4.592	60.318
-4739	-4.569	60.322
-4738	-4.548	60.325
-4737	-4.530	60.328
-4736	-4.515	60.330
-4735	-4.505	60.334
-4734	-4.501	60.338
-4733	-4.502	60.341
-4732	-4.507	60.345
-4731	-4.517	60.349
-4730	-4.533	60.355
-4729	-4.553	60.360
-4728	-4.577	60.366
-4727	-4.600	60.370
-4726	-4.624	60.375
-4725	-4.647	60.379
-4724	-4.671	60.381
-4723	-4.694	60.381
-4722	-4.720	60.380
-4721	-4.747	60.380
-4720	-4.776	60.383
-4719	-4.806	60.387
-4718	-4.836	60.391
-4717	-4.865	60.394
-4716	-4.892	60.396
-4715	-4.918	60.397
-4714	-4.940	60.397
-4713	-4.961	60.397
-4712	-4.984	60.398
-4711	-5.008	60.403
-4710	-5.034	60.410
-4709	-5.061	60.420
-4708	-5.088	60.431
-4707	-5.115	60.442
-4706	-5.142	60.454
-4705	-5.168	60.466
-4704	-5.195	60.477
-4703	-5.223	60.488
-4702	-5.252	60.499
-4701	-5.282	60.511
-4700	-5.313	60.523
-4699	-5.343	60.536
-4698	-5.373	60.547
-4697	-5.403	60.557
-4696	-5.430	60.565
-4695	-5.456	60.571
-4694	-5.480	60.577
-4693	-5.502	60.582
-4692	-5.522	60.586
-4691	-5.541	60.589
-4690	-5.561	60.594
-4689	-5.584	60.599
-4688	-5.608	60.606
-4687	-5.633	60.612
-4686	-5.660	60.617
-4685	-5.686	60.619
-4684	-5.709	60.620
-4683	-5.729	60.619
-4682	-5.747	60.617
-4681	-5.760	60.612
-4680	-5.768	60.606
-4679	-5.770	60.600
-4678	-5.767	60.592
-4677	-5.762	60.584
-4676	-5.756	60.573
-4675	-5.748	60.560
-4674	-5.737	60.545
-4673	-5.721	60.530
-4672	-5.700	60.516
-4671	-5.676	60.505
-4670	-5.651	60.494
-4669	-5.625	60.481
-4668	-5.597	60.467
-4667	-5.569	60.454
-4666	-5.539	60.442
-4665	-5.510	60.429
-4664	-5.482	60.417
-4663	-5.454	60.405
-4662	-5.426	60.392
-4661	-5.397	60.381
-4660	-5.367	60.371
-4659	-5.335	60.364
-4658	-5.299	60.358
-4657	-5.259	60.354
-4656	-5.217	60.352
-4655	-5.176	60.352
-4654	-5.137	60.355
-4653	-5.099	60.359
-4652	-5.060	60.364
-4651	-5.020	60.369
-4650	-4.976	60.376
-4649	-4.931	60.384
-4648	-4.885	60.393
-4647	-4.840	60.403
-4646	-4.796	60.413
-4645	-4.755	60.423
-4644	-4.716	60.434
-4643	-4.679	60.445
-4642	-4.646	60.457
-4641	-4.617	60.470
-4640	-4.591	60.484
-4639	-4.569	60.499
-4638	-4.551	60.514
-4637	-4.536	60.531
-4636	-4.523	60.547
-4635	-4.511	60.563
-4634	-4.501	60.579
-4633	-4.492	60.595
-4632	-4.484	60.613
-4631	-4.478	60.633
-4630	-4.474	60.653
-4629	-4.473	60.674
-4628	-4.473	60.696
-4627	-4.473	60.717
-4626	-4.470	60.738
-4625	-4.466	60.757
-4624	-4.463	60.776
-4623	-4.461	60.794
-4622	-4.461	60.812
-4621	-4.462	60.831
-4620	-4.465	60.852
-4619	-4.469	60.875
-4618	-4.476	60.900
-4617	-4.487	60.928
-4616	-4.499	60.958
-4615	-4.514	60.990
-4614	-4.528	61.024
-4613	-4.541	61.059
-4612	-4.551	61.096
-4611	-4.558	61.132
-4610	-4.562	61.167
-4609	-4.564	61.201
-4608	-4.562	61.234
-4607	-4.561	61.267
-4606	-4.561	61.300
-4605	-4.564	61.331
-4604	-4.570	61.361
-4603	-4.578	61.387
-4602	-4.588	61.413
-4601	-4.598	61.437
-4600	-4.610	61.460
-4599	-4.624	61.482
-4598	-4.637	61.501
-4597	-4.651	61.519
-4596	-4.664	61.536
-4595	-4.677	61.554
-4594	-4.687	61.572
-4593	-4.693	61.591
-4592	-4.697	61.610
-4591	-4.703	61.628
-4590	-4.710	61.645
-4589	-4.720	61.660
-4588	-4.731	61.673
-4587	-4.744	61.684
-4586	-4.759	61.693
-4585	-4.774	61.701
-4584	-4.790	61.707
-4583	-4.804	61.712
-4582	-4.817	61.718
-4581	-4.829	61.724
-4580	-4.841	61.734
-4579	-4.851	61.745
-4578	-4.862	61.759
-4577	-4.872	61.774
-4576	-4.883	61.791
-4575	-4.893	61.811
-4574	-4.903	61.831
-4573	-4.910	61.851
-4572	-4.916	61.869
-4571	-4.919	61.887
-4570	-4.920	61.904
-4569	-4.921	61.921
-4568	-4.923	61.936
-4567	-4.923	61.951
-4566	-4.922	61.965
-4565	-4.920	61.977
-4564	-4.915	61.987
-4563	-4.910	61.996
-4562	-4.906	62.003
-4561	-4.905	62.008
-4560	-4.907	62.011
-4559	-4.911	62.014
-4558	-4.918	62.015
-4557	-4.928	62.015
-4556	-4.942	62.016
-4555	-4.959	62.019
-4554	-4.978	62.022
-4553	-4.998	62.023
-4552	-5.020	62.021
-4551	-5.043	62.017
-4550	-5.066	62.011
-4549	-5.088	62.005
-4548	-5.107	61.999
-4547	-5.122	61.994
-4546	-5.131	61.991
-4545	-5.136	61.987
-4544	-5.139	61.985
-4543	-5.140	61.983
-4542	-5.138	61.981
-4541	-5.135	61.980
-4540	-5.128	61.979
-4539	-5.119	61.977
-4538	-5.107	61.974
-4537	-5.091	61.970
-4536	-5.071	61.965
-4535	-5.049	61.958
-4534	-5.028	61.951
-4533	-5.007	61.945
-4532	-4.986	61.938
-4531	-4.964	61.931
-4530	-4.938	61.926
-4529	-4.908	61.920
-4528	-4.876	61.915
-4527	-4.843	61.910
-4526	-4.811	61.906
-4525	-4.782	61.902
-4524	-4.757	61.898
-4523	-4.738	61.894
-4522	-4.725	61.890
-4521	-4.719	61.886
-4520	-4.720	61.883
-4519	-4.728	61.880
-4518	-4.742	61.877
-4517	-4.760	61.874
-4516	-4.782	61.871
-4515	-4.806	61.869
-4514	-4.831	61.867
-4513	-4.857	61.866
-4512	-4.882	61.865
-4511	-4.906	61.863
-4510	-4.929	61.862
-4509	-4.952	61.860
-4508	-4.973	61.858
-4507	-4.991	61.856
-4506	-5.005	61.853
-4505	-5.017	61.850
-4504	-5.026	61.849
-4503	-5.033	61.849
-4502	-5.041	61.852
-4501	-5.051	61.856
-4500	-5.063	61.861
-4499	-5.078	61.866
-4498	-5.094	61.871
-4497	-5.109	61.875
-4496	-5.122	61.880
-4495	-5.134	61.887
-4494	-5.144	61.895
-4493	-5.153	61.903
-4492	-5.161	61.912
-4491	-5.169	61.922
-4490	-5.178	61.932
-4489	-5.186	61.942
-4488	-5.195	61.954
-4487	-5.206	61.966
-4486	-5.218	61.980
-4485	-5.233	61.994
-4484	-5.249	62.009
-4483	-5.266	62.022
-4482	-5.284	62.035
-4481	-5.302	62.046
-4480	-5.320	62.056
-4479	-5.338	62.065
-4478	-5.356	62.073
-4477	-5.373	62.079
-4476	-5.389	62.085
-4475	-5.403	62.089
-4474	-5.416	62.093
-4473	-5.428	62.096
-4472	-5.439	62.100
-4471	-5.449	62.103
-4470	-5.459	62.106
-4469	-5.469	62.110
-4468	-5.478	62.113
-4467	-5.486	62.115
-4466	-5.493	62.116
-4465	-5.498	62.115
-4464	-5.503	62.113
-4463	-5.507	62.110
-4462	-5.511	62.105
-4461	-5.515	62.100
-4460	-5.520	62.096
-4459	-5.527	62.092
-4458	-5.536	62.089
-4457	-5.544	62.088
-4456	-5.553	62.088
-4455	-5.562	62.090
-4454	-5.571	62.091
-4453	-5.579	62.093
-4452	-5.588	62.094
-4451	-5.596	62.095
-4450	-5.604	62.095
-4449	-5.611	62.096
-4448	-5.617	62.097
-4447	-5.621	62.097
-4446	-5.623	62.097
-4445	-5.623	62.098
-4444	-5.621	62.101
-4443	-5.619	62.104
-4442	-5.617	62.109
-4441	-5.615	62.115
-4440	-5.614	62.122
-4439	-5.612	62.131
-4438	-5.610	62.142
-4437	-5.609	62.154
-4436	-5.608	62.167
-4435	-5.606	62.181
-4434	-5.603	62.195
-4433	-5.597	62.209
-4432	-5.588	62.222
-4431	-5.577	62.235
-4430	-5.565	62.248
-4429	-5.552	62.262
-4428	-5.539	62.275
-4427	-5.525	62.288
-4426	-5.511	62.300
-4425	-5.496	62.311
-4424	-5.481	62.320
-4423	-5.467	62.328
-4422	-5.454	62.334
-4421	-5.444	62.338
-4420	-5.437	62.340
-4419	-5.432	62.340
-4418	-5.427	62.337
-4417	-5.423	62.331
-4416	-5.420	62.322
-4415	-5.419	62.312
-4414	-5.422	62.299
-4413	-5.429	62.286
-4412	-5.440	62.271
-4411	-5.455	62.256
-4410	-5.475	62.239
-4409	-5.498	62.222
-4408	-5.523	62.204
-4407	-5.551	62.184
-4406	-5.580	62.164
-4405	-5.609	62.143
-4404	-5.638	62.121
-4403	-5.667	62.098
-4402	-5.696	62.074
-4401	-5.724	62.050
-4400	-5.750	62.027
-4399	-5.774	62.004
-4398	-5.796	61.981
-4397	-5.816	61.960
-4396	-5.834	61.940
-4395	-5.850	61.922
-4394	-5.866	61.905
-4393	-5.881	61.890
-4392	-5.895	61.877
-4391	-5.909	61.864
-4390	-5.922	61.853
-4389	-5.934	61.843
-4388	-5.945	61.834
-4387	-5.955	61.827
-4386	-5.966	61.820
-4385	-5.976	61.815
-4384	-5.986	61.811
-4383	-5.994	61.807
-4382	-6.001	61.804
-4381	-6.009	61.802
-4380	-6.018	61.802
-4379	-6.028	61.802
-4378	-6.039	61.804
-4377	-6.050	61.807
-4376	-6.061	61.811
-4375	-6.071	61.815
-4374	-6.079	61.819
-4373	-6.083	61.821
-4372	-6.084	61.823
-4371	-6.082	61.824
-4370	-6.079	61.825
-4369	-6.075	61.827
-4368	-6.069	61.831
-4367	-6.063	61.836
-4366	-6.054	61.841
-4365	-6.044	61.847
-4364	-6.034	61.854
-4363	-6.022	61.862
-4362	-6.011	61.871
-4361	-5.999	61.880
-4360	-5.987	61.890
-4359	-5.975	61.900
-4358	-5.963	61.911
-4357	-5.951	61.922
-4356	-5.938	61.933
-4355	-5.924	61.944
-4354	-5.910	61.953
-4353	-5.896	61.962
-4352	-5.881	61.971
-4351	-5.865	61.980
-4350	-5.845	61.989
-4349	-5.822	62.000
-4348	-5.797	62.012
-4347	-5.769	62.026
-4346	-5.739	62.040
-4345	-5.706	62.056
-4344	-5.671	62.074
-4343	-5.632	62.092
-4342	-5.590	62.111
-4341	-5.545	62.131
-4340	-5.498	62.153
-4339	-5.449	62.175
-4338	-5.400	62.197
-4337	-5.352	62.219
-4336	-5.307	62.240
-4335	-5.263	62.260
-4334	-5.220	62.280
-4333	-5.179	62.298
-4332	-5.140	62.316
-4331	-5.103	62.333
-4330	-5.068	62.350
-4329	-5.036	62.368
-4328	-5.006	62.387
-4327	-4.980	62.407
-4326	-4.958	62.428
-4325	-4.939	62.450
-4324	-4.924	62.472
-4323	-4.912	62.493
-4322	-4.902	62.512
-4321	-4.894	62.530
-4320	-4.889	62.547
-4319	-4.885	62.560
-4318	-4.883	62.572
-4317	-4.883	62.583
-4316	-4.883	62.591
-4315	-4.885	62.598
-4314	-4.888	62.600
-4313	-4.891	62.601
-4312	-4.894	62.599
-4311	-4.897	62.596
-4310	-4.900	62.592
-4309	-4.903	62.588
-4308	-4.904	62.585
-4307	-4.904	62.582
-4306	-4.905	62.580
-4305	-4.908	62.578
-4304	-4.913	62.577
-4303	-4.922	62.578
-4302	-4.934	62.582
-4301	-4.947	62.589
-4300	-4.961	62.598
-4299	-4.976	62.610
-4298	-4.990	62.625
-4297	-5.002	62.640
-4296	-5.012	62.657
-4295	-5.020	62.675
-4294	-5.026	62.693
-4293	-5.031	62.711
-4292	-5.037	62.729
-4291	-5.042	62.746
-4290	-5.047	62.763
-4289	-5.054	62.780
-4288	-5.064	62.798
-4287	-5.077	62.814
-4286	-5.094	62.830
-4285	-5.113	62.844
-4284	-5.135	62.857
-4283	-5.161	62.869
-4282	-5.192	62.880
-4281	-5.225	62.892
-4280	-5.260	62.903
-4279	-5.298	62.916
-4278	-5.337	62.928
-4277	-5.379	62.941
-4276	-5.424	62.954
-4275	-5.472	62.965
-4274	-5.523	62.975
-4273	-5.575	62.984
-4272	-5.628	62.990
-4271	-5.682	62.996
-4270	-5.734	63.000
-4269	-5.785	63.003
-4268	-5.834	63.005
-4267	-5.884	63.007
-4266	-5.934	63.007
-4265	-5.987	63.006
-4264	-6.041	63.002
-4263	-6.093	62.996
-4262	-6.141	62.988
-4261	-6.186	62.978
-4260	-6.227	62.967
-4259	-6.266	62.955
-4258	-6.305	62.941
-4257	-6.348	62.926
-4256	-6.394	62.908
-4255	-6.444	62.889
-4254	-6.494	62.869
-4253	-6.544	62.849
-4252	-6.593	62.832
-4251	-6.640	62.815
-4250	-6.685	62.799
-4249	-6.727	62.783
-4248	-6.763	62.766
-4247	-6.793	62.750
-4246	-6.817	62.732
-4245	-6.836	62.713
-4244	-6.850	62.692
-4243	-6.857	62.668
-4242	-6.859	62.643
-4241	-6.856	62.618
-4240	-6.851	62.593
-4239	-6.845	62.569
-4238	-6.842	62.546
-4237	-6.841	62.524
-4236	-6.839	62.503
-4235	-6.835	62.486
-4234	-6.827	62.474
-4233	-6.816	62.468
-4232	-6.804	62.465
-4231	-6.794	62.465
-4230	-6.784	62.465
-4229	-6.772	62.464
-4228	-6.760	62.463
-4227	-6.747	62.462
-4226	-6.734	62.460
-4225	-6.723	62.456
-4224	-6.714	62.449
-4223	-6.706	62.438
-4222	-6.700	62.425
-4221	-6.696	62.411
-4220	-6.696	62.397
-4219	-6.700	62.383
-4218	-6.706	62.370
-4217	-6.716	62.357
-4216	-6.728	62.344
-4215	-6.739	62.332
-4214	-6.750	62.319
-4213	-6.760	62.307
-4212	-6.773	62.294
-4211	-6.789	62.282
-4210	-6.806	62.270
-4209	-6.826	62.261
-4208	-6.845	62.254
-4207	-6.865	62.248
-4206	-6.886	62.244
-4205	-6.907	62.240
-4204	-6.931	62.236
-4203	-6.957	62.234
-4202	-6.984	62.232
-4201	-7.013	62.229
-4200	-7.041	62.226
-4199	-7.067	62.223
-4198	-7.091	62.221
-4197	-7.113	62.220
-4196	-7.132	62.219
-4195	-7.147	62.218
-4194	-7.159	62.216
-4193	-7.169	62.214
-4192	-7.179	62.209
-4191	-7.190	62.205
-4190	-7.204	62.201
-4189	-7.220	62.197
-4188	-7.238	62.195
-4187	-7.255	62.192
-4186	-7.269	62.188
-4185	-7.281	62.184
-4184	-7.289	62.179
-4183	-7.294	62.175
-4182	-7.298	62.173
-4181	-7.299	62.172
-4180	-7.300	62.173
-4179	-7.304	62.176
-4178	-7.309	62.179
-4177	-7.317	62.183
-4176	-7.329	62.189
-4175	-7.342	62.195
-4174	-7.358	62.201
-4173	-7.374	62.208
-4172	-7.390	62.214
-4171	-7.404	62.221
-4170	-7.416	62.228
-4169	-7.426	62.235
-4168	-7.434	62.241
-4167	-7.439	62.246
-4166	-7.442	62.251
-4165	-7.443	62.256
-4164	-7.445	62.263
-4163	-7.445	62.272
-4162	-7.445	62.282
-4161	-7.444	62.293
-4160	-7.444	62.305
-4159	-7.444	62.318
-4158	-7.443	62.334
-4157	-7.439	62.351
-4156	-7.435	62.371
-4155	-7.432	62.392
-4154	-7.432	62.415
-4153	-7.433	62.439
-4152	-7.436	62.464
-4151	-7.439	62.489
-4150	-7.445	62.513
-4149	-7.453	62.535
-4148	-7.465	62.555
-4147	-7.480	62.572
-4146	-7.501	62.588
-4145	-7.527	62.602
-4144	-7.558	62.615
-4143	-7.593	62.627
-4142	-7.628	62.639
-4141	-7.663	62.651
-4140	-7.698	62.664
-4139	-7.730	62.677
-4138	-7.761	62.689
-4137	-7.789	62.701
-4136	-7.812	62.712
-4135	-7.828	62.724
-4134	-7.839	62.736
-4133	-7.847	62.750
-4132	-7.854	62.765
-4131	-7.861	62.783
-4130	-7.871	62.803
-4129	-7.884	62.825
-4128	-7.899	62.847
-4127	-7.915	62.870
-4126	-7.928	62.893
-4125	-7.940	62.916
-4124	-7.952	62.940
-4123	-7.966	62.966
-4122	-7.983	62.993
-4121	-8.007	63.020
-4120	-8.035	63.046
-4119	-8.069	63.071
-4118	-8.105	63.093
-4117	-8.141	63.115
-4116	-8.178	63.137
-4115	-8.219	63.162
-4114	-8.262	63.189
-4113	-8.308	63.221
-4112	-8.362	63.255
-4111	-8.424	63.290
-4110	-8.489	63.325
-4109	-8.556	63.360
-4108	-8.627	63.394
-4107	-8.700	63.428
-4106	-8.775	63.460
-4105	-8.853	63.491
-4104	-8.930	63.519
-4103	-9.003	63.542
-4102	-9.069	63.560
-4101	-9.130	63.574
-4100	-9.190	63.585
-4099	-9.254	63.592
-4098	-9.327	63.598
-4097	-9.408	63.601
-4096	-9.499	63.602
-4095	-9.601	63.604
-4094	-9.714	63.604
-4093	-9.832	63.602
-4092	-9.953	63.597
-4091	-10.075	63.587
-4090	-10.201	63.573
-4089	-10.332	63.557
-4088	-10.482	63.546
-4087	-10.638	63.534
-4086	-10.801	63.520
-4085	-10.969	63.505
-4084	-11.138	63.491
-4083	-11.308	63.477
-4082	-11.476	63.461
-4081	-11.637	63.445
-4080	-11.790	63.427
-4079	-11.934	63.408
-4078	-12.072	63.386
-4077	-12.207	63.364
-4076	-12.340	63.341
-4075	-12.468	63.318
-4074	-12.587	63.297
-4073	-12.700	63.278
-4072	-12.806	63.261
-4071	-12.908	63.248
-4070	-13.005	63.237
-4069	-13.094	63.228
-4068	-13.175	63.221
-4067	-13.248	63.218
-4066	-13.316	63.220
-4065	-13.381	63.227
-4064	-13.442	63.235
-4063	-13.497	63.242
-4062	-13.550	63.249
-4061	-13.602	63.255
-4060	-13.654	63.264
-4059	-13.709	63.275
-4058	-13.772	63.293
-4057	-13.842	63.317
-4056	-13.910	63.347
-4055	-13.974	63.380
-4054	-14.035	63.418
-4053	-14.089	63.456
-4052	-14.136	63.489
-4051	-14.178	63.516
-4050	-14.210	63.539
-4049	-14.229	63.557
-4048	-14.239	63.573
-4047	-14.238	63.591
-4046	-14.233	63.612
-4045	-14.226	63.633
-4044	-14.221	63.656
-4043	-14.209	63.677
-4042	-14.188	63.699
-4041	-14.157	63.723
-4040	-14.122	63.751
-4039	-14.087	63.784
-4038	-14.052	63.819
-4037	-14.016	63.857
-4036	-13.973	63.896
-4035	-13.923	63.936
-4034	-13.865	63.976
-4033	-13.800	64.016
-4032	-13.730	64.053
-4031	-13.656	64.089
-4030	-13.576	64.125
-4029	-13.493	64.162
-4028	-13.409	64.202
-4027	-13.327	64.244
-4026	-13.246	64.290
-4025	-13.167	64.341
-4024	-13.092	64.395
-4023	-13.022	64.450
-4022	-12.956	64.506
-4021	-12.896	64.561
-4020	-12.841	64.614
-4019	-12.790	64.665
-4018	-12.743	64.714
-4017	-12.700	64.762
-4016	-12.656	64.811
-4015	-12.611	64.858
-4014	-12.568	64.902
-4013	-12.532	64.942
-4012	-12.507	64.978
-4011	-12.492	65.012
-4010	-12.487	65.044
-4009	-12.484	65.070
-4008	-12.475	65.090
-4007	-12.457	65.101
-4006	-12.431	65.104
-4005	-12.396	65.104
-4004	-12.350	65.101
-4003	-12.295	65.098
-4002	-12.230	65.097
-4001	-12.161	65.097
-4000	-12.093	65.097
-3999	-12.026	65.096
-3998	-11.963	65.095
-3997	-11.905	65.098
-3996	-11.856	65.105
-3995	-11.821	65.111
-3994	-11.798	65.113
-3993	-11.783	65.110
-3992	-11.776	65.104
-3991	-11.777	65.094
-3990	-11.785	65.081
-3989	-11.797	65.067
-3988	-11.811	65.053
-3987	-11.825	65.038
-3986	-11.838	65.023
-3985	-11.851	65.006
-3984	-11.862	64.987
-3983	-11.872	64.968
-3982	-11.876	64.951
-3981	-11.875	64.935
-3980	-11.869	64.920
-3979	-11.859	64.905
-3978	-11.848	64.891
-3977	-11.831	64.877
-3976	-11.807	64.863
-3975	-11.777	64.850
-3974	-11.739	64.839
-3973	-11.696	64.828
-3972	-11.651	64.818
-3971	-11.603	64.807
-3970	-11.551	64.798
-3969	-11.496	64.789
-3968	-11.437	64.779
-3967	-11.375	64.767
-3966	-11.309	64.753
-3965	-11.239	64.737
-3964	-11.166	64.720
-3963	-11.092	64.701
-3962	-11.022	64.683
-3961	-10.955	64.664
-3960	-10.892	64.644
-3959	-10.833	64.620
-3958	-10.775	64.593
-3957	-10.716	64.562
-3956	-10.653	64.528
-3955	-10.588	64.492
-3954	-10.521	64.455
-3953	-10.451	64.417
-3952	-10.378	64.377
-3951	-10.303	64.333
-3950	-10.228	64.286
-3949	-10.157	64.235
-3948	-10.093	64.179
-3947	-10.037	64.119
-3946	-9.988	64.053
-3945	-9.944	63.983
-3944	-9.902	63.911
-3943	-9.859	63.838
-3942	-9.813	63.765
-3941	-9.764	63.692
-3940	-9.712	63.619
-3939	-9.658	63.547
-3938	-9.600	63.476
-3937	-9.538	63.406
-3936	-9.475	63.339
-3935	-9.411	63.274
-3934	-9.347	63.211
-3933	-9.283	63.151
-3932	-9.222	63.094
-3931	-9.163	63.042
-3930	-9.107	62.993
-3929	-9.053	62.947
-3928	-9.002	62.903
-3927	-8.952	62.861
-3926	-8.903	62.819
-3925	-8.854	62.774
-3924	-8.806	62.728
-3923	-8.758	62.681
-3922	-8.710	62.630
-3921	-8.662	62.577
-3920	-8.614	62.522
-3919	-8.567	62.466
-3918	-8.520	62.408
-3917	-8.472	62.351
-3916	-8.425	62.294
-3915	-8.380	62.239
-3914	-8.337	62.187
-3913	-8.298	62.137
-3912	-8.264	62.090
-3911	-8.235	62.043
-3910	-8.211	61.998
-3909	-8.194	61.955
-3908	-8.182	61.915
-3907	-8.177	61.877
-3906	-8.178	61.842
-3905	-8.184	61.808
-3904	-8.194	61.777
-3903	-8.207	61.749
-3902	-8.221	61.724
-3901	-8.237	61.704
-3900	-8.256	61.688
-3899	-8.281	61.676
-3898	-8.309	61.668
-3897	-8.338	61.662
-3896	-8.367	61.659
-3895	-8.398	61.657
-3894	-8.430	61.655
-3893	-8.464	61.650
-3892	-8.498	61.644
-3891	-8.531	61.636
-3890	-8.561	61.627
-3889	-8.590	61.616
-3888	-8.615	61.604
-3887	-8.634	61.588
-3886	-8.647	61.567
-3885	-8.654	61.544
-3884	-8.659	61.518
-3883	-8.659	61.490
-3882	-8.655	61.461
-3881	-8.646	61.432
-3880	-8.632	61.406
-3879	-8.611	61.381
-3878	-8.583	61.360
-3877	-8.552	61.340
-3876	-8.519	61.321
-3875	-8.486	61.302
-3874	-8.455	61.280
-3873	-8.427	61.259
-3872	-8.406	61.235
-3871	-8.390	61.205
-3870	-8.378	61.171
-3869	-8.370	61.133
-3868	-8.365	61.092
-3867	-8.363	61.050
-3866	-8.363	61.007
-3865	-8.362	60.963
-3864	-8.361	60.921
-3863	-8.360	60.879
-3862	-8.357	60.839
-3861	-8.351	60.798
-3860	-8.343	60.756
-3859	-8.335	60.712
-3858	-8.326	60.668
-3857	-8.318	60.625
-3856	-8.312	60.583
-3855	-8.309	60.543
-3854	-8.308	60.505
-3853	-8.310	60.470
-3852	-8.314	60.436
-3851	-8.320	60.406
-3850	-8.326	60.377
-3849	-8.332	60.352
-3848	-8.336	60.329
-3847	-8.338	60.309
-3846	-8.340	60.292
-3845	-8.340	60.277
-3844	-8.340	60.264
-3843	-8.340	60.253
-3842	-8.340	60.244
-3841	-8.341	60.237
-3840	-8.341	60.230
-3839	-8.342	60.226
-3838	-8.345	60.223
-3837	-8.351	60.220
-3836	-8.359	60.217
-3835	-8.368	60.213
-3834	-8.376	60.208
-3833	-8.382	60.202
-3832	-8.389	60.197
-3831	-8.396	60.192
-3830	-8.404	60.188
-3829	-8.414	60.184
-3828	-8.425	60.180
-3827	-8.438	60.177
-3826	-8.455	60.175
-3825	-8.473	60.173
-3824	-8.494	60.172
-3823	-8.518	60.171
-3822	-8.544	60.168
-3821	-8.568	60.165
-3820	-8.590	60.161
-3819	-8.609	60.155
-3818	-8.624	60.146
-3817	-8.639	60.137
-3816	-8.654	60.128
-3815	-8.669	60.118
-3814	-8.683	60.108
-3813	-8.693	60.096
-3812	-8.701	60.083
-3811	-8.706	60.069
-3810	-8.707	60.055
-3809	-8.706	60.042
-3808	-8.702	60.029
-3807	-8.693	60.016
-3806	-8.682	60.003
-3805	-8.670	59.990
-3804	-8.658	59.976
-3803	-8.647	59.963
-3802	-8.636	59.950
-3801	-8.626	59.939
-3800	-8.617	59.929
-3799	-8.608	59.921
-3798	-8.599	59.913
-3797	-8.591	59.907
-3796	-8.583	59.900
-3795	-8.575	59.895
-3794	-8.565	59.891
-3793	-8.554	59.887
-3792	-8.541	59.883
-3791	-8.526	59.881
-3790	-8.508	59.879
-3789	-8.487	59.879
-3788	-8.463	59.879
-3787	-8.437	59.881
-3786	-8.411	59.883
-3785	-8.385	59.885
-3784	-8.361	59.886
-3783	-8.338	59.887
-3782	-8.318	59.885
-3781	-8.299	59.883
-3780	-8.281	59.879
-3779	-8.264	59.875
-3778	-8.244	59.872
-3777	-8.223	59.871
-3776	-8.201	59.873
-3775	-8.179	59.878
-3774	-8.159	59.885
-3773	-8.139	59.895
-3772	-8.121	59.908
-3771	-8.102	59.924
-3770	-8.085	59.940
-3769	-8.071	59.956
-3768	-8.059	59.972
-3767	-8.048	59.987
-3766	-8.041	59.999
-3765	-8.046	60.011
-3764	-8.056	60.021
-3763	-8.063	60.030
-3762	-8.070	60.036
-3761	-8.078	60.041
-3760	-8.088	60.044
-3759	-8.098	60.045
-3758	-8.110	60.043
-3757	-8.125	60.039
-3756	-8.142	60.033
-3755	-8.164	60.025
-3754	-8.190	60.016
-3753	-8.222	60.006
-3752	-8.263	59.996
-3751	-8.310	59.984
-3750	-8.358	59.971
-3749	-8.408	59.955
-3748	-8.458	59.938
-3747	-8.506	59.918
-3746	-8.551	59.897
-3745	-8.592	59.876
-3744	-8.632	59.855
-3743	-8.669	59.835
-3742	-8.700	59.818
-3741	-8.724	59.802
-3740	-8.740	59.789
-3739	-8.749	59.777
-3738	-8.754	59.767
-3737	-8.754	59.759
-3736	-8.750	59.750
-3735	-8.742	59.742
-3734	-8.730	59.733
-3733	-8.716	59.725
-3732	-8.702	59.716
-3731	-8.689	59.708
-3730	-8.675	59.699
-3729	-8.663	59.690
-3728	-8.653	59.682
-3727	-8.646	59.675
-3726	-8.639	59.669
-3725	-8.633	59.664
-3724	-8.625	59.659
-3723	-8.615	59.654
-3722	-8.604	59.650
-3721	-8.595	59.647
-3720	-8.590	59.647
-3719	-8.588	59.649
-3718	-8.589	59.653
-3717	-8.592	59.660
-3716	-8.598	59.670
-3715	-8.605	59.681
-3714	-8.615	59.693
-3713	-8.625	59.705
-3712	-8.635	59.717
-3711	-8.643	59.727
-3710	-8.651	59.736
-3709	-8.660	59.745
-3708	-8.669	59.752
-3707	-8.680	59.759
-3706	-8.694	59.765
-3705	-8.711	59.771
-3704	-8.728	59.777
-3703	-8.747	59.782
-3702	-8.768	59.787
-3701	-8.792	59.792
-3700	-8.821	59.797
-3699	-8.854	59.801
-3698	-8.889	59.806
-3697	-8.922	59.811
-3696	-8.953	59.815
-3695	-8.983	59.820
-3694	-9.011	59.826
-3693	-9.036	59.832
-3692	-9.059	59.840
-3691	-9.080	59.849
-3690	-9.101	59.859
-3689	-9.122	59.869
-3688	-9.144	59.879
-3687	-9.165	59.888
-3686	-9.185	59.896
-3685	-9.205	59.902
-3684	-9.224	59.907
-3683	-9.242	59.912
-3682	-9.260	59.916
-3681	-9.276	59.919
-3680	-9.292	59.921
-3679	-9.304	59.921
-3678	-9.313	59.920
-3677	-9.317	59.917
-3676	-9.316	59.913
-3675	-9.311	59.908
-3674	-9.301	59.904
-3673	-9.289	59.900
-3672	-9.273	59.895
-3671	-9.253	59.889
-3670	-9.229	59.882
-3669	-9.204	59.875
-3668	-9.177	59.866
-3667	-9.150	59.855
-3666	-9.123	59.842
-3665	-9.097	59.826
-3664	-9.071	59.807
-3663	-9.045	59.787
-3662	-9.015	59.765
-3661	-8.983	59.741
-3660	-8.949	59.716
-3659	-8.915	59.687
-3658	-8.879	59.658
-3657	-8.842	59.628
-3656	-8.806	59.599
-3655	-8.772	59.571
-3654	-8.737	59.544
-3653	-8.702	59.518
-3652	-8.668	59.493
-3651	-8.635	59.471
-3650	-8.603	59.450
-3649	-8.570	59.429
-3648	-8.537	59.409
-3647	-8.503	59.387
-3646	-8.468	59.365
-3645	-8.431	59.342
-3644	-8.393	59.319
-3643	-8.352	59.298
-3642	-8.309	59.277
-3641	-8.263	59.258
-3640	-8.216	59.238
-3639	-8.169	59.220
-3638	-8.122	59.202
-3637	-8.076	59.182
-3636	-8.032	59.161
-3635	-7.992	59.138
-3634	-7.953	59.115
-3633	-7.914	59.093
-3632	-7.875	59.072
-3631	-7.834	59.050
-3630	-7.793	59.028
-3629	-7.749	59.004
-3628	-7.701	58.980
-3627	-7.647	58.956
-3626	-7.588	58.933
-3625	-7.527	58.909
-3624	-7.465	58.885
-3623	-7.403	58.861
-3622	-7.345	58.838
-3621	-7.290	58.817
-3620	-7.239	58.798
-3619	-7.191	58.781
-3618	-7.147	58.767
-3617	-7.105	58.753
-3616	-7.065	58.741
-3615	-7.028	58.728
-3614	-6.994	58.716
-3613	-6.964	58.703
-3612	-6.937	58.691
-3611	-6.912	58.677
-3610	-6.888	58.664
-3609	-6.863	58.650
-3608	-6.839	58.638
-3607	-6.814	58.626
-3606	-6.788	58.614
-3605	-6.765	58.602
-3604	-6.744	58.591
-3603	-6.724	58.579
-3602	-6.703	58.567
-3601	-6.681	58.553
-3600	-6.658	58.539
-3599	-6.634	58.524
-3598	-6.613	58.509
-3597	-6.594	58.495
-3596	-6.576	58.482
-3595	-6.556	58.470
-3594	-6.536	58.459
-3593	-6.514	58.450
-3592	-6.493	58.443
-3591	-6.470	58.438
-3590	-6.449	58.435
-3589	-6.432	58.434
-3588	-6.419	58.434
-3587	-6.409	58.434
-3586	-6.403	58.434
-3585	-6.397	58.433
-3584	-6.392	58.429
-3583	-6.388	58.421
-3582	-6.385	58.409
-3581	-6.383	58.393
-3580	-6.382	58.371
-3579	-6.380	58.344
-3578	-6.377	58.311
-3577	-6.373	58.274
-3576	-6.370	58.234
-3575	-6.368	58.193
-3574	-6.367	58.150
-3573	-6.369	58.107
-3572	-6.372	58.065
-3571	-6.375	58.023
-3570	-6.378	57.983
-3569	-6.381	57.943
-3568	-6.382	57.903
-3567	-6.381	57.864
-3566	-6.378	57.826
-3565	-6.374	57.789
-3564	-6.369	57.755
-3563	-6.363	57.721
-3562	-6.358	57.688
-3561	-6.353	57.655
-3560	-6.348	57.622
-3559	-6.343	57.589
-3558	-6.338	57.556
-3557	-6.334	57.524
-3556	-6.331	57.491
-3555	-6.326	57.459
-3554	-6.322	57.426
-3553	-6.319	57.394
-3552	-6.314	57.362
-3551	-6.309	57.328
-3550	-6.303	57.295
-3549	-6.298	57.262
-3548	-6.295	57.231
-3547	-6.294	57.202
-3546	-6.294	57.174
-3545	-6.295	57.148
-3544	-6.297	57.123
-3543	-6.301	57.100
-3542	-6.305	57.079
-3541	-6.309	57.060
-3540	-6.314	57.043
-3539	-6.317	57.027
-3538	-6.320	57.013
-3537	-6.322	56.999
-3536	-6.324	56.987
-3535	-6.328	56.976
-3534	-6.333	56.966
-3533	-6.340	56.957
-3532	-6.349	56.950
-3531	-6.360	56.943
-3530	-6.373	56.937
-3529	-6.389	56.930
-3528	-6.404	56.924
-3527	-6.420	56.917
-3526	-6.436	56.910
-3525	-6.454	56.903
-3524	-6.475	56.896
-3523	-6.501	56.889
-3522	-6.529	56.883
-3521	-6.561	56.877
-3520	-6.595	56.870
-3519	-6.631	56.862
-3518	-6.669	56.852
-3517	-6.706	56.841
-3516	-6.743	56.829
-3515	-6.779	56.816
-3514	-6.815	56.802
-3513	-6.852	56.789
-3512	-6.890	56.774
-3511	-6.925	56.759
-3510	-6.956	56.743
-3509	-6.985	56.727
-3508	-7.011	56.710
-3507	-7.037	56.692
-3506	-7.061	56.674
-3505	-7.083	56.655
-3504	-7.102	56.636
-3503	-7.121	56.617
-3502	-7.143	56.598
-3501	-7.168	56.580
-3500	-7.195	56.564
-3499	-7.225	56.549
-3498	-7.255	56.536
-3497	-7.287	56.522
-3496	-7.320	56.510
-3495	-7.353	56.500
-3494	-7.385	56.491
-3493	-7.417	56.481
-3492	-7.450	56.473
-3491	-7.483	56.466
-3490	-7.518	56.458
-3489	-7.552	56.452
-3488	-7.585	56.447
-3487	-7.617	56.444
-3486	-7.647	56.442
-3485	-7.676	56.443
-3484	-7.705	56.445
-3483	-7.734	56.449
-3482	-7.763	56.453
-3481	-7.794	56.457
-3480	-7.824	56.460
-3479	-7.855	56.462
-3478	-7.884	56.463
-3477	-7.911	56.462
-3476	-7.937	56.461
-3475	-7.961	56.458
-3474	-7.984	56.452
-3473	-8.004	56.445
-3472	-8.022	56.436
-3471	-8.035	56.426
-3470	-8.044	56.414
-3469	-8.051	56.400
-3468	-8.053	56.383
-3467	-8.049	56.363
-3466	-8.041	56.339
-3465	-8.031	56.311
-3464	-8.020	56.279
-3463	-8.008	56.244
-3462	-7.995	56.206
-3461	-7.981	56.167
-3460	-7.968	56.126
-3459	-7.956	56.085
-3458	-7.948	56.044
-3457	-7.942	56.002
-3456	-7.936	55.961
-3455	-7.928	55.920
-3454	-7.921	55.879
-3453	-7.917	55.838
-3452	-7.916	55.797
-3451	-7.920	55.756
-3450	-7.927	55.717
-3449	-7.937	55.679
-3448	-7.947	55.644
-3447	-7.955	55.612
-3446	-7.962	55.583
-3445	-7.971	55.560
-3444	-7.979	55.541
-3443	-7.985	55.525
-3442	-7.992	55.511
-3441	-8.001	55.498
-3440	-8.012	55.484
-3439	-8.027	55.470
-3438	-8.043	55.454
-3437	-8.062	55.437
-3436	-8.085	55.417
-3435	-8.112	55.395
-3434	-8.141	55.370
-3433	-8.173	55.343
-3432	-8.207	55.315
-3431	-8.242	55.286
-3430	-8.277	55.256
-3429	-8.315	55.225
-3428	-8.355	55.193
-3427	-8.398	55.159
-3426	-8.444	55.124
-3425	-8.493	55.089
-3424	-8.545	55.053
-3423	-8.600	55.019
-3422	-8.657	54.987
-3421	-8.716	54.954
-3420	-8.778	54.921
-3419	-8.840	54.888
-3418	-8.902	54.855
-3417	-8.962	54.823
-3416	-9.018	54.790
-3415	-9.072	54.756
-3414	-9.122	54.722
-3413	-9.171	54.688
-3412	-9.221	54.655
-3411	-9.273	54.622
-3410	-9.327	54.590
-3409	-9.383	54.557
-3408	-9.440	54.525
-3407	-9.497	54.492
-3406	-9.554	54.458
-3405	-9.608	54.424
-3404	-9.658	54.387
-3403	-9.702	54.347
-3402	-9.738	54.304
-3401	-9.767	54.259
-3400	-9.790	54.213
-3399	-9.806	54.167
-3398	-9.815	54.119
-3397	-9.818	54.070
-3396	-9.814	54.019
-3395	-9.806	53.968
-3394	-9.791	53.915
-3393	-9.770	53.863
-3392	-9.745	53.811
-3391	-9.715	53.760
-3390	-9.684	53.712
-3389	-9.652	53.667
-3388	-9.624	53.627
-3387	-9.598	53.590
-3386	-9.576	53.556
-3385	-9.557	53.525
-3384	-9.538	53.497
-3383	-9.521	53.472
-3382	-9.503	53.448
-3381	-9.483	53.426
-3380	-9.459	53.405
-3379	-9.432	53.385
-3378	-9.404	53.365
-3377	-9.373	53.342
-3376	-9.339	53.319
-3375	-9.302	53.297
-3374	-9.264	53.274
-3373	-9.226	53.252
-3372	-9.189	53.230
-3371	-9.155	53.210
-3370	-9.123	53.191
-3369	-9.091	53.173
-3368	-9.058	53.156
-3367	-9.023	53.137
-3366	-8.984	53.118
-3365	-8.945	53.098
-3364	-8.907	53.078
-3363	-8.872	53.057
-3362	-8.842	53.036
-3361	-8.817	53.016
-3360	-8.797	52.997
-3359	-8.783	52.979
-3358	-8.773	52.960
-3357	-8.765	52.939
-3356	-8.758	52.915
-3355	-8.752	52.888
-3354	-8.748	52.858
-3353	-8.749	52.826
-3352	-8.752	52.791
-3351	-8.758	52.755
-3350	-8.764	52.719
-3349	-8.771	52.684
-3348	-8.777	52.650
-3347	-8.779	52.617
-3346	-8.777	52.585
-3345	-8.772	52.554
-3344	-8.764	52.524
-3343	-8.753	52.496
-3342	-8.740	52.470
-3341	-8.727	52.447
-3340	-8.714	52.426
-3339	-8.701	52.407
-3338	-8.687	52.391
-3337	-8.672	52.376
-3336	-8.655	52.361
-3335	-8.638	52.347
-3334	-8.620	52.334
-3333	-8.599	52.320
-3332	-8.577	52.307
-3331	-8.553	52.296
-3330	-8.526	52.285
-3329	-8.497	52.275
-3328	-8.468	52.266
-3327	-8.439	52.257
-3326	-8.412	52.249
-3325	-8.386	52.238
-3324	-8.360	52.226
-3323	-8.334	52.211
-3322	-8.307	52.192
-3321	-8.279	52.168
-3320	-8.249	52.140
-3319	-8.215	52.110
-3318	-8.179	52.079
-3317	-8.141	52.047
-3316	-8.104	52.015
-3315	-8.067	51.984
-3314	-8.031	51.952
-3313	-7.995	51.920
-3312	-7.958	51.890
-3311	-7.919	51.863
-3310	-7.875	51.839
-3309	-7.829	51.818
-3308	-7.780	51.800
-3307	-7.727	51.783
-3306	-7.673	51.767
-3305	-7.620	51.751
-3304	-7.567	51.737
-3303	-7.516	51.724
-3302	-7.466	51.712
-3301	-7.417	51.700
-3300	-7.371	51.689
-3299	-7.327	51.676
-3298	-7.285	51.664
-3297	-7.245	51.651
-3296	-7.204	51.638
-3295	-7.164	51.627
-3294	-7.124	51.616
-3293	-7.081	51.607
-3292	-7.036	51.598
-3291	-6.988	51.591
-3290	-6.941	51.583
-3289	-6.894	51.575
-3288	-6.849	51.566
-3287	-6.808	51.557
-3286	-6.772	51.549
-3285	-6.739	51.544
-3284	-6.707	51.541
-3283	-6.676	51.542
-3282	-6.645	51.544
-3281	-6.614	51.549
-3280	-6.581	51.556
-3279	-6.547	51.565
-3278	-6.513	51.579
-3277	-6.479	51.595
-3276	-6.444	51.613
-3275	-6.408	51.634
-3274	-6.373	51.659
-3273	-6.337	51.687
-3272	-6.298	51.716
-3271	-6.258	51.746
-3270	-6.217	51.777
-3269	-6.178	51.810
-3268	-6.142	51.847
-3267	-6.109	51.887
-3266	-6.079	51.931
-3265	-6.049	51.976
-3264	-6.019	52.024
-3263	-5.989	52.073
-3262	-5.957	52.126
-3261	-5.924	52.182
-3260	-5.890	52.241
-3259	-5.854	52.302
-3258	-5.818	52.363
-3257	-5.781	52.424
-3256	-5.746	52.485
-3255	-5.712	52.546
-3254	-5.680	52.606
-3253	-5.649	52.662
-3252	-5.623	52.714
-3251	-5.601	52.759
-3250	-5.583	52.799
-3249	-5.567	52.834
-3248	-5.552	52.862
-3247	-5.536	52.883
-3246	-5.518	52.901
-3245	-5.499	52.915
-3244	-5.479	52.927
-3243	-5.459	52.938
-3242	-5.438	52.947
-3241	-5.418	52.954
-3240	-5.397	52.960
-3239	-5.376	52.965
-3238	-5.354	52.969
-3237	-5.334	52.974
-3236	-5.315	52.977
-3235	-5.298	52.979
-3234	-5.283	52.979
-3233	-5.270	52.976
-3232	-5.259	52.971
-3231	-5.252	52.963
-3230	-5.247	52.952
-3229	-5.242	52.937
-3228	-5.238	52.921
-3227	-5.235	52.904
-3226	-5.234	52.886
-3225	-5.236	52.865
-3224	-5.239	52.843
-3223	-5.242	52.819
-3222	-5.246	52.792
-3221	-5.253	52.765
-3220	-5.264	52.740
-3219	-5.280	52.715
-3218	-5.301	52.691
-3217	-5.325	52.668
-3216	-5.354	52.646
-3215	-5.386	52.624
-3214	-5.419	52.603
-3213	-5.455	52.582
-3212	-5.490	52.562
-3211	-5.526	52.540
-3210	-5.561	52.519
-3209	-5.595	52.499
-3208	-5.629	52.479
-3207	-5.663	52.462
-3206	-5.696	52.447
-3205	-5.728	52.435
-3204	-5.758	52.426
-3203	-5.786	52.420
-3202	-5.811	52.417
-3201	-5.836	52.417
-3200	-5.860	52.420
-3199	-5.884	52.425
-3198	-5.909	52.431
-3197	-5.934	52.439
-3196	-5.959	52.447
-3195	-5.982	52.454
-3194	-6.003	52.462
-3193	-6.021	52.471
-3192	-6.038	52.481
-3191	-6.055	52.492
-3190	-6.071	52.503
-3189	-6.087	52.514
-3188	-6.105	52.523
-3187	-6.123	52.530
-3186	-6.140	52.534
-3185	-6.155	52.535
-3184	-6.169	52.534
-3183	-6.182	52.532
-3182	-6.194	52.528
-3181	-6.204	52.523
-3180	-6.211	52.518
-3179	-6.214	52.512
-3178	-6.211	52.506
-3177	-6.202	52.501
-3176	-6.189	52.496
-3175	-6.172	52.490
-3174	-6.151	52.484
-3173	-6.130	52.478
-3172	-6.110	52.470
-3171	-6.092	52.463
-3170	-6.075	52.456
-3169	-6.060	52.450
-3168	-6.045	52.445
-3167	-6.032	52.442
-3166	-6.021	52.441
-3165	-6.013	52.441
-3164	-6.010	52.442
-3163	-6.010	52.444
-3162	-6.013	52.447
-3161	-6.017	52.449
-3160	-6.024	52.452
-3159	-6.032	52.455
-3158	-6.040	52.458
-3157	-6.048	52.461
-3156	-6.055	52.465
-3155	-6.062	52.470
-3154	-6.069	52.475
-3153	-6.076	52.482
-3152	-6.083	52.489
-3151	-6.091	52.497
-3150	-6.098	52.506
-3149	-6.106	52.516
-3148	-6.113	52.528
-3147	-6.121	52.541
-3146	-6.128	52.553
-3145	-6.136	52.567
-3144	-6.144	52.580
-3143	-6.153	52.594
-3142	-6.162	52.607
-3141	-6.172	52.618
-3140	-6.184	52.629
-3139	-6.197	52.639
-3138	-6.212	52.650
-3137	-6.227	52.661
-3136	-6.244	52.675
-3135	-6.262	52.691
-3134	-6.280	52.709
-3133	-6.296	52.729
-3132	-6.310	52.750
-3131	-6.321	52.773
-3130	-6.330	52.798
-3129	-6.336	52.826
-3128	-6.339	52.856
-3127	-6.340	52.887
-3126	-6.338	52.920
-3125	-6.334	52.953
-3124	-6.328	52.984
-3123	-6.321	53.015
-3122	-6.312	53.043
-3121	-6.303	53.069
-3120	-6.292	53.091
-3119	-6.282	53.111
-3118	-6.272	53.130
-3117	-6.264	53.146
-3116	-6.256	53.160
-3115	-6.247	53.173
-3114	-6.236	53.186
-3113	-6.220	53.200
-3112	-6.202	53.213
-3111	-6.183	53.228
-3110	-6.163	53.243
-3109	-6.143	53.257
-3108	-6.122	53.271
-3107	-6.100	53.285
-3106	-6.077	53.297
-3105	-6.052	53.307
-3104	-6.025	53.317
-3103	-5.997	53.324
-3102	-5.971	53.330
-3101	-5.947	53.335
-3100	-5.924	53.340
-3099	-5.901	53.345
-3098	-5.879	53.349
-3097	-5.857	53.353
-3096	-5.834	53.356
-3095	-5.810	53.358
-3094	-5.785	53.360
-3093	-5.760	53.362
-3092	-5.736	53.364
-3091	-5.712	53.367
-3090	-5.691	53.369
-3089	-5.672	53.372
-3088	-5.656	53.375
-3087	-5.642	53.378
-3086	-5.629	53.381
-3085	-5.617	53.383
-3084	-5.603	53.384
-3083	-5.589	53.382
-3082	-5.575	53.379
-3081	-5.561	53.375
-3080	-5.546	53.371
-3079	-5.533	53.366
-3078	-5.520	53.362
-3077	-5.509	53.358
-3076	-5.499	53.355
-3075	-5.490	53.353
-3074	-5.482	53.351
-3073	-5.475	53.351
-3072	-5.471	53.353
-3071	-5.468	53.355
-3070	-5.470	53.358
-3069	-5.474	53.362
-3068	-5.480	53.366
-3067	-5.487	53.369
-3066	-5.492	53.371
-3065	-5.497	53.372
-3064	-5.499	53.371
-3063	-5.500	53.369
-3062	-5.500	53.365
-3061	-5.499	53.358
-3060	-5.497	53.350
-3059	-5.492	53.340
-3058	-5.487	53.328
-3057	-5.482	53.316
-3056	-5.477	53.304
-3055	-5.472	53.292
-3054	-5.468	53.281
-3053	-5.465	53.271
-3052	-5.462	53.261
-3051	-5.461	53.253
-3050	-5.460	53.246
-3049	-5.458	53.240
-3048	-5.457	53.234
-3047	-5.456	53.228
-3046	-5.455	53.223
-3045	-5.454	53.220
-3044	-5.454	53.219
-3043	-5.453	53.219
-3042	-5.451	53.220
-3041	-5.448	53.220
-3040	-5.445	53.220
-3039	-5.440	53.217
-3038	-5.433	53.214
-3037	-5.426	53.209
-3036	-5.418	53.203
-3035	-5.409	53.196
-3034	-5.401	53.188
-3033	-5.393	53.180
-3032	-5.385	53.172
-3031	-5.377	53.164
-3030	-5.368	53.156
-3029	-5.358	53.148
-3028	-5.347	53.140
-3027	-5.336	53.132
-3026	-5.322	53.123
-3025	-5.307	53.113
-3024	-5.291	53.104
-3023	-5.274	53.093
-3022	-5.258	53.083
-3021	-5.243	53.073
-3020	-5.230	53.062
-3019	-5.216	53.051
-3018	-5.203	53.038
-3017	-5.189	53.023
-3016	-5.174	53.006
-3015	-5.158	52.987
-3014	-5.141	52.967
-3013	-5.122	52.946
-3012	-5.101	52.925
-3011	-5.077	52.902
-3010	-5.053	52.879
-3009	-5.028	52.855
-3008	-5.002	52.831
-3007	-4.977	52.808
-3006	-4.952	52.784
-3005	-4.928	52.760
-3004	-4.904	52.736
-3003	-4.881	52.713
-3002	-4.857	52.689
-3001	-4.834	52.666
-3000	-4.810	52.642
-2999	-4.785	52.619
-2998	-4.759	52.598
-2997	-4.729	52.578
-2996	-4.696	52.561
-2995	-4.660	52.545
-2994	-4.624	52.530
-2993	-4.587	52.518
-2992	-4.552	52.506
-2991	-4.519	52.495
-2990	-4.488	52.485
-2989	-4.459	52.477
-2988	-4.433	52.470
-2987	-4.411	52.466
-2986	-4.390	52.463
-2985	-4.371	52.459
-2984	-4.355	52.455
-2983	-4.343	52.451
-2982	-4.334	52.446
-2981	-4.328	52.442
-2980	-4.325	52.438
-2979	-4.323	52.435
-2978	-4.320	52.433
-2977	-4.317	52.433
-2976	-4.314	52.435
-2975	-4.313	52.438
-2974	-4.314	52.441
-2973	-4.318	52.441
-2972	-4.326	52.438
-2971	-4.338	52.435
-2970	-4.353	52.430
-2969	-4.370	52.425
-2968	-4.388	52.418
-2967	-4.407	52.409
-2966	-4.425	52.398
-2965	-4.440	52.384
-2964	-4.452	52.368
-2963	-4.460	52.352
-2962	-4.466	52.335
-2961	-4.469	52.317
-2960	-4.471	52.300
-2959	-4.471	52.284
-2958	-4.470	52.269
-2957	-4.467	52.255
-2956	-4.461	52.242
-2955	-4.453	52.230
-2954	-4.443	52.218
-2953	-4.431	52.206
-2952	-4.418	52.194
-2951	-4.406	52.181
-2950	-4.392	52.167
-2949	-4.378	52.153
-2948	-4.362	52.141
-2947	-4.346	52.132
-2946	-4.330	52.126
-2945	-4.316	52.121
-2944	-4.306	52.117
-2943	-4.299	52.114
-2942	-4.296	52.113
-2941	-4.297	52.112
-2940	-4.302	52.113
-2939	-4.312	52.114
-2938	-4.327	52.116
-2937	-4.345	52.118
-2936	-4.366	52.120
-2935	-4.388	52.120
-2934	-4.411	52.119
-2933	-4.434	52.117
-2932	-4.458	52.114
-2931	-4.481	52.112
-2930	-4.504	52.110
-2929	-4.527	52.111
-2928	-4.549	52.115
-2927	-4.570	52.122
-2926	-4.589	52.132
-2925	-4.606	52.144
-2924	-4.622	52.156
-2923	-4.635	52.166
-2922	-4.647	52.175
-2921	-4.659	52.182
-2920	-4.672	52.187
-2919	-4.687	52.192
-2918	-4.705	52.197
-2917	-4.725	52.202
-2916	-4.748	52.207
-2915	-4.773	52.213
-2914	-4.799	52.221
-2913	-4.827	52.229
-2912	-4.856	52.239
-2911	-4.885	52.250
-2910	-4.916	52.262
-2909	-4.950	52.273
-2908	-4.983	52.284
-2907	-5.015	52.296
-2906	-5.046	52.309
-2905	-5.075	52.322
-2904	-5.103	52.334
-2903	-5.128	52.347
-2902	-5.151	52.359
-2901	-5.172	52.370
-2900	-5.189	52.380
-2899	-5.201	52.389
-2898	-5.208	52.396
-2897	-5.210	52.401
-2896	-5.207	52.404
-2895	-5.202	52.407
-2894	-5.195	52.411
-2893	-5.185	52.416
-2892	-5.173	52.421
-2891	-5.161	52.426
-2890	-5.148	52.431
-2889	-5.134	52.437
-2888	-5.120	52.443
-2887	-5.106	52.448
-2886	-5.095	52.454
-2885	-5.088	52.461
-2884	-5.085	52.467
-2883	-5.085	52.474
-2882	-5.087	52.480
-2881	-5.090	52.483
-2880	-5.093	52.484
-2879	-5.095	52.483
-2878	-5.094	52.479
-2877	-5.092	52.475
-2876	-5.087	52.471
-2875	-5.082	52.468
-2874	-5.077	52.467
-2873	-5.072	52.469
-2872	-5.065	52.471
-2871	-5.058	52.474
-2870	-5.050	52.476
-2869	-5.040	52.479
-2868	-5.028	52.481
-2867	-5.013	52.482
-2866	-4.997	52.482
-2865	-4.980	52.478
-2864	-4.963	52.470
-2863	-4.947	52.459
-2862	-4.931	52.447
-2861	-4.916	52.434
-2860	-4.898	52.419
-2859	-4.879	52.402
-2858	-4.859	52.385
-2857	-4.839	52.367
-2856	-4.819	52.349
-2855	-4.801	52.330
-2854	-4.784	52.310
-2853	-4.765	52.290
-2852	-4.745	52.269
-2851	-4.724	52.246
-2850	-4.703	52.222
-2849	-4.682	52.197
-2848	-4.660	52.174
-2847	-4.638	52.154
-2846	-4.615	52.136
-2845	-4.591	52.118
-2844	-4.566	52.098
-2843	-4.538	52.078
-2842	-4.508	52.059
-2841	-4.477	52.044
-2840	-4.446	52.032
-2839	-4.414	52.025
-2838	-4.384	52.017
-2837	-4.355	52.007
-2836	-4.324	51.994
-2835	-4.292	51.977
-2834	-4.258	51.960
-2833	-4.224	51.944
-2832	-4.188	51.930
-2831	-4.151	51.916
-2830	-4.115	51.905
-2829	-4.081	51.897
-2828	-4.050	51.892
-2827	-4.021	51.888
-2826	-3.994	51.885
-2825	-3.970	51.883
-2824	-3.946	51.885
-2823	-3.922	51.890
-2822	-3.900	51.898
-2821	-3.878	51.909
-2820	-3.857	51.919
-2819	-3.835	51.927
-2818	-3.812	51.934
-2817	-3.791	51.939
-2816	-3.769	51.944
-2815	-3.748	51.950
-2814	-3.727	51.958
-2813	-3.705	51.967
-2812	-3.683	51.976
-2811	-3.660	51.982
-2810	-3.637	51.985
-2809	-3.612	51.985
-2808	-3.585	51.983
-2807	-3.558	51.980
-2806	-3.530	51.976
-2805	-3.502	51.971
-2804	-3.474	51.969
-2803	-3.445	51.968
-2802	-3.416	51.967
-2801	-3.385	51.965
-2800	-3.352	51.962
-2799	-3.315	51.958
-2798	-3.276	51.954
-2797	-3.237	51.951
-2796	-3.199	51.951
-2795	-3.161	51.952
-2794	-3.124	51.957
-2793	-3.085	51.963
-2792	-3.044	51.968
-2791	-3.003	51.973
-2790	-2.963	51.977
-2789	-2.925	51.980
-2788	-2.890	51.984
-2787	-2.858	51.990
-2786	-2.827	51.997
-2785	-2.794	52.004
-2784	-2.759	52.011
-2783	-2.722	52.018
-2782	-2.682	52.024
-2781	-2.641	52.030
-2780	-2.598	52.034
-2779	-2.555	52.039
-2778	-2.513	52.044
-2777	-2.472	52.050
-2776	-2.430	52.056
-2775	-2.389	52.063
-2774	-2.350	52.070
-2773	-2.313	52.076
-2772	-2.275	52.079
-2771	-2.235	52.079
-2770	-2.192	52.077
-2769	-2.147	52.071
-2768	-2.102	52.063
-2767	-2.057	52.056
-2766	-2.014	52.049
-2765	-1.972	52.044
-2764	-1.930	52.039
-2763	-1.889	52.035
-2762	-1.847	52.032
-2761	-1.808	52.029
-2760	-1.770	52.027
-2759	-1.736	52.029
-2758	-1.707	52.033
-2757	-1.684	52.039
-2756	-1.664	52.047
-2755	-1.648	52.055
-2754	-1.638	52.066
-2753	-1.632	52.078
-2752	-1.631	52.091
-2751	-1.633	52.104
-2750	-1.639	52.117
-2749	-1.648	52.129
-2748	-1.659	52.140
-2747	-1.671	52.149
-2746	-1.681	52.157
-2745	-1.691	52.164
-2744	-1.697	52.172
-2743	-1.701	52.181
-2742	-1.702	52.190
-2741	-1.698	52.199
-2740	-1.688	52.205
-2739	-1.674	52.211
-2738	-1.656	52.214
-2737	-1.635	52.214
-2736	-1.612	52.213
-2735	-1.586	52.211
-2734	-1.560	52.210
-2733	-1.535	52.210
-2732	-1.512	52.212
-2731	-1.493	52.217
-2730	-1.478	52.224
-2729	-1.468	52.233
-2728	-1.462	52.243
-2727	-1.459	52.255
-2726	-1.457	52.268
-2725	-1.458	52.282
-2724	-1.460	52.297
-2723	-1.464	52.314
-2722	-1.471	52.330
-2721	-1.477	52.346
-2720	-1.483	52.363
-2719	-1.488	52.380
-2718	-1.493	52.396
-2717	-1.498	52.412
-2716	-1.501	52.428
-2715	-1.503	52.442
-2714	-1.504	52.455
-2713	-1.505	52.468
-2712	-1.503	52.479
-2711	-1.500	52.490
-2710	-1.495	52.501
-2709	-1.491	52.513
-2708	-1.488	52.525
-2707	-1.484	52.536
-2706	-1.477	52.547
-2705	-1.467	52.557
-2704	-1.455	52.567
-2703	-1.440	52.577
-2702	-1.424	52.587
-2701	-1.406	52.597
-2700	-1.385	52.607
-2699	-1.362	52.618
-2698	-1.337	52.630
-2697	-1.311	52.645
-2696	-1.284	52.658
-2695	-1.257	52.669
-2694	-1.229	52.677
-2693	-1.199	52.682
-2692	-1.166	52.684
-2691	-1.132	52.684
-2690	-1.097	52.681
-2689	-1.061	52.675
-2688	-1.026	52.668
-2687	-0.991	52.657
-2686	-0.959	52.644
-2685	-0.927	52.631
-2684	-0.897	52.615
-2683	-0.867	52.598
-2682	-0.835	52.580
-2681	-0.803	52.560
-2680	-0.769	52.537
-2679	-0.738	52.512
-2678	-0.710	52.487
-2677	-0.684	52.463
-2676	-0.659	52.439
-2675	-0.635	52.417
-2674	-0.611	52.399
-2673	-0.588	52.382
-2672	-0.564	52.366
-2671	-0.540	52.351
-2670	-0.513	52.337
-2669	-0.484	52.323
-2668	-0.454	52.310
-2667	-0.422	52.298
-2666	-0.387	52.287
-2665	-0.348	52.279
-2664	-0.307	52.270
-2663	-0.264	52.263
-2662	-0.218	52.258
-2661	-0.170	52.254
-2660	-0.121	52.251
-2659	-0.070	52.249
-2658	-0.020	52.248
-2657	0.031	52.247
-2656	0.083	52.247
-2655	0.134	52.249
-2654	0.186	52.254
-2653	0.238	52.262
-2652	0.289	52.273
-2651	0.339	52.285
-2650	0.390	52.298
-2649	0.443	52.312
-2648	0.496	52.324
-2647	0.550	52.335
-2646	0.605	52.345
-2645	0.661	52.354
-2644	0.716	52.363
-2643	0.770	52.370
-2642	0.823	52.377
-2641	0.874	52.385
-2640	0.925	52.395
-2639	0.977	52.408
-2638	1.029	52.423
-2637	1.081	52.442
-2636	1.131	52.463
-2635	1.180	52.486
-2634	1.228	52.511
-2633	1.272	52.539
-2632	1.312	52.570
-2631	1.348	52.605
-2630	1.382	52.644
-2629	1.412	52.686
-2628	1.438	52.732
-2627	1.459	52.780
-2626	1.477	52.830
-2625	1.491	52.879
-2624	1.502	52.925
-2623	1.509	52.968
-2622	1.513	53.009
-2621	1.513	53.047
-2620	1.512	53.082
-2619	1.510	53.116
-2618	1.508	53.150
-2617	1.508	53.184
-2616	1.509	53.218
-2615	1.513	53.252
-2614	1.521	53.288
-2613	1.533	53.324
-2612	1.550	53.362
-2611	1.569	53.401
-2610	1.587	53.442
-2609	1.603	53.484
-2608	1.618	53.527
-2607	1.631	53.571
-2606	1.642	53.615
-2605	1.652	53.659
-2604	1.663	53.702
-2603	1.674	53.744
-2602	1.685	53.786
-2601	1.697	53.828
-2600	1.710	53.870
-2599	1.722	53.912
-2598	1.734	53.955
-2597	1.746	53.997
-2596	1.758	54.039
-2595	1.767	54.079
-2594	1.773	54.119
-2593	1.775	54.160
-2592	1.771	54.202
-2591	1.762	54.243
-2590	1.751	54.284
-2589	1.735	54.324
-2588	1.715	54.365
-2587	1.693	54.407
-2586	1.670	54.449
-2585	1.645	54.492
-2584	1.619	54.536
-2583	1.592	54.579
-2582	1.565	54.622
-2581	1.536	54.664
-2580	1.506	54.706
-2579	1.475	54.748
-2578	1.442	54.790
-2577	1.410	54.831
-2576	1.376	54.871
-2575	1.344	54.911
-2574	1.312	54.949
-2573	1.281	54.987
-2572	1.250	55.024
-2571	1.220	55.059
-2570	1.190	55.093
-2569	1.161	55.126
-2568	1.130	55.158
-2567	1.097	55.191
-2566	1.064	55.224
-2565	1.030	55.255
-2564	0.996	55.285
-2563	0.962	55.315
-2562	0.928	55.344
-2561	0.895	55.371
-2560	0.863	55.397
-2559	0.835	55.423
-2558	0.808	55.449
-2557	0.782	55.474
-2556	0.755	55.499
-2555	0.728	55.523
-2554	0.699	55.546
-2553	0.667	55.568
-2552	0.632	55.590
-2551	0.594	55.612
-2550	0.552	55.634
-2549	0.507	55.657
-2548	0.459	55.680
-2547	0.410	55.703
-2546	0.360	55.725
-2545	0.312	55.746
-2544	0.267	55.764
-2543	0.223	55.782
-2542	0.180	55.799
-2541	0.135	55.816
-2540	0.089	55.832
-2539	0.040	55.849
-2538	-0.011	55.867
-2537	-0.064	55.885
-2536	-0.117	55.903
-2535	-0.170	55.922
-2534	-0.224	55.941
-2533	-0.281	55.961
-2532	-0.340	55.979
-2531	-0.402	55.997
-2530	-0.467	56.016
-2529	-0.533	56.034
-2528	-0.597	56.053
-2527	-0.659	56.072
-2526	-0.717	56.091
-2525	-0.770	56.111
-2524	-0.820	56.133
-2523	-0.867	56.156
-2522	-0.910	56.182
-2521	-0.952	56.209
-2520	-0.993	56.237
-2519	-1.035	56.264
-2518	-1.076	56.292
-2517	-1.118	56.318
-2516	-1.159	56.344
-2515	-1.199	56.369
-2514	-1.239	56.393
-2513	-1.280	56.416
-2512	-1.321	56.438
-2511	-1.364	56.459
-2510	-1.408	56.479
-2509	-1.454	56.498
-2508	-1.499	56.515
-2507	-1.544	56.532
-2506	-1.590	56.548
-2505	-1.634	56.563
-2504	-1.677	56.576
-2503	-1.721	56.588
-2502	-1.766	56.600
-2501	-1.813	56.613
-2500	-1.858	56.625
-2499	-1.902	56.637
-2498	-1.943	56.648
-2497	-1.984	56.659
-2496	-2.025	56.670
-2495	-2.064	56.681
-2494	-2.103	56.691
-2493	-2.141	56.703
-2492	-2.180	56.715
-2491	-2.218	56.727
-2490	-2.254	56.739
-2489	-2.289	56.750
-2488	-2.322	56.761
-2487	-2.355	56.773
-2486	-2.388	56.785
-2485	-2.422	56.797
-2484	-2.456	56.809
-2483	-2.488	56.821
-2482	-2.520	56.832
-2481	-2.552	56.842
-2480	-2.585	56.850
-2479	-2.616	56.857
-2478	-2.645	56.864
-2477	-2.672	56.871
-2476	-2.698	56.878
-2475	-2.721	56.886
-2474	-2.743	56.894
-2473	-2.767	56.903
-2472	-2.791	56.912
-2471	-2.815	56.921
-2470	-2.837	56.929
-2469	-2.858	56.938
-2468	-2.881	56.948
-2467	-2.906	56.958
-2466	-2.933	56.970
-2465	-2.961	56.982
-2464	-2.988	56.995
-2463	-3.018	57.009
-2462	-3.046	57.025
-2461	-3.073	57.042
-2460	-3.097	57.062
-2459	-3.119	57.084
-2458	-3.139	57.108
-2457	-3.160	57.133
-2456	-3.181	57.158
-2455	-3.203	57.184
-2454	-3.225	57.210
-2453	-3.247	57.236
-2452	-3.269	57.262
-2451	-3.290	57.286
-2450	-3.313	57.308
-2449	-3.339	57.329
-2448	-3.370	57.348
-2447	-3.405	57.366
-2446	-3.444	57.382
-2445	-3.486	57.399
-2444	-3.530	57.416
-2443	-3.574	57.433
-2442	-3.617	57.451
-2441	-3.657	57.467
-2440	-3.694	57.483
-2439	-3.727	57.497
-2438	-3.757	57.509
-2437	-3.786	57.521
-2436	-3.811	57.532
-2435	-3.831	57.542
-2434	-3.847	57.552
-2433	-3.861	57.561
-2432	-3.873	57.569
-2431	-3.883	57.577
-2430	-3.894	57.586
-2429	-3.906	57.597
-2428	-3.919	57.612
-2427	-3.933	57.627
-2426	-3.949	57.645
-2425	-3.968	57.664
-2424	-3.986	57.684
-2423	-4.003	57.706
-2422	-4.020	57.729
-2421	-4.038	57.754
-2420	-4.059	57.781
-2419	-4.083	57.811
-2418	-4.107	57.842
-2417	-4.132	57.874
-2416	-4.157	57.905
-2415	-4.182	57.936
-2414	-4.207	57.967
-2413	-4.233	57.998
-2412	-4.260	58.029
-2411	-4.288	58.061
-2410	-4.314	58.092
-2409	-4.337	58.124
-2408	-4.356	58.155
-2407	-4.372	58.186
-2406	-4.384	58.217
-2405	-4.394	58.249
-2404	-4.402	58.280
-2403	-4.409	58.313
-2402	-4.414	58.347
-2401	-4.417	58.381
-2400	-4.415	58.415
-2399	-4.411	58.450
-2398	-4.404	58.486
-2397	-4.396	58.525
-2396	-4.385	58.565
-2395	-4.373	58.607
-2394	-4.359	58.650
-2393	-4.342	58.693
-2392	-4.324	58.737
-2391	-4.305	58.780
-2390	-4.285	58.822
-2389	-4.265	58.865
-2388	-4.243	58.908
-2387	-4.217	58.951
-2386	-4.188	58.994
-2385	-4.156	59.036
-2384	-4.122	59.077
-2383	-4.088	59.116
-2382	-4.055	59.154
-2381	-4.022	59.191
-2380	-3.990	59.226
-2379	-3.956	59.261
-2378	-3.920	59.292
-2377	-3.881	59.322
-2376	-3.841	59.349
-2375	-3.803	59.372
-2374	-3.765	59.392
-2373	-3.731	59.409
-2372	-3.700	59.424
-2371	-3.669	59.439
-2370	-3.637	59.453
-2369	-3.607	59.466
-2368	-3.581	59.480
-2367	-3.561	59.497
-2366	-3.544	59.517
-2365	-3.529	59.540
-2364	-3.514	59.566
-2363	-3.497	59.592
-2362	-3.476	59.619
-2361	-3.455	59.644
-2360	-3.434	59.668
-2359	-3.416	59.693
-2358	-3.399	59.716
-2357	-3.382	59.739
-2356	-3.365	59.761
-2355	-3.350	59.784
-2354	-3.337	59.808
-2353	-3.328	59.835
-2352	-3.323	59.864
-2351	-3.320	59.894
-2350	-3.321	59.926
-2349	-3.324	59.959
-2348	-3.329	59.994
-2347	-3.334	60.030
-2346	-3.342	60.068
-2345	-3.350	60.108
-2344	-3.358	60.150
-2343	-3.363	60.193
-2342	-3.366	60.236
-2341	-3.366	60.279
-2340	-3.362	60.320
-2339	-3.356	60.361
-2338	-3.347	60.400
-2337	-3.338	60.439
-2336	-3.328	60.477
-2335	-3.319	60.514
-2334	-3.310	60.551
-2333	-3.303	60.588
-2332	-3.298	60.626
-2331	-3.296	60.664
-2330	-3.297	60.700
-2329	-3.300	60.735
-2328	-3.303	60.768
-2327	-3.309	60.799
-2326	-3.317	60.828
-2325	-3.326	60.856
-2324	-3.335	60.884
-2323	-3.343	60.911
-2322	-3.352	60.938
-2321	-3.364	60.964
-2320	-3.379	60.991
-2319	-3.397	61.019
-2318	-3.416	61.046
-2317	-3.436	61.072
-2316	-3.455	61.098
-2315	-3.471	61.124
-2314	-3.484	61.150
-2313	-3.494	61.176
-2312	-3.501	61.201
-2311	-3.505	61.225
-2310	-3.508	61.246
-2309	-3.508	61.264
-2308	-3.505	61.278
-2307	-3.499	61.292
-2306	-3.489	61.305
-2305	-3.477	61.319
-2304	-3.464	61.334
-2303	-3.449	61.351
-2302	-3.434	61.368
-2301	-3.420	61.385
-2300	-3.407	61.399
-2299	-3.395	61.413
-2298	-3.384	61.426
-2297	-3.376	61.438
-2296	-3.367	61.450
-2295	-3.359	61.463
-2294	-3.351	61.479
-2293	-3.344	61.502
-2292	-3.339	61.531
-2291	-3.337	61.562
-2290	-3.341	61.597
-2289	-3.351	61.635
-2288	-3.364	61.677
-2287	-3.376	61.723
-2286	-3.390	61.770
-2285	-3.407	61.817
-2284	-3.429	61.860
-2283	-3.458	61.899
-2282	-3.490	61.931
-2281	-3.521	61.955
-2280	-3.546	61.971
-2279	-3.564	61.979
-2278	-3.578	61.982
-2277	-3.586	61.981
-2276	-3.590	61.977
-2275	-3.589	61.969
-2274	-3.583	61.958
-2273	-3.573	61.946
-2272	-3.559	61.933
-2271	-3.544	61.918
-2270	-3.530	61.905
-2269	-3.514	61.894
-2268	-3.497	61.885
-2267	-3.478	61.875
-2266	-3.458	61.864
-2265	-3.439	61.853
-2264	-3.421	61.842
-2263	-3.408	61.832
-2262	-3.398	61.823
-2261	-3.391	61.815
-2260	-3.389	61.807
-2259	-3.393	61.801
-2258	-3.402	61.798
-2257	-3.413	61.797
-2256	-3.428	61.798
-2255	-3.446	61.798
-2254	-3.464	61.797
-2253	-3.479	61.797
-2252	-3.490	61.797
-2251	-3.499	61.797
-2250	-3.506	61.796
-2249	-3.514	61.793
-2248	-3.523	61.789
-2247	-3.530	61.784
-2246	-3.535	61.779
-2245	-3.535	61.773
-2244	-3.529	61.767
-2243	-3.520	61.759
-2242	-3.512	61.749
-2241	-3.506	61.738
-2240	-3.502	61.725
-2239	-3.502	61.711
-2238	-3.506	61.697
-2237	-3.512	61.681
-2236	-3.518	61.663
-2235	-3.523	61.644
-2234	-3.529	61.625
-2233	-3.533	61.607
-2232	-3.536	61.589
-2231	-3.537	61.570
-2230	-3.537	61.551
-2229	-3.539	61.531
-2228	-3.543	61.512
-2227	-3.547	61.495
-2226	-3.551	61.482
-2225	-3.555	61.470
-2224	-3.562	61.461
-2223	-3.571	61.454
-2222	-3.581	61.449
-2221	-3.593	61.446
-2220	-3.607	61.446
-2219	-3.624	61.449
-2218	-3.644	61.455
-2217	-3.670	61.463
-2216	-3.702	61.472
-2215	-3.736	61.481
-2214	-3.772	61.492
-2213	-3.807	61.503
-2212	-3.840	61.514
-2211	-3.871	61.528
-2210	-3.900	61.541
-2209	-3.927	61.554
-2208	-3.950	61.565
-2207	-3.973	61.575
-2206	-3.997	61.580
-2205	-4.022	61.583
-2204	-4.048	61.585
-2203	-4.073	61.587
-2202	-4.098	61.589
-2201	-4.120	61.591
-2200	-4.140	61.594
-2199	-4.159	61.597
-2198	-4.175	61.599
-2197	-4.189	61.600
-2196	-4.201	61.601
-2195	-4.214	61.603
-2194	-4.227	61.605
-2193	-4.238	61.608
-2192	-4.246	61.612
-2191	-4.252	61.615
-2190	-4.257	61.619
-2189	-4.260	61.623
-2188	-4.261	61.628
-2187	-4.259	61.634
-2186	-4.255	61.640
-2185	-4.247	61.644
-2184	-4.236	61.648
-2183	-4.225	61.652
-2182	-4.213	61.658
-2181	-4.202	61.665
-2180	-4.196	61.677
-2179	-4.194	61.693
-2178	-4.197	61.713
-2177	-4.205	61.737
-2176	-4.219	61.765
-2175	-4.237	61.796
-2174	-4.257	61.829
-2173	-4.281	61.864
-2172	-4.307	61.900
-2171	-4.338	61.938
-2170	-4.372	61.976
-2169	-4.410	62.015
-2168	-4.449	62.052
-2167	-4.484	62.089
-2166	-4.516	62.125
-2165	-4.548	62.161
-2164	-4.578	62.198
-2163	-4.605	62.233
-2162	-4.631	62.267
-2161	-4.657	62.301
-2160	-4.683	62.333
-2159	-4.710	62.364
-2158	-4.738	62.394
-2157	-4.765	62.425
-2156	-4.792	62.457
-2155	-4.817	62.489
-2154	-4.839	62.520
-2153	-4.858	62.547
-2152	-4.877	62.569
-2151	-4.894	62.586
-2150	-4.914	62.598
-2149	-4.935	62.606
-2148	-4.955	62.611
-2147	-4.975	62.615
-2146	-4.994	62.618
-2145	-5.014	62.620
-2144	-5.038	62.622
-2143	-5.067	62.623
-2142	-5.101	62.624
-2141	-5.138	62.623
-2140	-5.177	62.621
-2139	-5.217	62.617
-2138	-5.259	62.609
-2137	-5.300	62.598
-2136	-5.340	62.586
-2135	-5.379	62.573
-2134	-5.416	62.560
-2133	-5.452	62.546
-2132	-5.489	62.534
-2131	-5.527	62.522
-2130	-5.566	62.511
-2129	-5.605	62.502
-2128	-5.642	62.494
-2127	-5.674	62.485
-2126	-5.701	62.474
-2125	-5.724	62.462
-2124	-5.743	62.450
-2123	-5.758	62.437
-2122	-5.770	62.426
-2121	-5.779	62.416
-2120	-5.783	62.408
-2119	-5.784	62.402
-2118	-5.781	62.397
-2117	-5.776	62.393
-2116	-5.769	62.389
-2115	-5.760	62.387
-2114	-5.750	62.386
-2113	-5.739	62.386
-2112	-5.729	62.388
-2111	-5.722	62.391
-2110	-5.718	62.395
-2109	-5.719	62.400
-2108	-5.724	62.405
-2107	-5.735	62.411
-2106	-5.756	62.418
-2105	-5.783	62.427
-2104	-5.815	62.437
-2103	-5.850	62.449
-2102	-5.885	62.462
-2101	-5.921	62.478
-2100	-5.958	62.494
-2099	-5.997	62.512
-2098	-6.039	62.531
-2097	-6.083	62.551
-2096	-6.129	62.571
-2095	-6.177	62.590
-2094	-6.224	62.607
-2093	-6.270	62.621
-2092	-6.317	62.634
-2091	-6.365	62.645
-2090	-6.416	62.655
-2089	-6.468	62.661
-2088	-6.523	62.665
-2087	-6.580	62.666
-2086	-6.638	62.664
-2085	-6.697	62.662
-2084	-6.756	62.659
-2083	-6.815	62.657
-2082	-6.874	62.655
-2081	-6.929	62.652
-2080	-6.981	62.650
-2079	-7.029	62.649
-2078	-7.071	62.648
-2077	-7.108	62.647
-2076	-7.137	62.644
-2075	-7.159	62.640
-2074	-7.176	62.633
-2073	-7.187	62.623
-2072	-7.193	62.610
-2071	-7.193	62.594
-2070	-7.185	62.576
-2069	-7.169	62.557
-2068	-7.147	62.537
-2067	-7.117	62.515
-2066	-7.084	62.492
-2065	-7.047	62.467
-2064	-7.008	62.438
-2063	-6.966	62.405
-2062	-6.922	62.369
-2061	-6.876	62.331
-2060	-6.833	62.293
-2059	-6.793	62.254
-2058	-6.756	62.216
-2057	-6.720	62.177
-2056	-6.683	62.140
-2055	-6.646	62.102
-2054	-6.608	62.063
-2053	-6.570	62.024
-2052	-6.531	61.985
-2051	-6.489	61.947
-2050	-6.447	61.910
-2049	-6.407	61.874
-2048	-6.369	61.840
-2047	-6.332	61.807
-2046	-6.298	61.776
-2045	-6.266	61.747
-2044	-6.237	61.719
-2043	-6.210	61.690
-2042	-6.184	61.661
-2041	-6.159	61.631
-2040	-6.134	61.601
-2039	-6.110	61.571
-2038	-6.087	61.541
-2037	-6.064	61.511
-2036	-6.041	61.483
-2035	-6.021	61.458
-2034	-6.005	61.436
-2033	-5.990	61.417
-2032	-5.974	61.400
-2031	-5.959	61.385
-2030	-5.947	61.371
-2029	-5.940	61.359
-2028	-5.938	61.349
-2027	-5.943	61.341
-2026	-5.952	61.333
-2025	-5.963	61.327
-2024	-5.975	61.321
-2023	-5.990	61.314
-2022	-6.008	61.308
-2021	-6.027	61.301
-2020	-6.047	61.294
-2019	-6.067	61.287
-2018	-6.086	61.282
-2017	-6.104	61.277
-2016	-6.120	61.273
-2015	-6.135	61.269
-2014	-6.152	61.266
-2013	-6.168	61.264
-2012	-6.185	61.262
-2011	-6.206	61.262
-2010	-6.229	61.261
-2009	-6.255	61.259
-2008	-6.284	61.258
-2007	-6.315	61.257
-2006	-6.348	61.255
-2005	-6.381	61.253
-2004	-6.414	61.249
-2003	-6.447	61.244
-2002	-6.479	61.237
-2001	-6.512	61.230
-2000	-6.548	61.223
-1999	-6.585	61.217
-1998	-6.623	61.211
-1997	-6.659	61.205
-1996	-6.692	61.199
-1995	-6.723	61.192
-1994	-6.751	61.186
-1993	-6.776	61.181
-1992	-6.798	61.175
-1991	-6.816	61.172
-1990	-6.834	61.170
-1989	-6.849	61.170
-1988	-6.863	61.171
-1987	-6.876	61.174
-1986	-6.890	61.178
-1985	-6.904	61.183
-1984	-6.914	61.189
-1983	-6.919	61.194
-1982	-6.920	61.197
-1981	-6.917	61.197
-1980	-6.908	61.195
-1979	-6.897	61.192
-1978	-6.885	61.188
-1977	-6.874	61.185
-1976	-6.866	61.183
-1975	-6.861	61.183
-1974	-6.860	61.183
-1973	-6.861	61.185
-1972	-6.864	61.187
-1971	-6.870	61.190
-1970	-6.880	61.195
-1969	-6.891	61.199
-1968	-6.904	61.204
-1967	-6.916	61.208
-1966	-6.930	61.213
-1965	-6.945	61.219
-1964	-6.960	61.227
-1963	-6.974	61.235
-1962	-6.987	61.244
-1961	-6.998	61.255
-1960	-7.009	61.266
-1959	-7.018	61.278
-1958	-7.027	61.290
-1957	-7.037	61.303
-1956	-7.049	61.317
-1955	-7.061	61.331
-1954	-7.072	61.347
-1953	-7.082	61.363
-1952	-7.091	61.377
-1951	-7.100	61.390
-1950	-7.109	61.402
-1949	-7.119	61.411
-1948	-7.130	61.420
-1947	-7.141	61.428
-1946	-7.153	61.434
-1945	-7.165	61.439
-1944	-7.178	61.443
-1943	-7.193	61.447
-1942	-7.207	61.449
-1941	-7.222	61.451
-1940	-7.234	61.452
-1939	-7.244	61.451
-1938	-7.253	61.450
-1937	-7.262	61.449
-1936	-7.271	61.446
-1935	-7.282	61.443
-1934	-7.295	61.439
-1933	-7.309	61.434
-1932	-7.325	61.428
-1931	-7.342	61.421
-1930	-7.361	61.414
-1929	-7.380	61.407
-1928	-7.401	61.399
-1927	-7.425	61.392
-1926	-7.453	61.383
-1925	-7.485	61.375
-1924	-7.521	61.366
-1923	-7.560	61.357
-1922	-7.601	61.348
-1921	-7.642	61.339
-1920	-7.683	61.330
-1919	-7.722	61.320
-1918	-7.760	61.310
-1917	-7.796	61.297
-1916	-7.831	61.283
-1915	-7.862	61.268
-1914	-7.890	61.252
-1913	-7.917	61.236
-1912	-7.942	61.221
-1911	-7.964	61.207
-1910	-7.984	61.194
-1909	-8.004	61.182
-1908	-8.021	61.171
-1907	-8.037	61.161
-1906	-8.053	61.152
-1905	-8.069	61.144
-1904	-8.086	61.137
-1903	-8.105	61.131
-1902	-8.123	61.126
-1901	-8.139	61.121
-1900	-8.154	61.117
-1899	-8.171	61.113
-1898	-8.188	61.110
-1897	-8.208	61.107
-1896	-8.230	61.106
-1895	-8.253	61.106
-1894	-8.278	61.106
-1893	-8.305	61.107
-1892	-8.335	61.108
-1891	-8.366	61.109
-1890	-8.395	61.109
-1889	-8.423	61.107
-1888	-8.451	61.103
-1887	-8.476	61.096
-1886	-8.501	61.086
-1885	-8.523	61.073
-1884	-8.542	61.059
-1883	-8.559	61.043
-1882	-8.574	61.027
-1881	-8.588	61.009
-1880	-8.600	60.990
-1879	-8.614	60.969
-1878	-8.628	60.947
-1877	-8.644	60.923
-1876	-8.660	60.900
-1875	-8.677	60.876
-1874	-8.694	60.854
-1873	-8.711	60.831
-1872	-8.728	60.808
-1871	-8.744	60.783
-1870	-8.759	60.758
-1869	-8.771	60.731
-1868	-8.784	60.703
-1867	-8.798	60.675
-1866	-8.814	60.648
-1865	-8.833	60.621
-1864	-8.855	60.594
-1863	-8.879	60.566
-1862	-8.904	60.538
-1861	-8.932	60.509
-1860	-8.959	60.480
-1859	-8.984	60.451
-1858	-9.007	60.423
-1857	-9.031	60.394
-1856	-9.057	60.366
-1855	-9.085	60.337
-1854	-9.111	60.308
-1853	-9.136	60.279
-1852	-9.158	60.251
-1851	-9.180	60.222
-1850	-9.202	60.194
-1849	-9.225	60.165
-1848	-9.249	60.136
-1847	-9.277	60.107
-1846	-9.306	60.077
-1845	-9.335	60.047
-1844	-9.365	60.018
-1843	-9.395	59.989
-1842	-9.426	59.961
-1841	-9.459	59.935
-1840	-9.494	59.909
-1839	-9.532	59.885
-1838	-9.572	59.862
-1837	-9.613	59.839
-1836	-9.653	59.817
-1835	-9.691	59.798
-1834	-9.727	59.780
-1833	-9.763	59.764
-1832	-9.799	59.749
-1831	-9.833	59.735
-1830	-9.867	59.722
-1829	-9.900	59.709
-1828	-9.934	59.695
-1827	-9.969	59.680
-1826	-10.004	59.665
-1825	-10.037	59.649
-1824	-10.069	59.633
-1823	-10.103	59.616
-1822	-10.138	59.598
-1821	-10.176	59.579
-1820	-10.215	59.559
-1819	-10.258	59.537
-1818	-10.302	59.513
-1817	-10.349	59.488
-1816	-10.397	59.463
-1815	-10.446	59.437
-1814	-10.493	59.411
-1813	-10.540	59.385
-1812	-10.584	59.359
-1811	-10.624	59.334
-1810	-10.661	59.309
-1809	-10.696	59.284
-1808	-10.728	59.260
-1807	-10.756	59.237
-1806	-10.782	59.214
-1805	-10.806	59.191
-1804	-10.828	59.169
-1803	-10.848	59.146
-1802	-10.866	59.122
-1801	-10.882	59.097
-1800	-10.897	59.071
-1799	-10.910	59.041
-1798	-10.922	59.009
-1797	-10.933	58.973
-1796	-10.945	58.936
-1795	-10.957	58.896
-1794	-10.968	58.853
-1793	-10.980	58.808
-1792	-10.992	58.760
-1791	-11.006	58.710
-1790	-11.022	58.659
-1789	-11.040	58.607
-1788	-11.062	58.553
-1787	-11.087	58.499
-1786	-11.114	58.444
-1785	-11.142	58.389
-1784	-11.171	58.334
-1783	-11.199	58.279
-1782	-11.226	58.224
-1781	-11.253	58.169
-1780	-11.279	58.115
-1779	-11.307	58.061
-1778	-11.335	58.008
-1777	-11.363	57.956
-1776	-11.390	57.907
-1775	-11.417	57.860
-1774	-11.444	57.815
-1773	-11.470	57.773
-1772	-11.495	57.733
-1771	-11.518	57.697
-1770	-11.540	57.662
-1769	-11.561	57.629
-1768	-11.582	57.597
-1767	-11.604	57.566
-1766	-11.626	57.534
-1765	-11.650	57.502
-1764	-11.676	57.470
-1763	-11.704	57.437
-1762	-11.734	57.403
-1761	-11.766	57.368
-1760	-11.798	57.332
-1759	-11.830	57.294
-1758	-11.859	57.256
-1757	-11.885	57.218
-1756	-11.907	57.179
-1755	-11.927	57.140
-1754	-11.943	57.101
-1753	-11.959	57.063
-1752	-11.972	57.025
-1751	-11.985	56.989
-1750	-11.997	56.954
-1749	-12.008	56.919
-1748	-12.018	56.886
-1747	-12.028	56.855
-1746	-12.037	56.824
-1745	-12.048	56.795
-1744	-12.059	56.766
-1743	-12.071	56.737
-1742	-12.084	56.708
-1741	-12.097	56.679
-1740	-12.110	56.648
-1739	-12.122	56.618
-1738	-12.133	56.587
-1737	-12.144	56.556
-1736	-12.154	56.526
-1735	-12.163	56.496
-1734	-12.172	56.467
-1733	-12.179	56.438
-1732	-12.186	56.410
-1731	-12.191	56.384
-1730	-12.197	56.358
-1729	-12.203	56.332
-1728	-12.211	56.308
-1727	-12.218	56.284
-1726	-12.225	56.262
-1725	-12.233	56.241
-1724	-12.240	56.221
-1723	-12.246	56.202
-1722	-12.252	56.185
-1721	-12.255	56.168
-1720	-12.258	56.152
-1719	-12.258	56.136
-1718	-12.258	56.121
-1717	-12.256	56.106
-1716	-12.252	56.092
-1715	-12.246	56.077
-1714	-12.238	56.063
-1713	-12.227	56.050
-1712	-12.213	56.038
-1711	-12.198	56.027
-1710	-12.181	56.017
-1709	-12.163	56.008
-1708	-12.145	55.998
-1707	-12.127	55.989
-1706	-12.109	55.980
-1705	-12.091	55.971
-1704	-12.075	55.961
-1703	-12.060	55.953
-1702	-12.048	55.945
-1701	-12.037	55.938
-1700	-12.028	55.933
-1699	-12.020	55.930
-1698	-12.014	55.931
-1697	-12.009	55.933
-1696	-12.005	55.937
-1695	-12.001	55.942
-1694	-11.999	55.949
-1693	-11.997	55.958
-1692	-11.995	55.969
-1691	-11.993	55.982
-1690	-11.991	55.997
-1689	-11.990	56.013
-1688	-11.990	56.029
-1687	-11.990	56.045
-1686	-11.992	56.060
-1685	-11.994	56.075
-1684	-11.997	56.090
-1683	-12.003	56.104
-1682	-12.010	56.117
-1681	-12.017	56.130
-1680	-12.024	56.141
-1679	-12.031	56.151
-1678	-12.036	56.160
-1677	-12.039	56.168
-1676	-12.040	56.174
-1675	-12.040	56.178
-1674	-12.039	56.181
-1673	-12.037	56.183
-1672	-12.036	56.185
-1671	-12.035	56.186
-1670	-12.035	56.187
-1669	-12.037	56.186
-1668	-12.042	56.185
-1667	-12.050	56.184
-1666	-12.061	56.182
-1665	-12.074	56.181
-1664	-12.089	56.180
-1663	-12.105	56.179
-1662	-12.121	56.180
-1661	-12.137	56.182
-1660	-12.151	56.184
-1659	-12.163	56.186
-1658	-12.175	56.189
-1657	-12.186	56.191
-1656	-12.197	56.193
-1655	-12.210	56.195
-1654	-12.224	56.196
-1653	-12.239	56.197
-1652	-12.257	56.198
-1651	-12.276	56.197
-1650	-12.297	56.197
-1649	-12.321	56.198
-1648	-12.346	56.200
-1647	-12.373	56.203
-1646	-12.402	56.207
-1645	-12.431	56.213
-1644	-12.461	56.220
-1643	-12.491	56.228
-1642	-12.522	56.236
-1641	-12.553	56.247
-1640	-12.583	56.259
-1639	-12.613	56.274
-1638	-12.644	56.290
-1637	-12.674	56.308
-1636	-12.704	56.326
-1635	-12.734	56.345
-1634	-12.764	56.364
-1633	-12.794	56.385
-1632	-12.823	56.406
-1631	-12.853	56.429
-1630	-12.883	56.451
-1629	-12.913	56.474
-1628	-12.945	56.497
-1627	-12.976	56.520
-1626	-13.008	56.544
-1625	-13.038	56.567
-1624	-13.067	56.590
-1623	-13.095	56.612
-1622	-13.122	56.634
-1621	-13.146	56.655
-1620	-13.167	56.676
-1619	-13.186	56.696
-1618	-13.203	56.717
-1617	-13.217	56.738
-1616	-13.230	56.758
-1615	-13.242	56.777
-1614	-13.253	56.794
-1613	-13.264	56.811
-1612	-13.274	56.827
-1611	-13.281	56.843
-1610	-13.287	56.859
-1609	-13.292	56.875
-1608	-13.298	56.891
-1607	-13.302	56.907
-1606	-13.306	56.923
-1605	-13.308	56.940
-1604	-13.310	56.957
-1603	-13.312	56.975
-1602	-13.315	56.992
-1601	-13.318	57.007
-1600	-13.323	57.023
-1599	-13.330	57.037
-1598	-13.336	57.051
-1597	-13.343	57.065
-1596	-13.350	57.079
-1595	-13.358	57.094
-1594	-13.366	57.108
-1593	-13.376	57.122
-1592	-13.388	57.135
-1591	-13.399	57.148
-1590	-13.411	57.159
-1589	-13.423	57.171
-1588	-13.435	57.183
-1587	-13.447	57.196
-1586	-13.458	57.210
-1585	-13.468	57.225
-1584	-13.478	57.241
-1583	-13.485	57.257
-1582	-13.492	57.273
-1581	-13.498	57.288
-1580	-13.504	57.302
-1579	-13.511	57.316
-1578	-13.519	57.328
-1577	-13.528	57.341
-1576	-13.538	57.353
-1575	-13.550	57.364
-1574	-13.563	57.375
-1573	-13.578	57.386
-1572	-13.593	57.396
-1571	-13.609	57.405
-1570	-13.623	57.414
-1569	-13.637	57.423
-1568	-13.650	57.433
-1567	-13.661	57.442
-1566	-13.671	57.452
-1565	-13.679	57.461
-1564	-13.684	57.470
-1563	-13.686	57.480
-1562	-13.686	57.489
-1561	-13.682	57.500
-1560	-13.674	57.512
-1559	-13.663	57.524
-1558	-13.649	57.536
-1557	-13.634	57.548
-1556	-13.617	57.561
-1555	-13.599	57.575
-1554	-13.580	57.590
-1553	-13.560	57.608
-1552	-13.541	57.627
-1551	-13.525	57.649
-1550	-13.509	57.672
-1549	-13.495	57.698
-1548	-13.481	57.725
-1547	-13.466	57.753
-1546	-13.451	57.782
-1545	-13.436	57.811
-1544	-13.421	57.842
-1543	-13.407	57.874
-1542	-13.393	57.908
-1541	-13.381	57.943
-1540	-13.369	57.980
-1539	-13.357	58.019
-1538	-13.344	58.059
-1537	-13.330	58.100
-1536	-13.316	58.143
-1535	-13.301	58.187
-1534	-13.286	58.234
-1533	-13.270	58.282
-1532	-13.253	58.331
-1531	-13.232	58.382
-1530	-13.210	58.433
-1529	-13.188	58.483
-1528	-13.165	58.532
-1527	-13.143	58.581
-1526	-13.121	58.630
-1525	-13.095	58.679
-1524	-13.068	58.728
-1523	-13.039	58.777
-1522	-13.009	58.827
-1521	-12.979	58.875
-1520	-12.950	58.923
-1519	-12.923	58.969
-1518	-12.898	59.013
-1517	-12.874	59.057
-1516	-12.850	59.100
-1515	-12.825	59.142
-1514	-12.798	59.183
-1513	-12.771	59.222
-1512	-12.743	59.260
-1511	-12.715	59.297
-1510	-12.688	59.334
-1509	-12.658	59.371
-1508	-12.626	59.408
-1507	-12.592	59.443
-1506	-12.556	59.478
-1505	-12.520	59.510
-1504	-12.482	59.541
-1503	-12.443	59.571
-1502	-12.402	59.599
-1501	-12.360	59.625
-1500	-12.318	59.650
-1499	-12.277	59.672
-1498	-12.237	59.693
-1497	-12.196	59.712
-1496	-12.158	59.730
-1495	-12.121	59.748
-1494	-12.086	59.765
-1493	-12.052	59.781
-1492	-12.018	59.798
-1491	-11.983	59.815
-1490	-11.945	59.831
-1489	-11.905	59.848
-1488	-11.862	59.866
-1487	-11.815	59.883
-1486	-11.767	59.901
-1485	-11.718	59.917
-1484	-11.670	59.934
-1483	-11.623	59.953
-1482	-11.578	59.974
-1481	-11.536	59.998
-1480	-11.496	60.023
-1479	-11.459	60.048
-1478	-11.424	60.074
-1477	-11.391	60.098
-1476	-11.359	60.123
-1475	-11.328	60.148
-1474	-11.296	60.173
-1473	-11.265	60.197
-1472	-11.234	60.220
-1471	-11.205	60.243
-1470	-11.178	60.264
-1469	-11.153	60.285
-1468	-11.134	60.306
-1467	-11.119	60.325
-1466	-11.108	60.343
-1465	-11.104	60.360
-1464	-11.103	60.376
-1463	-11.106	60.390
-1462	-11.113	60.404
-1461	-11.123	60.416
-1460	-11.135	60.427
-1459	-11.149	60.436
-1458	-11.163	60.444
-1457	-11.179	60.451
-1456	-11.195	60.456
-1455	-11.210	60.459
-1454	-11.226	60.461
-1453	-11.243	60.462
-1452	-11.261	60.463
-1451	-11.278	60.460
-1450	-11.296	60.455
-1449	-11.313	60.446
-1448	-11.329	60.435
-1447	-11.345	60.423
-1446	-11.359	60.411
-1445	-11.372	60.397
-1444	-11.386	60.383
-1443	-11.399	60.367
-1442	-11.412	60.350
-1441	-11.426	60.332
-1440	-11.438	60.315
-1439	-11.450	60.297
-1438	-11.463	60.278
-1437	-11.477	60.260
-1436	-11.490	60.242
-1435	-11.504	60.225
-1434	-11.519	60.210
-1433	-11.536	60.198
-1432	-11.552	60.187
-1431	-11.567	60.179
-1430	-11.580	60.172
-1429	-11.590	60.166
-1428	-11.599	60.163
-1427	-11.603	60.161
-1426	-11.604	60.162
-1425	-11.601	60.165
-1424	-11.593	60.168
-1423	-11.583	60.171
-1422	-11.573	60.174
-1421	-11.561	60.176
-1420	-11.548	60.176
-1419	-11.533	60.175
-1418	-11.516	60.173
-1417	-11.496	60.169
-1416	-11.476	60.164
-1415	-11.457	60.159
-1414	-11.438	60.154
-1413	-11.421	60.150
-1412	-11.405	60.147
-1411	-11.390	60.145
-1410	-11.376	60.142
-1409	-11.363	60.140
-1408	-11.350	60.137
-1407	-11.342	60.132
-1406	-11.337	60.127
-1405	-11.334	60.122
-1404	-11.332	60.115
-1403	-11.332	60.107
-1402	-11.332	60.097
-1401	-11.333	60.086
-1400	-11.334	60.071
-1399	-11.335	60.055
-1398	-11.334	60.038
-1397	-11.334	60.020
-1396	-11.336	60.003
-1395	-11.342	59.986
-1394	-11.350	59.968
-1393	-11.362	59.950
-1392	-11.379	59.931
-1391	-11.397	59.912
-1390	-11.416	59.893
-1389	-11.436	59.873
-1388	-11.454	59.855
-1387	-11.470	59.836
-1386	-11.485	59.816
-1385	-11.499	59.796
-1384	-11.510	59.777
-1383	-11.517	59.758
-1382	-11.519	59.739
-1381	-11.515	59.720
-1380	-11.505	59.703
-1379	-11.490	59.686
-1378	-11.472	59.670
-1377	-11.450	59.655
-1376	-11.425	59.641
-1375	-11.399	59.628
-1374	-11.375	59.615
-1373	-11.354	59.602
-1372	-11.335	59.591
-1371	-11.320	59.580
-1370	-11.309	59.571
-1369	-11.302	59.564
-1368	-11.300	59.559
-1367	-11.300	59.558
-1366	-11.301	59.559
-1365	-11.302	59.562
-1364	-11.305	59.567
-1363	-11.306	59.572
-1362	-11.305	59.575
-1361	-11.303	59.576
-1360	-11.300	59.575
-1359	-11.298	59.573
-1358	-11.301	59.569
-1357	-11.308	59.564
-1356	-11.322	59.557
-1355	-11.342	59.549
-1354	-11.365	59.539
-1353	-11.392	59.529
-1352	-11.421	59.517
-1351	-11.449	59.506
-1350	-11.477	59.493
-1349	-11.502	59.480
-1348	-11.525	59.468
-1347	-11.545	59.457
-1346	-11.560	59.447
-1345	-11.571	59.438
-1344	-11.578	59.431
-1343	-11.580	59.424
-1342	-11.578	59.417
-1341	-11.571	59.410
-1340	-11.560	59.403
-1339	-11.545	59.397
-1338	-11.527	59.393
-1337	-11.508	59.390
-1336	-11.486	59.390
-1335	-11.462	59.392
-1334	-11.435	59.395
-1333	-11.407	59.399
-1332	-11.378	59.407
-1331	-11.346	59.418
-1330	-11.311	59.434
-1329	-11.272	59.454
-1328	-11.231	59.480
-1327	-11.186	59.510
-1326	-11.139	59.545
-1325	-11.087	59.582
-1324	-11.029	59.622
-1323	-10.966	59.663
-1322	-10.903	59.704
-1321	-10.840	59.745
-1320	-10.779	59.787
-1319	-10.720	59.827
-1318	-10.662	59.867
-1317	-10.604	59.905
-1316	-10.553	59.942
-1315	-10.506	59.977
-1314	-10.463	60.010
-1313	-10.423	60.041
-1312	-10.387	60.070
-1311	-10.358	60.097
-1310	-10.334	60.122
-1309	-10.311	60.144
-1308	-10.289	60.165
-1307	-10.270	60.184
-1306	-10.253	60.203
-1305	-10.237	60.221
-1304	-10.222	60.239
-1303	-10.209	60.257
-1302	-10.197	60.275
-1301	-10.183	60.294
-1300	-10.167	60.314
-1299	-10.147	60.334
-1298	-10.125	60.354
-1297	-10.099	60.375
-1296	-10.071	60.395
-1295	-10.042	60.416
-1294	-10.012	60.437
-1293	-9.981	60.458
-1292	-9.950	60.479
-1291	-9.921	60.500
-1290	-9.896	60.519
-1289	-9.873	60.536
-1288	-9.855	60.552
-1287	-9.839	60.566
-1286	-9.825	60.580
-1285	-9.810	60.594
-1284	-9.795	60.607
-1283	-9.777	60.622
-1282	-9.756	60.637
-1281	-9.733	60.653
-1280	-9.707	60.672
-1279	-9.677	60.692
-1278	-9.645	60.713
-1277	-9.612	60.733
-1276	-9.578	60.751
-1275	-9.543	60.768
-1274	-9.506	60.781
-1273	-9.468	60.794
-1272	-9.429	60.805
-1271	-9.387	60.816
-1270	-9.344	60.827
-1269	-9.298	60.840
-1268	-9.247	60.854
-1267	-9.192	60.868
-1266	-9.137	60.882
-1265	-9.081	60.895
-1264	-9.025	60.906
-1263	-8.970	60.916
-1262	-8.912	60.926
-1261	-8.851	60.937
-1260	-8.787	60.947
-1259	-8.723	60.957
-1258	-8.658	60.967
-1257	-8.594	60.976
-1256	-8.529	60.984
-1255	-8.465	60.992
-1254	-8.401	61.001
-1253	-8.338	61.008
-1252	-8.278	61.015
-1251	-8.221	61.020
-1250	-8.168	61.024
-1249	-8.118	61.025
-1248	-8.072	61.024
-1247	-8.028	61.020
-1246	-7.987	61.016
-1245	-7.947	61.010
-1244	-7.909	61.005
-1243	-7.872	60.999
-1242	-7.838	60.992
-1241	-7.804	60.985
-1240	-7.772	60.976
-1239	-7.742	60.967
-1238	-7.713	60.958
-1237	-7.684	60.949
-1236	-7.656	60.940
-1235	-7.627	60.931
-1234	-7.598	60.921
-1233	-7.572	60.908
-1232	-7.553	60.893
-1231	-7.540	60.876
-1230	-7.536	60.858
-1229	-7.541	60.841
-1228	-7.555	60.826
-1227	-7.576	60.811
-1226	-7.606	60.796
-1225	-7.645	60.782
-1224	-7.689	60.767
-1223	-7.737	60.752
-1222	-7.788	60.737
-1221	-7.843	60.723
-1220	-7.901	60.707
-1219	-7.963	60.690
-1218	-8.028	60.672
-1217	-8.093	60.651
-1216	-8.155	60.629
-1215	-8.214	60.607
-1214	-8.266	60.583
-1213	-8.314	60.559
-1212	-8.358	60.535
-1211	-8.404	60.510
-1210	-8.450	60.487
-1209	-8.496	60.467
-1208	-8.540	60.449
-1207	-8.581	60.432
-1206	-8.617	60.414
-1205	-8.649	60.396
-1204	-8.678	60.378
-1203	-8.704	60.361
-1202	-8.726	60.344
-1201	-8.746	60.325
-1200	-8.767	60.306
-1199	-8.790	60.287
-1198	-8.817	60.268
-1197	-8.845	60.250
-1196	-8.874	60.229
-1195	-8.910	60.202
-1194	-8.953	60.169
-1193	-9.001	60.133
-1192	-9.053	60.096
-1191	-9.109	60.059
-1190	-9.161	60.022
-1189	-9.206	59.987
-1188	-9.244	59.953
-1187	-9.277	59.920
-1186	-9.309	59.885
-1185	-9.343	59.850
-1184	-9.380	59.816
-1183	-9.422	59.781
-1182	-9.468	59.746
-1181	-9.517	59.708
-1180	-9.570	59.669
-1179	-9.624	59.628
-1178	-9.677	59.584
-1177	-9.727	59.539
-1176	-9.774	59.494
-1175	-9.818	59.448
-1174	-9.861	59.400
-1173	-9.905	59.353
-1172	-9.948	59.307
-1171	-9.987	59.264
-1170	-10.023	59.221
-1169	-10.053	59.180
-1168	-10.082	59.137
-1167	-10.111	59.094
-1166	-10.144	59.053
-1165	-10.179	59.016
-1164	-10.215	58.982
-1163	-10.251	58.950
-1162	-10.289	58.918
-1161	-10.327	58.888
-1160	-10.366	58.858
-1159	-10.407	58.828
-1158	-10.449	58.798
-1157	-10.489	58.769
-1156	-10.528	58.740
-1155	-10.565	58.711
-1154	-10.603	58.682
-1153	-10.640	58.653
-1152	-10.677	58.623
-1151	-10.715	58.590
-1150	-10.752	58.554
-1149	-10.790	58.514
-1148	-10.826	58.472
-1147	-10.860	58.429
-1146	-10.892	58.385
-1145	-10.921	58.341
-1144	-10.948	58.297
-1143	-10.974	58.251
-1142	-10.999	58.204
-1141	-11.025	58.158
-1140	-11.054	58.112
-1139	-11.085	58.065
-1138	-11.116	58.017
-1137	-11.145	57.970
-1136	-11.174	57.920
-1135	-11.204	57.869
-1134	-11.235	57.816
-1133	-11.267	57.761
-1132	-11.299	57.706
-1131	-11.331	57.650
-1130	-11.361	57.591
-1129	-11.388	57.531
-1128	-11.411	57.470
-1127	-11.429	57.410
-1126	-11.443	57.351
-1125	-11.451	57.293
-1124	-11.457	57.237
-1123	-11.463	57.184
-1122	-11.471	57.133
-1121	-11.479	57.085
-1120	-11.488	57.038
-1119	-11.500	56.993
-1118	-11.518	56.953
-1117	-11.535	56.914
-1116	-11.547	56.873
-1115	-11.554	56.828
-1114	-11.554	56.779
-1113	-11.550	56.726
-1112	-11.543	56.672
-1111	-11.540	56.617
-1110	-11.538	56.561
-1109	-11.534	56.507
-1108	-11.529	56.453
-1107	-11.522	56.396
-1106	-11.509	56.337
-1105	-11.487	56.281
-1104	-11.463	56.230
-1103	-11.437	56.186
-1102	-11.413	56.147
-1101	-11.393	56.105
-1100	-11.378	56.055
-1099	-11.366	56.000
-1098	-11.352	55.943
-1097	-11.334	55.887
-1096	-11.313	55.832
-1095	-11.293	55.779
-1094	-11.274	55.722
-1093	-11.252	55.662
-1092	-11.223	55.601
-1091	-11.184	55.540
-1090	-11.137	55.482
-1089	-11.084	55.429
-1088	-11.030	55.378
-1087	-10.976	55.329
-1086	-10.924	55.281
-1085	-10.873	55.233
-1084	-10.821	55.184
-1083	-10.768	55.134
-1082	-10.712	55.082
-1081	-10.652	55.027
-1080	-10.589	54.971
-1079	-10.523	54.914
-1078	-10.456	54.855
-1077	-10.388	54.796
-1076	-10.322	54.739
-1075	-10.260	54.684
-1074	-10.203	54.632
-1073	-10.149	54.584
-1072	-10.099	54.542
-1071	-10.051	54.502
-1070	-10.006	54.465
-1069	-9.967	54.430
-1068	-9.933	54.398
-1067	-9.902	54.369
-1066	-9.871	54.343
-1065	-9.839	54.319
-1064	-9.804	54.295
-1063	-9.766	54.272
-1062	-9.725	54.248
-1061	-9.682	54.222
-1060	-9.635	54.194
-1059	-9.585	54.163
-1058	-9.536	54.129
-1057	-9.488	54.094
-1056	-9.442	54.060
-1055	-9.398	54.026
-1054	-9.354	53.992
-1053	-9.309	53.957
-1052	-9.259	53.921
-1051	-9.204	53.887
-1050	-9.143	53.854
-1049	-9.080	53.819
-1048	-9.015	53.782
-1047	-8.950	53.741
-1046	-8.885	53.700
-1045	-8.818	53.659
-1044	-8.748	53.617
-1043	-8.676	53.574
-1042	-8.603	53.531
-1041	-8.530	53.488
-1040	-8.458	53.444
-1039	-8.388	53.401
-1038	-8.320	53.360
-1037	-8.252	53.321
-1036	-8.184	53.286
-1035	-8.117	53.253
-1034	-8.051	53.221
-1033	-7.986	53.193
-1032	-7.922	53.168
-1031	-7.859	53.147
-1030	-7.798	53.130
-1029	-7.738	53.116
-1028	-7.679	53.103
-1027	-7.622	53.094
-1026	-7.566	53.087
-1025	-7.513	53.081
-1024	-7.463	53.075
-1023	-7.414	53.069
-1022	-7.367	53.066
-1021	-7.321	53.066
-1020	-7.277	53.068
-1019	-7.233	53.073
-1018	-7.189	53.079
-1017	-7.144	53.086
-1016	-7.099	53.094
-1015	-7.053	53.102
-1014	-7.006	53.110
-1013	-6.958	53.116
-1012	-6.909	53.122
-1011	-6.861	53.125
-1010	-6.815	53.127
-1009	-6.769	53.128
-1008	-6.725	53.127
-1007	-6.682	53.127
-1006	-6.638	53.126
-1005	-6.592	53.126
-1004	-6.543	53.126
-1003	-6.492	53.126
-1002	-6.437	53.126
-1001	-6.379	53.127
-1000	-6.321	53.130
-999	-6.263	53.136
-998	-6.207	53.145
-997	-6.153	53.154
-996	-6.103	53.165
-995	-6.055	53.175
-994	-6.010	53.184
-993	-5.968	53.193
-992	-5.929	53.200
-991	-5.892	53.206
-990	-5.858	53.209
-989	-5.828	53.209
-988	-5.801	53.206
-987	-5.776	53.201
-986	-5.753	53.194
-985	-5.731	53.185
-984	-5.710	53.174
-983	-5.692	53.163
-982	-5.677	53.150
-981	-5.663	53.134
-980	-5.651	53.115
-979	-5.643	53.093
-978	-5.638	53.068
-977	-5.637	53.042
-976	-5.638	53.015
-975	-5.642	52.987
-974	-5.647	52.957
-973	-5.653	52.927
-972	-5.660	52.894
-971	-5.668	52.858
-970	-5.676	52.820
-969	-5.686	52.780
-968	-5.697	52.737
-967	-5.708	52.693
-966	-5.718	52.644
-965	-5.724	52.592
-964	-5.726	52.536
-963	-5.722	52.474
-962	-5.712	52.408
-961	-5.695	52.337
-960	-5.672	52.261
-959	-5.643	52.179
-958	-5.609	52.088
-957	-5.570	51.992
-956	-5.526	51.893
-955	-5.478	51.786
-954	-5.426	51.679
-953	-5.373	51.571
-952	-5.322	51.465
-951	-5.273	51.363
-950	-5.227	51.267
-949	-5.184	51.178
-948	-5.143	51.096
-947	-5.105	51.021
-946	-5.072	50.954
-945	-5.043	50.893
-944	-5.016	50.835
-943	-4.991	50.782
-942	-4.966	50.731
-941	-4.940	50.683
-940	-4.914	50.635
-939	-4.888	50.590
-938	-4.864	50.546
-937	-4.841	50.505
-936	-4.820	50.469
-935	-4.802	50.437
-934	-4.787	50.408
-933	-4.775	50.382
-932	-4.766	50.359
-931	-4.757	50.339
-930	-4.747	50.323
-929	-4.736	50.310
-928	-4.723	50.299
-927	-4.706	50.286
-926	-4.683	50.274
-925	-4.654	50.265
-924	-4.620	50.262
-923	-4.582	50.264
-922	-4.542	50.268
-921	-4.499	50.271
-920	-4.454	50.274
-919	-4.408	50.277
-918	-4.364	50.278
-917	-4.321	50.276
-916	-4.282	50.269
-915	-4.247	50.261
-914	-4.211	50.252
-913	-4.174	50.241
-912	-4.133	50.228
-911	-4.091	50.213
-910	-4.047	50.196
-909	-4.002	50.180
-908	-3.954	50.165
-907	-3.905	50.152
-906	-3.857	50.141
-905	-3.807	50.127
-904	-3.757	50.110
-903	-3.709	50.088
-902	-3.663	50.060
-901	-3.617	50.028
-900	-3.570	49.998
-899	-3.523	49.969
-898	-3.474	49.944
-897	-3.426	49.921
-896	-3.377	49.902
-895	-3.328	49.888
-894	-3.277	49.876
-893	-3.223	49.864
-892	-3.165	49.852
-891	-3.104	49.839
-890	-3.039	49.827
-889	-2.974	49.813
-888	-2.908	49.799
-887	-2.843	49.783
-886	-2.778	49.765
-885	-2.715	49.746
-884	-2.655	49.728
-883	-2.595	49.708
-882	-2.533	49.688
-881	-2.470	49.665
-880	-2.406	49.642
-879	-2.341	49.620
-878	-2.277	49.599
-877	-2.216	49.580
-876	-2.164	49.562
-875	-2.117	49.543
-874	-2.076	49.523
-873	-2.041	49.502
-872	-2.009	49.481
-871	-1.978	49.460
-870	-1.951	49.443
-869	-1.925	49.428
-868	-1.899	49.414
-867	-1.871	49.401
-866	-1.843	49.391
-865	-1.813	49.386
-864	-1.781	49.388
-863	-1.748	49.394
-862	-1.713	49.406
-861	-1.676	49.422
-860	-1.637	49.444
-859	-1.595	49.472
-858	-1.551	49.506
-857	-1.503	49.544
-856	-1.451	49.583
-855	-1.397	49.623
-854	-1.338	49.663
-853	-1.275	49.704
-852	-1.208	49.745
-851	-1.138	49.788
-850	-1.066	49.831
-849	-0.994	49.873
-848	-0.923	49.913
-847	-0.851	49.949
-846	-0.776	49.983
-845	-0.697	50.014
-844	-0.615	50.041
-843	-0.532	50.063
-842	-0.452	50.080
-841	-0.375	50.096
-840	-0.302	50.113
-839	-0.230	50.131
-838	-0.161	50.153
-837	-0.093	50.178
-836	-0.025	50.205
-835	0.042	50.234
-834	0.108	50.265
-833	0.173	50.298
-832	0.239	50.333
-831	0.306	50.369
-830	0.377	50.407
-829	0.449	50.444
-828	0.522	50.481
-827	0.593	50.519
-826	0.663	50.557
-825	0.734	50.593
-824	0.805	50.627
-823	0.877	50.660
-822	0.952	50.692
-821	1.030	50.722
-820	1.111	50.753
-819	1.193	50.784
-818	1.276	50.813
-817	1.359	50.839
-816	1.441	50.862
-815	1.522	50.882
-814	1.603	50.900
-813	1.684	50.914
-812	1.765	50.928
-811	1.844	50.941
-810	1.919	50.953
-809	1.990	50.964
-808	2.060	50.971
-807	2.127	50.975
-806	2.194	50.977
-805	2.260	50.979
-804	2.326	50.981
-803	2.392	50.984
-802	2.463	50.990
-801	2.537	51.000
-800	2.612	51.015
-799	2.692	51.038
-798	2.773	51.065
-797	2.858	51.096
-796	2.946	51.126
-795	3.036	51.155
-794	3.126	51.184
-793	3.219	51.213
-792	3.315	51.241
-791	3.415	51.269
-790	3.517	51.293
-789	3.620	51.313
-788	3.723	51.332
-787	3.825	51.354
-786	3.925	51.382
-785	4.021	51.414
-784	4.116	51.449
-783	4.209	51.489
-782	4.305	51.534
-781	4.401	51.583
-780	4.496	51.630
-779	4.588	51.673
-778	4.679	51.710
-777	4.766	51.734
-776	4.853	51.749
-775	4.941	51.757
-774	5.033	51.766
-773	5.128	51.775
-772	5.221	51.785
-771	5.312	51.794
-770	5.399	51.796
-769	5.484	51.790
-768	5.568	51.777
-767	5.655	51.758
-766	5.744	51.738
-765	5.833	51.721
-764	5.925	51.711
-763	6.017	51.709
-762	6.108	51.715
-761	6.196	51.727
-760	6.282	51.740
-759	6.366	51.746
-758	6.447	51.746
-757	6.525	51.744
-756	6.598	51.740
-755	6.668	51.736
-754	6.733	51.728
-753	6.796	51.714
-752	6.862	51.696
-751	6.931	51.681
-750	7.001	51.668
-749	7.071	51.658
-748	7.139	51.653
-747	7.206	51.655
-746	7.271	51.663
-745	7.336	51.674
-744	7.400	51.684
-743	7.464	51.689
-742	7.530	51.688
-741	7.594	51.688
-740	7.652	51.690
-739	7.709	51.690
-738	7.766	51.691
-737	7.824	51.692
-736	7.886	51.690
-735	7.945	51.691
-734	7.997	51.693
-733	8.051	51.691
-732	8.110	51.688
-731	8.170	51.686
-730	8.230	51.684
-729	8.290	51.680
-728	8.355	51.670
-727	8.425	51.657
-726	8.498	51.641
-725	8.577	51.622
-724	8.660	51.605
-723	8.745	51.592
-722	8.832	51.582
-721	8.919	51.579
-720	9.002	51.581
-719	9.081	51.589
-718	9.156	51.600
-717	9.228	51.613
-716	9.299	51.628
-715	9.371	51.643
-714	9.443	51.658
-713	9.514	51.672
-712	9.582	51.687
-711	9.649	51.702
-710	9.713	51.720
-709	9.774	51.741
-708	9.831	51.763
-707	9.885	51.786
-706	9.936	51.812
-705	9.983	51.840
-704	10.026	51.871
-703	10.066	51.903
-702	10.105	51.935
-701	10.148	51.964
-700	10.193	51.992
-699	10.241	52.021
-698	10.287	52.052
-697	10.331	52.087
-696	10.374	52.125
-695	10.414	52.167
-694	10.455	52.212
-693	10.495	52.258
-692	10.537	52.304
-691	10.578	52.348
-690	10.620	52.392
-689	10.661	52.436
-688	10.700	52.482
-687	10.738	52.530
-686	10.775	52.581
-685	10.811	52.634
-684	10.845	52.690
-683	10.878	52.747
-682	10.910	52.807
-681	10.939	52.870
-680	10.966	52.934
-679	10.988	53.002
-678	11.005	53.074
-677	11.021	53.146
-676	11.036	53.218
-675	11.053	53.286
-674	11.070	53.351
-673	11.091	53.414
-672	11.112	53.479
-671	11.132	53.548
-670	11.150	53.619
-669	11.166	53.692
-668	11.182	53.764
-667	11.199	53.839
-666	11.211	53.918
-665	11.218	53.998
-664	11.225	54.079
-663	11.231	54.161
-662	11.236	54.242
-661	11.240	54.322
-660	11.243	54.401
-659	11.246	54.479
-658	11.247	54.555
-657	11.248	54.629
-656	11.246	54.701
-655	11.244	54.771
-654	11.242	54.840
-653	11.239	54.908
-652	11.236	54.977
-651	11.230	55.048
-650	11.220	55.120
-649	11.205	55.192
-648	11.188	55.263
-647	11.168	55.333
-646	11.147	55.401
-645	11.123	55.468
-644	11.096	55.534
-643	11.069	55.601
-642	11.041	55.668
-641	11.014	55.733
-640	10.986	55.797
-639	10.957	55.859
-638	10.926	55.921
-637	10.893	55.982
-636	10.856	56.042
-635	10.816	56.100
-634	10.773	56.155
-633	10.727	56.208
-632	10.679	56.259
-631	10.632	56.309
-630	10.587	56.357
-629	10.547	56.403
-628	10.511	56.445
-627	10.480	56.486
-626	10.450	56.526
-625	10.419	56.565
-624	10.386	56.604
-623	10.350	56.642
-622	10.312	56.679
-621	10.272	56.714
-620	10.228	56.747
-619	10.182	56.779
-618	10.135	56.808
-617	10.089	56.835
-616	10.044	56.859
-615	10.001	56.883
-614	9.960	56.906
-613	9.920	56.929
-612	9.881	56.953
-611	9.842	56.977
-610	9.805	57.002
-609	9.769	57.027
-608	9.736	57.052
-607	9.703	57.080
-606	9.673	57.110
-605	9.644	57.141
-604	9.615	57.173
-603	9.587	57.205
-602	9.560	57.238
-601	9.534	57.272
-600	9.509	57.306
-599	9.483	57.340
-598	9.456	57.375
-597	9.424	57.410
-596	9.385	57.441
-595	9.339	57.469
-594	9.291	57.496
-593	9.245	57.523
-592	9.204	57.551
-591	9.168	57.581
-590	9.138	57.613
-589	9.112	57.646
-588	9.087	57.677
-587	9.063	57.707
-586	9.039	57.735
-585	9.017	57.761
-584	8.996	57.785
-583	8.977	57.808
-582	8.958	57.830
-581	8.942	57.850
-580	8.927	57.871
-579	8.913	57.891
-578	8.897	57.909
-577	8.881	57.926
-576	8.866	57.940
-575	8.853	57.952
-574	8.843	57.960
-573	8.833	57.967
-572	8.823	57.974
-571	8.811	57.981
-570	8.798	57.986
-569	8.783	57.989
-568	8.768	57.990
-567	8.756	57.988
-566	8.746	57.986
-565	8.738	57.983
-564	8.730	57.980
-563	8.719	57.978
-562	8.705	57.977
-561	8.689	57.976
-560	8.671	57.974
-559	8.651	57.972
-558	8.628	57.968
-557	8.603	57.961
-556	8.578	57.952
-555	8.554	57.942
-554	8.532	57.931
-553	8.514	57.917
-552	8.501	57.903
-551	8.492	57.889
-550	8.487	57.876
-549	8.485	57.864
-548	8.485	57.852
-547	8.489	57.842
-546	8.496	57.835
-545	8.502	57.830
-544	8.509	57.828
-543	8.514	57.827
-542	8.517	57.828
-541	8.519	57.831
-540	8.520	57.835
-539	8.520	57.839
-538	8.520	57.842
-537	8.521	57.844
-536	8.522	57.844
-535	8.522	57.844
-534	8.518	57.843
-533	8.511	57.841
-532	8.501	57.837
-531	8.487	57.832
-530	8.471	57.827
-529	8.453	57.821
-528	8.435	57.815
-527	8.417	57.809
-526	8.398	57.803
-525	8.375	57.797
-524	8.348	57.791
-523	8.319	57.784
-522	8.289	57.775
-521	8.260	57.766
-520	8.229	57.755
-519	8.196	57.741
-518	8.162	57.723
-517	8.127	57.704
-516	8.091	57.685
-515	8.055	57.663
-514	8.019	57.638
-513	7.983	57.615
-512	7.950	57.597
-511	7.921	57.584
-510	7.895	57.577
-509	7.872	57.574
-508	7.850	57.575
-507	7.826	57.581
-506	7.800	57.590
-505	7.773	57.601
-504	7.744	57.612
-503	7.717	57.622
-502	7.691	57.631
-501	7.666	57.639
-500	7.641	57.646
-499	7.616	57.647
-498	7.592	57.645
-497	7.571	57.642
-496	7.550	57.637
-495	7.529	57.634
-494	7.508	57.631
-493	7.488	57.627
-492	7.471	57.624
-491	7.455	57.620
-490	7.441	57.617
-489	7.429	57.613
-488	7.417	57.610
-487	7.406	57.607
-486	7.393	57.604
-485	7.380	57.603
-484	7.366	57.602
-483	7.353	57.601
-482	7.340	57.600
-481	7.329	57.598
-480	7.320	57.596
-479	7.313	57.592
-478	7.307	57.588
-477	7.300	57.584
-476	7.294	57.579
-475	7.291	57.573
-474	7.294	57.564
-473	7.302	57.553
-472	7.316	57.541
-471	7.333	57.529
-470	7.349	57.518
-469	7.363	57.506
-468	7.377	57.495
-467	7.393	57.484
-466	7.413	57.470
-465	7.437	57.457
-464	7.462	57.443
-463	7.488	57.432
-462	7.514	57.420
-461	7.542	57.408
-460	7.569	57.397
-459	7.593	57.388
-458	7.615	57.382
-457	7.635	57.379
-456	7.655	57.379
-455	7.675	57.383
-454	7.697	57.388
-453	7.719	57.397
-452	7.737	57.406
-451	7.750	57.415
-450	7.758	57.426
-449	7.760	57.439
-448	7.760	57.454
-447	7.756	57.470
-446	7.750	57.488
-445	7.743	57.508
-444	7.733	57.530
-443	7.722	57.552
-442	7.710	57.574
-441	7.698	57.593
-440	7.688	57.612
-439	7.679	57.630
-438	7.673	57.650
-437	7.668	57.671
-436	7.663	57.693
-435	7.662	57.716
-434	7.663	57.737
-433	7.668	57.756
-432	7.674	57.774
-431	7.680	57.792
-430	7.684	57.813
-429	7.683	57.836
-428	7.677	57.863
-427	7.669	57.894
-426	7.660	57.929
-425	7.650	57.966
-424	7.638	58.006
-423	7.624	58.045
-422	7.609	58.084
-421	7.593	58.122
-420	7.580	58.161
-419	7.571	58.198
-418	7.564	58.234
-417	7.554	58.268
-416	7.538	58.300
-415	7.515	58.329
-414	7.485	58.357
-413	7.450	58.383
-412	7.413	58.407
-411	7.376	58.431
-410	7.337	58.454
-409	7.295	58.476
-408	7.252	58.497
-407	7.206	58.516
-406	7.156	58.534
-405	7.104	58.551
-404	7.047	58.568
-403	6.988	58.584
-402	6.928	58.600
-401	6.867	58.615
-400	6.808	58.629
-399	6.749	58.643
-398	6.692	58.657
-397	6.635	58.672
-396	6.579	58.686
-395	6.520	58.701
-394	6.460	58.714
-393	6.396	58.727
-392	6.331	58.740
-391	6.265	58.753
-390	6.199	58.768
-389	6.132	58.784
-388	6.063	58.801
-387	5.991	58.821
-386	5.917	58.842
-385	5.842	58.865
-384	5.767	58.889
-383	5.693	58.914
-382	5.619	58.938
-381	5.546	58.961
-380	5.471	58.982
-379	5.396	59.002
-378	5.321	59.020
-377	5.245	59.038
-376	5.169	59.056
-375	5.093	59.073
-374	5.017	59.091
-373	4.940	59.109
-372	4.862	59.128
-371	4.783	59.146
-370	4.700	59.163
-369	4.613	59.181
-368	4.522	59.198
-367	4.429	59.214
-366	4.335	59.230
-365	4.240	59.245
-364	4.144	59.259
-363	4.047	59.273
-362	3.949	59.287
-361	3.852	59.298
-360	3.758	59.306
-359	3.667	59.311
-358	3.575	59.315
-357	3.483	59.317
-356	3.389	59.321
-355	3.296	59.326
-354	3.208	59.333
-353	3.127	59.342
-352	3.054	59.351
-351	2.990	59.362
-350	2.935	59.372
-349	2.888	59.380
-348	2.847	59.385
-347	2.811	59.386
-346	2.778	59.382
-345	2.743	59.376
-344	2.707	59.368
-343	2.670	59.361
-342	2.633	59.355
-341	2.594	59.354
-340	2.556	59.354
-339	2.516	59.353
-338	2.472	59.352
-337	2.425	59.349
-336	2.376	59.343
-335	2.324	59.333
-334	2.271	59.321
-333	2.218	59.305
-332	2.166	59.287
-331	2.118	59.268
-330	2.074	59.248
-329	2.032	59.228
-328	1.993	59.207
-327	1.956	59.188
-326	1.919	59.172
-325	1.883	59.159
-324	1.846	59.149
-323	1.810	59.142
-322	1.773	59.139
-321	1.737	59.138
-320	1.700	59.138
-319	1.665	59.140
-318	1.632	59.142
-317	1.600	59.145
-316	1.572	59.151
-315	1.548	59.158
-314	1.529	59.167
-313	1.514	59.177
-312	1.500	59.185
-311	1.486	59.194
-310	1.468	59.202
-309	1.448	59.209
-308	1.425	59.215
-307	1.401	59.220
-306	1.373	59.224
-305	1.344	59.228
-304	1.311	59.232
-303	1.276	59.235
-302	1.238	59.238
-301	1.196	59.241
-300	1.153	59.246
-299	1.110	59.251
-298	1.065	59.256
-297	1.019	59.261
-296	0.974	59.266
-295	0.930	59.272
-294	0.886	59.280
-293	0.845	59.289
-292	0.805	59.300
-291	0.768	59.312
-290	0.733	59.325
-289	0.697	59.338
-288	0.661	59.350
-287	0.622	59.361
-286	0.582	59.369
-285	0.542	59.376
-284	0.500	59.379
-283	0.455	59.380
-282	0.407	59.379
-281	0.359	59.376
-280	0.311	59.374
-279	0.265	59.371
-278	0.220	59.370
-277	0.178	59.369
-276	0.137	59.368
-275	0.096	59.368
-274	0.055	59.367
-273	0.014	59.366
-272	-0.026	59.364
-271	-0.066	59.361
-270	-0.105	59.355
-269	-0.143	59.348
-268	-0.179	59.338
-267	-0.214	59.324
-266	-0.248	59.308
-265	-0.280	59.289
-264	-0.312	59.269
-263	-0.344	59.246
-262	-0.377	59.221
-261	-0.413	59.196
-260	-0.452	59.168
-259	-0.491	59.141
-258	-0.532	59.113
-257	-0.572	59.085
-256	-0.612	59.058
-255	-0.650	59.031
-254	-0.690	59.005
-253	-0.731	58.978
-252	-0.771	58.952
-251	-0.812	58.926
-250	-0.854	58.898
-249	-0.897	58.871
-248	-0.939	58.844
-247	-0.981	58.817
-246	-1.023	58.792
-245	-1.065	58.768
-244	-1.108	58.746
-243	-1.151	58.724
-242	-1.193	58.704
-241	-1.236	58.684
-240	-1.278	58.664
-239	-1.321	58.645
-238	-1.365	58.626
-237	-1.408	58.607
-236	-1.453	58.589
-235	-1.499	58.573
-234	-1.545	58.558
-233	-1.592	58.543
-232	-1.637	58.530
-231	-1.682	58.518
-230	-1.725	58.506
-229	-1.764	58.496
-228	-1.800	58.488
-227	-1.833	58.482
-226	-1.863	58.476
-225	-1.890	58.471
-224	-1.912	58.467
-223	-1.932	58.464
-222	-1.950	58.460
-221	-1.968	58.455
-220	-1.984	58.449
-219	-1.999	58.441
-218	-2.014	58.432
-217	-2.028	58.422
-216	-2.045	58.410
-215	-2.062	58.397
-214	-2.079	58.383
-213	-2.096	58.369
-212	-2.114	58.353
-211	-2.132	58.337
-210	-2.154	58.321
-209	-2.179	58.303
-208	-2.208	58.285
-207	-2.241	58.266
-206	-2.277	58.246
-205	-2.315	58.224
-204	-2.354	58.200
-203	-2.394	58.175
-202	-2.432	58.149
-201	-2.469	58.124
-200	-2.504	58.098
-199	-2.538	58.072
-198	-2.571	58.048
-197	-2.603	58.023
-196	-2.634	57.999
-195	-2.666	57.976
-194	-2.697	57.955
-193	-2.728	57.934
-192	-2.762	57.914
-191	-2.799	57.895
-190	-2.837	57.876
-189	-2.877	57.856
-188	-2.916	57.834
-187	-2.957	57.810
-186	-3.001	57.782
-185	-3.045	57.752
-184	-3.089	57.721
-183	-3.132	57.689
-182	-3.176	57.655
-181	-3.219	57.619
-180	-3.261	57.580
-179	-3.302	57.538
-178	-3.342	57.494
-177	-3.382	57.448
-176	-3.421	57.397
-175	-3.459	57.343
-174	-3.497	57.288
-173	-3.533	57.232
-172	-3.568	57.176
-171	-3.603	57.120
-170	-3.637	57.063
-169	-3.670	57.006
-168	-3.698	56.950
-167	-3.721	56.894
-166	-3.741	56.837
-165	-3.759	56.778
-164	-3.777	56.720
-163	-3.797	56.661
-162	-3.821	56.603
-161	-3.848	56.545
-160	-3.878	56.490
-159	-3.909	56.437
-158	-3.941	56.387
-157	-3.974	56.339
-156	-4.006	56.292
-155	-4.035	56.246
-154	-4.060	56.199
-153	-4.081	56.152
-152	-4.098	56.107
-151	-4.114	56.063
-150	-4.128	56.020
-149	-4.137	55.978
-148	-4.143	55.935
-147	-4.148	55.893
-146	-4.151	55.854
-145	-4.150	55.817
-144	-4.151	55.780
-143	-4.157	55.744
-142	-4.171	55.709
-141	-4.190	55.673
-140	-4.212	55.636
-139	-4.235	55.599
-138	-4.257	55.561
-137	-4.280	55.523
-136	-4.306	55.484
-135	-4.336	55.443
-134	-4.368	55.400
-133	-4.401	55.356
-132	-4.434	55.311
-131	-4.467	55.265
-130	-4.496	55.219
-129	-4.519	55.173
-128	-4.537	55.126
-127	-4.551	55.077
-126	-4.563	55.028
-125	-4.572	54.981
-124	-4.577	54.936
-123	-4.578	54.897
-122	-4.575	54.863
-121	-4.566	54.835
-120	-4.552	54.809
-119	-4.537	54.781
-118	-4.524	54.751
-117	-4.513	54.719
-116	-4.504	54.685
-115	-4.496	54.648
-114	-4.487	54.607
-113	-4.474	54.563
-112	-4.459	54.516
-111	-4.441	54.469
-110	-4.421	54.421
-109	-4.400	54.372
-108	-4.380	54.324
-107	-4.364	54.276
-106	-4.350	54.229
-105	-4.340	54.182
-104	-4.335	54.136
-103	-4.335	54.090
-102	-4.342	54.044
-101	-4.358	53.999
-100	-4.382	53.955
-99	-4.412	53.912
-98	-4.445	53.867
-97	-4.475	53.822
-96	-4.504	53.778
-95	-4.531	53.735
-94	-4.554	53.691
-93	-4.573	53.647
-92	-4.586	53.603
-91	-4.592	53.559
-90	-4.592	53.517
-89	-4.586	53.478
-88	-4.577	53.441
-87	-4.564	53.406
-86	-4.550	53.375
-85	-4.536	53.347
-84	-4.527	53.325
-83	-4.521	53.306
-82	-4.519	53.287
-81	-4.519	53.270
-80	-4.519	53.251
-79	-4.519	53.232
-78	-4.521	53.212
-77	-4.522	53.191
-76	-4.522	53.170
-75	-4.521	53.147
-74	-4.518	53.121
-73	-4.511	53.091
-72	-4.501	53.057
-71	-4.489	53.020
-70	-4.474	52.981
-69	-4.457	52.941
-68	-4.437	52.899
-67	-4.415	52.855
-66	-4.392	52.810
-65	-4.366	52.764
-64	-4.338	52.719
-63	-4.308	52.673
-62	-4.274	52.627
-61	-4.239	52.582
-60	-4.200	52.537
-59	-4.157	52.492
-58	-4.113	52.447
-57	-4.069	52.405
-56	-4.026	52.363
-55	-3.984	52.323
-54	-3.945	52.283
-53	-3.905	52.246
-52	-3.866	52.212
-51	-3.827	52.180
-50	-3.789	52.150
-49	-3.754	52.125
-48	-3.721	52.105
-47	-3.691	52.088
-46	-3.664	52.076
-45	-3.641	52.066
-44	-3.621	52.058
-43	-3.605	52.050
-42	-3.592	52.044
-41	-3.585	52.038
-40	-3.583	52.028
-39	-3.584	52.014
-38	-3.586	51.997
-37	-3.588	51.979
-36	-3.594	51.964
-35	-3.602	51.951
-34	-3.611	51.940
-33	-3.618	51.930
-32	-3.623	51.919
-31	-3.625	51.909
-30	-3.621	51.902
-29	-3.613	51.899
-28	-3.602	51.898
-27	-3.590	51.899
-26	-3.576	51.900
-25	-3.557	51.903
-24	-3.529	51.906
-23	-3.493	51.906
-22	-3.450	51.901
-21	-3.406	51.894
-20	-3.363	51.884
-19	-3.320	51.873
-18	-3.276	51.863
-17	-3.233	51.856
-16	-3.191	51.853
-15	-3.148	51.853
-14	-3.107	51.856
-13	-3.069	51.862
-12	-3.033	51.871
-11	-3.002	51.882
-10	-2.975	51.893
-9	-2.950	51.904
-8	-2.928	51.915
-7	-2.908	51.927
-6	-2.889	51.939
-5	-2.871	51.952
-4	-2.850	51.966
-3	-2.829	51.981
-2	-2.811	51.997
-1	-2.797	52.014
0	-2.785	52.033
1	-2.774	52.054
2	-2.765	52.076
3	-2.760	52.101
4	-2.758	52.128
5	-2.757	52.156
6	-2.756	52.185
7	-2.757	52.212
8	-2.758	52.236
9	-2.759	52.259
10	-2.759	52.282
11	-2.757	52.305
12	-2.756	52.329
13	-2.754	52.354
14	-2.753	52.380
15	-2.750	52.408
16	-2.745	52.437
17	-2.738	52.467
18	-2.730	52.499
19	-2.724	52.531
20	-2.720	52.564
21	-2.719	52.599
22	-2.720	52.635
23	-2.723	52.672
24	-2.728	52.711
25	-2.735	52.750
26	-2.745	52.788
27	-2.757	52.825
28	-2.772	52.859
29	-2.788	52.891
30	-2.803	52.920
31	-2.818	52.947
32	-2.832	52.971
33	-2.846	52.994
34	-2.859	53.016
35	-2.873	53.037
36	-2.888	53.057
37	-2.906	53.076
38	-2.927	53.094
39	-2.949	53.110
40	-2.973	53.126
41	-2.998	53.143
42	-3.024	53.160
43	-3.047	53.178
44	-3.068	53.195
45	-3.090	53.212
46	-3.112	53.226
47	-3.135	53.237
48	-3.158	53.246
49	-3.179	53.254
50	-3.199	53.260
51	-3.216	53.265
52	-3.232	53.268
53	-3.245	53.271
54	-3.257	53.274
55	-3.267	53.279
56	-3.275	53.284
57	-3.282	53.290
58	-3.287	53.296
59	-3.291	53.301
60	-3.293	53.306
61	-3.297	53.312
62	-3.301	53.319
63	-3.305	53.326
64	-3.310	53.333
65	-3.315	53.339
66	-3.320	53.345
67	-3.326	53.350
68	-3.332	53.355
69	-3.337	53.358
70	-3.342	53.362
71	-3.346	53.365
72	-3.348	53.369
73	-3.347	53.374
74	-3.343	53.378
75	-3.338	53.382
76	-3.332	53.387
77	-3.326	53.393
78	-3.322	53.400
79	-3.317	53.406
80	-3.313	53.412
81	-3.307	53.418
82	-3.299	53.424
83	-3.289	53.429
84	-3.277	53.432
85	-3.262	53.435
86	-3.248	53.437
87	-3.234	53.438
88	-3.222	53.439
89	-3.209	53.442
90	-3.197	53.444
91	-3.184	53.448
92	-3.169	53.452
93	-3.151	53.455
94	-3.132	53.455
95	-3.112	53.453
96	-3.090	53.448
97	-3.067	53.439
98	-3.044	53.426
99	-3.020	53.408
100	-2.995	53.385
101	-2.970	53.359
102	-2.945	53.329
103	-2.919	53.298
104	-2.889	53.266
105	-2.854	53.231
106	-2.815	53.195
107	-2.773	53.159
108	-2.729	53.122
109	-2.684	53.086
110	-2.639	53.052
111	-2.595	53.020
112	-2.552	52.993
113	-2.511	52.970
114	-2.475	52.951
115	-2.442	52.934
116	-2.411	52.918
117	-2.383	52.902
118	-2.359	52.886
119	-2.338	52.870
120	-2.319	52.856
121	-2.302	52.843
122	-2.286	52.829
123	-2.270	52.815
124	-2.252	52.798
125	-2.231	52.780
126	-2.210	52.761
127	-2.186	52.741
128	-2.161	52.721
129	-2.134	52.704
130	-2.104	52.688
131	-2.071	52.675
132	-2.034	52.665
133	-1.995	52.656
134	-1.952	52.650
135	-1.907	52.646
136	-1.863	52.643
137	-1.819	52.641
138	-1.775	52.641
139	-1.731	52.640
140	-1.689	52.637
141	-1.646	52.631
142	-1.604	52.623
143	-1.565	52.613
144	-1.529	52.604
145	-1.495	52.596
146	-1.462	52.588
147	-1.430	52.581
148	-1.399	52.577
149	-1.366	52.576
150	-1.331	52.579
151	-1.296	52.585
152	-1.260	52.592
153	-1.227	52.602
154	-1.196	52.613
155	-1.169	52.628
156	-1.144	52.649
157	-1.120	52.675
158	-1.097	52.702
159	-1.076	52.732
160	-1.054	52.763
161	-1.032	52.792
162	-1.009	52.818
163	-0.986	52.841
164	-0.963	52.862
165	-0.942	52.883
166	-0.921	52.904
167	-0.903	52.926
168	-0.888	52.950
169	-0.875	52.973
170	-0.862	52.996
171	-0.851	53.021
172	-0.839	53.045
173	-0.825	53.069
174	-0.806	53.092
175	-0.784	53.113
176	-0.758	53.131
177	-0.727	53.148
178	-0.693	53.164
179	-0.657	53.179
180	-0.620	53.194
181	-0.586	53.208
182	-0.556	53.221
183	-0.531	53.233
184	-0.508	53.246
185	-0.488	53.258
186	-0.470	53.271
187	-0.454	53.285
188	-0.438	53.300
189	-0.423	53.317
190	-0.407	53.337
191	-0.392	53.358
192	-0.376	53.379
193	-0.360	53.400
194	-0.344	53.420
195	-0.328	53.439
196	-0.311	53.455
197	-0.296	53.470
198	-0.283	53.484
199	-0.272	53.497
200	-0.262	53.512
201	-0.253	53.527
202	-0.244	53.542
203	-0.235	53.556
204	-0.227	53.570
205	-0.219	53.584
206	-0.213	53.596
207	-0.209	53.607
208	-0.206	53.618
209	-0.205	53.630
210	-0.205	53.641
211	-0.205	53.653
212	-0.206	53.666
213	-0.208	53.679
214	-0.208	53.692
215	-0.207	53.706
216	-0.206	53.720
217	-0.204	53.734
218	-0.201	53.748
219	-0.197	53.761
220	-0.194	53.774
221	-0.190	53.784
222	-0.189	53.793
223	-0.191	53.800
224	-0.196	53.807
225	-0.202	53.814
226	-0.204	53.820
227	-0.203	53.826
228	-0.201	53.831
229	-0.198	53.836
230	-0.197	53.841
231	-0.196	53.847
232	-0.195	53.855
233	-0.188	53.864
234	-0.178	53.873
235	-0.165	53.883
236	-0.151	53.895
237	-0.138	53.906
238	-0.124	53.919
239	-0.112	53.932
240	-0.100	53.945
241	-0.090	53.956
242	-0.082	53.967
243	-0.074	53.979
244	-0.066	53.992
245	-0.056	54.005
246	-0.047	54.020
247	-0.036	54.036
248	-0.022	54.054
249	-0.003	54.073
250	0.017	54.092
251	0.038	54.108
252	0.058	54.122
253	0.078	54.134
254	0.098	54.144
255	0.118	54.152
256	0.138	54.159
257	0.157	54.165
258	0.175	54.170
259	0.192	54.175
260	0.208	54.180
261	0.219	54.188
262	0.228	54.199
263	0.239	54.210
264	0.250	54.221
265	0.259	54.231
266	0.270	54.241
267	0.282	54.250
268	0.295	54.261
269	0.311	54.273
270	0.329	54.286
271	0.347	54.301
272	0.363	54.316
273	0.378	54.332
274	0.391	54.350
275	0.401	54.367
276	0.408	54.384
277	0.416	54.401
278	0.423	54.419
279	0.431	54.438
280	0.439	54.459
281	0.447	54.481
282	0.457	54.504
283	0.466	54.527
284	0.475	54.551
285	0.482	54.573
286	0.489	54.596
287	0.495	54.618
288	0.499	54.641
289	0.502	54.665
290	0.503	54.691
291	0.502	54.718
292	0.497	54.745
293	0.487	54.771
294	0.474	54.798
295	0.458	54.823
296	0.438	54.849
297	0.419	54.874
298	0.402	54.898
299	0.390	54.921
300	0.382	54.944
301	0.379	54.966
302	0.377	54.987
303	0.375	55.008
304	0.374	55.029
305	0.374	55.050
306	0.373	55.070
307	0.370	55.089
308	0.369	55.108
309	0.371	55.126
310	0.375	55.144
311	0.379	55.162
312	0.382	55.182
313	0.384	55.202
314	0.383	55.222
315	0.380	55.241
316	0.378	55.261
317	0.376	55.281
318	0.373	55.300
319	0.367	55.317
320	0.358	55.334
321	0.349	55.349
322	0.338	55.364
323	0.325	55.377
324	0.310	55.388
325	0.295	55.399
326	0.283	55.409
327	0.272	55.418
328	0.261	55.425
329	0.249	55.432
330	0.235	55.438
331	0.218	55.446
332	0.202	55.455
333	0.184	55.466
334	0.165	55.480
335	0.145	55.495
336	0.123	55.512
337	0.098	55.532
338	0.069	55.554
339	0.042	55.577
340	0.016	55.600
341	-0.011	55.622
342	-0.034	55.645
343	-0.054	55.669
344	-0.073	55.693
345	-0.091	55.715
346	-0.110	55.738
347	-0.130	55.761
348	-0.154	55.786
349	-0.177	55.814
350	-0.199	55.846
351	-0.222	55.880
352	-0.246	55.917
353	-0.272	55.957
354	-0.305	55.999
355	-0.343	56.045
356	-0.381	56.090
357	-0.415	56.132
358	-0.441	56.172
359	-0.457	56.213
360	-0.470	56.252
361	-0.480	56.290
362	-0.485	56.324
363	-0.484	56.355
364	-0.475	56.385
365	-0.461	56.415
366	-0.443	56.446
367	-0.418	56.480
368	-0.388	56.517
369	-0.358	56.555
370	-0.327	56.593
371	-0.294	56.636
372	-0.263	56.681
373	-0.235	56.731
374	-0.210	56.785
375	-0.182	56.841
376	-0.150	56.897
377	-0.115	56.952
378	-0.076	57.004
379	-0.035	57.051
380	0.005	57.094
381	0.045	57.132
382	0.083	57.165
383	0.120	57.195
384	0.155	57.225
385	0.187	57.256
386	0.213	57.288
387	0.235	57.320
388	0.254	57.351
389	0.272	57.380
390	0.292	57.407
391	0.315	57.434
392	0.340	57.460
393	0.366	57.487
394	0.394	57.516
395	0.425	57.545
396	0.459	57.575
397	0.497	57.605
398	0.539	57.633
399	0.581	57.658
400	0.620	57.681
401	0.654	57.702
402	0.680	57.723
403	0.699	57.745
404	0.713	57.768
405	0.725	57.791
406	0.735	57.811
407	0.739	57.826
408	0.737	57.839
409	0.731	57.850
410	0.717	57.860
411	0.699	57.867
412	0.676	57.872
413	0.652	57.875
414	0.629	57.877
415	0.607	57.876
416	0.587	57.873
417	0.570	57.866
418	0.553	57.858
419	0.536	57.849
420	0.522	57.838
421	0.509	57.828
422	0.497	57.816
423	0.484	57.802
424	0.470	57.785
425	0.455	57.768
426	0.438	57.749
427	0.420	57.729
428	0.401	57.709
429	0.381	57.689
430	0.359	57.668
431	0.336	57.645
432	0.313	57.622
433	0.287	57.598
434	0.259	57.573
435	0.227	57.545
436	0.196	57.516
437	0.165	57.487
438	0.137	57.459
439	0.112	57.433
440	0.089	57.410
441	0.067	57.390
442	0.050	57.373
443	0.036	57.357
444	0.024	57.343
445	0.013	57.331
446	0.004	57.320
447	-0.002	57.312
448	-0.005	57.307
449	-0.008	57.304
450	-0.009	57.305
451	-0.010	57.310
452	-0.010	57.318
453	-0.009	57.328
454	-0.007	57.338
455	-0.007	57.349
456	-0.010	57.361
457	-0.013	57.375
458	-0.016	57.389
459	-0.018	57.404
460	-0.020	57.419
461	-0.022	57.435
462	-0.023	57.452
463	-0.021	57.469
464	-0.017	57.487
465	-0.012	57.505
466	-0.006	57.525
467	0.001	57.545
468	0.010	57.567
469	0.023	57.589
470	0.038	57.612
471	0.055	57.636
472	0.075	57.661
473	0.098	57.687
474	0.125	57.714
475	0.155	57.742
476	0.187	57.769
477	0.220	57.794
478	0.252	57.818
479	0.282	57.840
480	0.312	57.861
481	0.339	57.884
482	0.365	57.908
483	0.390	57.931
484	0.413	57.954
485	0.435	57.977
486	0.456	57.999
487	0.476	58.020
488	0.497	58.042
489	0.517	58.062
490	0.537	58.081
491	0.559	58.097
492	0.583	58.112
493	0.608	58.124
494	0.633	58.133
495	0.658	58.141
496	0.684	58.146
497	0.710	58.149
498	0.736	58.147
499	0.760	58.144
500	0.782	58.141
501	0.801	58.140
502	0.816	58.139
503	0.829	58.138
504	0.841	58.136
505	0.850	58.133
506	0.856	58.130
507	0.859	58.127
508	0.860	58.123
509	0.859	58.120
510	0.857	58.119
511	0.854	58.120
512	0.849	58.124
513	0.844	58.131
514	0.842	58.140
515	0.843	58.152
516	0.847	58.168
517	0.851	58.193
518	0.857	58.228
519	0.865	58.272
520	0.875	58.325
521	0.890	58.383
522	0.912	58.441
523	0.938	58.497
524	0.967	58.550
525	0.999	58.601
526	1.034	58.650
527	1.070	58.700
528	1.106	58.748
529	1.140	58.796
530	1.172	58.842
531	1.203	58.887
532	1.235	58.929
533	1.266	58.968
534	1.295	59.005
535	1.324	59.038
536	1.352	59.066
537	1.378	59.092
538	1.402	59.115
539	1.425	59.136
540	1.448	59.157
541	1.469	59.177
542	1.485	59.197
543	1.497	59.216
544	1.506	59.233
545	1.517	59.243
546	1.531	59.247
547	1.548	59.245
548	1.565	59.239
549	1.578	59.236
550	1.586	59.235
551	1.594	59.237
552	1.602	59.242
553	1.610	59.248
554	1.618	59.257
555	1.623	59.269
556	1.629	59.283
557	1.634	59.297
558	1.640	59.312
559	1.646	59.328
560	1.653	59.345
561	1.660	59.363
562	1.669	59.382
563	1.678	59.402
564	1.687	59.422
565	1.697	59.442
566	1.707	59.462
567	1.720	59.481
568	1.733	59.499
569	1.747	59.517
570	1.760	59.537
571	1.773	59.557
572	1.785	59.579
573	1.798	59.599
574	1.812	59.619
575	1.828	59.638
576	1.848	59.655
577	1.872	59.670
578	1.897	59.685
579	1.924	59.698
580	1.951	59.709
581	1.978	59.717
582	2.004	59.723
583	2.030	59.726
584	2.057	59.725
585	2.083	59.721
586	2.110	59.714
587	2.135	59.707
588	2.160	59.698
589	2.183	59.688
590	2.207	59.679
591	2.231	59.669
592	2.255	59.659
593	2.279	59.649
594	2.303	59.639
595	2.328	59.630
596	2.351	59.622
597	2.373	59.615
598	2.394	59.606
599	2.417	59.596
600	2.439	59.584
601	2.461	59.571
602	2.481	59.556
603	2.499	59.540
604	2.517	59.524
605	2.533	59.506
606	2.548	59.488
607	2.562	59.469
608	2.575	59.449
609	2.587	59.430
610	2.598	59.409
611	2.609	59.388
612	2.618	59.365
613	2.625	59.341
614	2.628	59.315
615	2.627	59.288
616	2.621	59.261
617	2.610	59.233
618	2.596	59.205
619	2.580	59.177
620	2.565	59.147
621	2.549	59.117
622	2.532	59.086
623	2.516	59.055
624	2.501	59.024
625	2.486	58.994
626	2.472	58.964
627	2.460	58.934
628	2.449	58.904
629	2.438	58.875
630	2.428	58.849
631	2.419	58.824
632	2.412	58.802
633	2.406	58.781
634	2.401	58.760
635	2.397	58.738
636	2.393	58.717
637	2.390	58.696
638	2.388	58.676
639	2.385	58.657
640	2.382	58.639
641	2.377	58.621
642	2.371	58.602
643	2.364	58.582
644	2.357	58.561
645	2.350	58.538
646	2.342	58.516
647	2.333	58.494
648	2.322	58.473
649	2.311	58.455
650	2.299	58.438
651	2.287	58.423
652	2.273	58.411
653	2.259	58.401
654	2.242	58.393
655	2.226	58.385
656	2.208	58.377
657	2.191	58.367
658	2.173	58.357
659	2.154	58.346
660	2.134	58.334
661	2.113	58.320
662	2.091	58.306
663	2.068	58.291
664	2.045	58.275
665	2.022	58.259
666	1.997	58.243
667	1.970	58.228
668	1.940	58.212
669	1.907	58.197
670	1.872	58.181
671	1.836	58.165
672	1.800	58.150
673	1.764	58.135
674	1.728	58.120
675	1.690	58.105
676	1.653	58.088
677	1.615	58.070
678	1.577	58.052
679	1.540	58.032
680	1.505	58.012
681	1.470	57.992
682	1.436	57.970
683	1.404	57.947
684	1.372	57.922
685	1.342	57.895
686	1.312	57.866
687	1.281	57.835
688	1.251	57.803
689	1.221	57.769
690	1.191	57.734
691	1.164	57.697
692	1.137	57.661
693	1.112	57.626
694	1.088	57.592
695	1.064	57.558
696	1.037	57.524
697	1.009	57.490
698	0.979	57.456
699	0.949	57.423
700	0.919	57.390
701	0.892	57.359
702	0.867	57.329
703	0.841	57.301
704	0.816	57.276
705	0.792	57.252
706	0.769	57.230
707	0.747	57.211
708	0.727	57.194
709	0.711	57.178
710	0.697	57.164
711	0.684	57.152
712	0.671	57.142
713	0.658	57.133
714	0.642	57.126
715	0.624	57.119
716	0.604	57.112
717	0.584	57.106
718	0.561	57.100
719	0.537	57.095
720	0.514	57.090
721	0.490	57.085
722	0.466	57.081
723	0.441	57.078
724	0.416	57.075
725	0.391	57.073
726	0.365	57.071
727	0.339	57.069
728	0.312	57.067
729	0.285	57.063
730	0.257	57.058
731	0.229	57.050
732	0.200	57.039
733	0.168	57.025
734	0.134	57.007
735	0.096	56.986
736	0.056	56.961
737	0.015	56.935
738	-0.025	56.907
739	-0.064	56.877
740	-0.101	56.847
741	-0.135	56.815
742	-0.167	56.783
743	-0.198	56.748
744	-0.226	56.714
745	-0.252	56.679
746	-0.274	56.646
747	-0.291	56.615
748	-0.304	56.588
749	-0.313	56.564
750	-0.319	56.543
751	-0.325	56.525
752	-0.332	56.512
753	-0.342	56.501
754	-0.352	56.491
755	-0.364	56.484
756	-0.375	56.478
757	-0.386	56.476
758	-0.394	56.478
759	-0.402	56.484
760	-0.408	56.493
761	-0.411	56.505
762	-0.413	56.519
763	-0.412	56.535
764	-0.408	56.551
765	-0.400	56.567
766	-0.390	56.582
767	-0.379	56.595
768	-0.367	56.607
769	-0.354	56.616
770	-0.341	56.623
771	-0.329	56.628
772	-0.317	56.633
773	-0.308	56.638
774	-0.300	56.645
775	-0.296	56.652
776	-0.293	56.661
777	-0.291	56.673
778	-0.289	56.687
779	-0.285	56.705
780	-0.278	56.727
781	-0.266	56.750
782	-0.249	56.776
783	-0.225	56.803
784	-0.196	56.834
785	-0.161	56.868
786	-0.122	56.903
787	-0.079	56.940
788	-0.032	56.979
789	0.017	57.020
790	0.070	57.062
791	0.126	57.104
792	0.184	57.148
793	0.245	57.192
794	0.307	57.239
795	0.370	57.287
796	0.432	57.335
797	0.493	57.383
798	0.552	57.431
799	0.610	57.479
800	0.667	57.525
801	0.724	57.570
802	0.778	57.612
803	0.832	57.652
804	0.884	57.690
805	0.935	57.725
806	0.985	57.759
807	1.036	57.794
808	1.087	57.829
809	1.140	57.865
810	1.195	57.901
811	1.250	57.936
812	1.308	57.970
813	1.366	58.001
814	1.423	58.029
815	1.477	58.056
816	1.529	58.081
817	1.579	58.106
818	1.626	58.131
819	1.670	58.159
820	1.711	58.189
821	1.752	58.221
822	1.793	58.254
823	1.834	58.290
824	1.877	58.329
825	1.921	58.371
826	1.966	58.414
827	2.012	58.458
828	2.059	58.501
829	2.106	58.544
830	2.154	58.586
831	2.201	58.629
832	2.247	58.673
833	2.293	58.716
834	2.338	58.758
835	2.382	58.800
836	2.426	58.840
837	2.468	58.879
838	2.512	58.918
839	2.556	58.956
840	2.598	58.992
841	2.639	59.027
842	2.676	59.061
843	2.711	59.092
844	2.744	59.123
845	2.776	59.153
846	2.808	59.183
847	2.841	59.213
848	2.874	59.244
849	2.908	59.275
850	2.943	59.306
851	2.977	59.338
852	3.010	59.370
853	3.040	59.404
854	3.069	59.437
855	3.095	59.469
856	3.119	59.502
857	3.141	59.534
858	3.160	59.565
859	3.177	59.595
860	3.193	59.621
861	3.207	59.646
862	3.221	59.668
863	3.232	59.689
864	3.241	59.708
865	3.247	59.725
866	3.250	59.739
867	3.250	59.752
868	3.247	59.764
869	3.242	59.774
870	3.234	59.784
871	3.221	59.793
872	3.205	59.800
873	3.186	59.805
874	3.166	59.808
875	3.145	59.809
876	3.126	59.809
877	3.107	59.807
878	3.089	59.803
879	3.073	59.798
880	3.058	59.791
881	3.044	59.784
882	3.030	59.776
883	3.017	59.768
884	3.003	59.761
885	2.991	59.754
886	2.980	59.747
887	2.969	59.741
888	2.958	59.735
889	2.948	59.729
890	2.937	59.723
891	2.926	59.717
892	2.917	59.711
893	2.908	59.706
894	2.900	59.702
895	2.893	59.698
896	2.886	59.696
897	2.879	59.694
898	2.872	59.692
899	2.867	59.692
900	2.863	59.693
901	2.861	59.696
902	2.861	59.699
903	2.861	59.703
904	2.861	59.707
905	2.860	59.710
906	2.859	59.711
907	2.855	59.709
908	2.851	59.704
909	2.846	59.696
910	2.839	59.686
911	2.829	59.674
912	2.815	59.660
913	2.798	59.646
914	2.780	59.630
915	2.761	59.615
916	2.742	59.598
917	2.724	59.582
918	2.707	59.566
919	2.692	59.549
920	2.679	59.532
921	2.666	59.514
922	2.654	59.497
923	2.642	59.480
924	2.631	59.461
925	2.618	59.442
926	2.604	59.422
927	2.587	59.401
928	2.569	59.380
929	2.549	59.357
930	2.528	59.335
931	2.505	59.313
932	2.482	59.290
933	2.459	59.269
934	2.437	59.249
935	2.415	59.231
936	2.395	59.214
937	2.375	59.198
938	2.357	59.184
939	2.339	59.172
940	2.322	59.162
941	2.304	59.154
942	2.287	59.146
943	2.269	59.140
944	2.251	59.136
945	2.234	59.132
946	2.218	59.130
947	2.203	59.128
948	2.189	59.128
949	2.177	59.129
950	2.165	59.131
951	2.153	59.131
952	2.139	59.130
953	2.125	59.127
954	2.107	59.124
955	2.088	59.120
956	2.067	59.115
957	2.044	59.107
958	2.020	59.098
959	1.994	59.088
960	1.966	59.078
961	1.938	59.070
962	1.911	59.062
963	1.886	59.057
964	1.863	59.053
965	1.840	59.051
966	1.817	59.051
967	1.797	59.054
968	1.778	59.058
969	1.760	59.064
970	1.742	59.071
971	1.724	59.079
972	1.707	59.089
973	1.691	59.099
974	1.676	59.110
975	1.662	59.121
976	1.649	59.133
977	1.639	59.143
978	1.629	59.153
979	1.617	59.162
980	1.602	59.170
981	1.585	59.178
982	1.566	59.185
983	1.547	59.190
984	1.527	59.193
985	1.507	59.196
986	1.489	59.199
987	1.473	59.202
988	1.460	59.207
989	1.447	59.212
990	1.437	59.219
991	1.427	59.227
992	1.418	59.236
993	1.411	59.245
994	1.405	59.255
995	1.400	59.265
996	1.396	59.275
997	1.392	59.285
998	1.388	59.295
999	1.382	59.304
1000	1.374	59.314
1001	1.367	59.325
1002	1.359	59.336
1003	1.349	59.349
1004	1.340	59.363
1005	1.333	59.379
1006	1.325	59.397
1007	1.315	59.415
1008	1.306	59.433
1009	1.297	59.452
1010	1.285	59.470
1011	1.272	59.486
1012	1.259	59.501
1013	1.244	59.514
1014	1.228	59.527
1015	1.212	59.540
1016	1.197	59.552
1017	1.181	59.565
1018	1.165	59.578
1019	1.147	59.593
1020	1.127	59.608
1021	1.103	59.622
1022	1.077	59.635
1023	1.050	59.647
1024	1.023	59.659
1025	0.995	59.668
1026	0.968	59.677
1027	0.942	59.685
1028	0.917	59.692
1029	0.894	59.699
1030	0.872	59.706
1031	0.852	59.713
1032	0.833	59.718
1033	0.814	59.722
1034	0.798	59.724
1035	0.782	59.725
1036	0.768	59.726
1037	0.752	59.726
1038	0.736	59.726
1039	0.719	59.727
1040	0.701	59.728
1041	0.682	59.730
1042	0.662	59.732
1043	0.640	59.734
1044	0.619	59.736
1045	0.600	59.740
1046	0.583	59.744
1047	0.567	59.749
1048	0.554	59.754
1049	0.543	59.760
1050	0.534	59.766
1051	0.526	59.774
1052	0.520	59.783
1053	0.515	59.793
1054	0.508	59.802
1055	0.500	59.813
1056	0.491	59.825
1057	0.482	59.837
1058	0.471	59.850
1059	0.461	59.863
1060	0.452	59.876
1061	0.444	59.888
1062	0.436	59.900
1063	0.429	59.913
1064	0.420	59.925
1065	0.412	59.937
1066	0.403	59.948
1067	0.391	59.959
1068	0.376	59.969
1069	0.360	59.979
1070	0.343	59.987
1071	0.324	59.994
1072	0.303	60.001
1073	0.281	60.008
1074	0.257	60.015
1075	0.232	60.022
1076	0.206	60.030
1077	0.180	60.038
1078	0.154	60.045
1079	0.129	60.053
1080	0.105	60.061
1081	0.083	60.068
1082	0.062	60.074
1083	0.042	60.080
1084	0.023	60.084
1085	0.004	60.087
1086	-0.016	60.089
1087	-0.036	60.091
1088	-0.055	60.093
1089	-0.074	60.095
1090	-0.092	60.099
1091	-0.110	60.103
1092	-0.129	60.109
1093	-0.150	60.115
1094	-0.171	60.123
1095	-0.193	60.130
1096	-0.217	60.139
1097	-0.240	60.147
1098	-0.263	60.155
1099	-0.287	60.161
1100	-0.312	60.165
1101	-0.338	60.168
1102	-0.365	60.170
1103	-0.395	60.172
1104	-0.428	60.173
1105	-0.463	60.174
1106	-0.500	60.174
1107	-0.539	60.175
1108	-0.582	60.175
1109	-0.628	60.175
1110	-0.676	60.172
1111	-0.725	60.169
1112	-0.777	60.163
1113	-0.828	60.157
1114	-0.880	60.149
1115	-0.930	60.140
1116	-0.978	60.129
1117	-1.025	60.117
1118	-1.070	60.106
1119	-1.114	60.094
1120	-1.156	60.083
1121	-1.196	60.071
1122	-1.234	60.060
1123	-1.271	60.050
1124	-1.305	60.041
1125	-1.339	60.032
1126	-1.372	60.023
1127	-1.404	60.015
1128	-1.433	60.005
1129	-1.459	59.996
1130	-1.484	59.987
1131	-1.506	59.977
1132	-1.525	59.968
1133	-1.543	59.960
1134	-1.559	59.953
1135	-1.574	59.948
1136	-1.590	59.944
1137	-1.607	59.942
1138	-1.624	59.941
1139	-1.641	59.941
1140	-1.657	59.941
1141	-1.672	59.941
1142	-1.687	59.942
1143	-1.699	59.944
1144	-1.709	59.948
1145	-1.718	59.953
1146	-1.727	59.959
1147	-1.735	59.968
1148	-1.745	59.977
1149	-1.756	59.988
1150	-1.769	59.999
1151	-1.783	60.011
1152	-1.798	60.024
1153	-1.815	60.038
1154	-1.834	60.052
1155	-1.853	60.066
1156	-1.872	60.080
1157	-1.890	60.093
1158	-1.909	60.105
1159	-1.927	60.116
1160	-1.947	60.125
1161	-1.966	60.134
1162	-1.985	60.142
1163	-2.004	60.149
1164	-2.022	60.155
1165	-2.038	60.160
1166	-2.052	60.165
1167	-2.065	60.169
1168	-2.078	60.173
1169	-2.092	60.177
1170	-2.108	60.181
1171	-2.125	60.183
1172	-2.145	60.185
1173	-2.167	60.184
1174	-2.191	60.182
1175	-2.215	60.179
1176	-2.240	60.174
1177	-2.265	60.167
1178	-2.289	60.158
1179	-2.314	60.146
1180	-2.340	60.134
1181	-2.365	60.120
1182	-2.389	60.106
1183	-2.414	60.090
1184	-2.441	60.074
1185	-2.470	60.058
1186	-2.500	60.042
1187	-2.532	60.025
1188	-2.564	60.009
1189	-2.595	59.992
1190	-2.627	59.974
1191	-2.659	59.954
1192	-2.691	59.934
1193	-2.724	59.913
1194	-2.755	59.890
1195	-2.786	59.868
1196	-2.818	59.846
1197	-2.851	59.823
1198	-2.883	59.802
1199	-2.914	59.780
1200	-2.945	59.760
1201	-2.974	59.741
1202	-3.003	59.723
1203	-3.030	59.706
1204	-3.055	59.691
1205	-3.077	59.679
1206	-3.097	59.669
1207	-3.116	59.661
1208	-3.138	59.652
1209	-3.160	59.642
1210	-3.183	59.632
1211	-3.206	59.621
1212	-3.229	59.610
1213	-3.252	59.599
1214	-3.276	59.587
1215	-3.301	59.574
1216	-3.327	59.560
1217	-3.354	59.547
1218	-3.380	59.535
1219	-3.404	59.521
1220	-3.428	59.507
1221	-3.451	59.491
1222	-3.476	59.474
1223	-3.505	59.455
1224	-3.535	59.434
1225	-3.568	59.409
1226	-3.601	59.383
1227	-3.636	59.355
1228	-3.672	59.326
1229	-3.709	59.297
1230	-3.749	59.266
1231	-3.791	59.234
1232	-3.833	59.202
1233	-3.874	59.169
1234	-3.916	59.135
1235	-3.958	59.101
1236	-4.000	59.068
1237	-4.043	59.035
1238	-4.086	59.002
1239	-4.129	58.969
1240	-4.172	58.937
1241	-4.216	58.905
1242	-4.261	58.875
1243	-4.305	58.846
1244	-4.349	58.819
1245	-4.392	58.792
1246	-4.435	58.766
1247	-4.477	58.741
1248	-4.519	58.717
1249	-4.561	58.694
1250	-4.604	58.672
1251	-4.649	58.650
1252	-4.694	58.627
1253	-4.741	58.603
1254	-4.788	58.575
1255	-4.836	58.545
1256	-4.887	58.510
1257	-4.940	58.471
1258	-4.996	58.431
1259	-5.051	58.389
1260	-5.106	58.347
1261	-5.161	58.302
1262	-5.216	58.256
1263	-5.272	58.208
1264	-5.327	58.159
1265	-5.379	58.111
1266	-5.429	58.064
1267	-5.477	58.019
1268	-5.524	57.977
1269	-5.571	57.935
1270	-5.621	57.895
1271	-5.672	57.855
1272	-5.725	57.816
1273	-5.777	57.776
1274	-5.828	57.735
1275	-5.878	57.694
1276	-5.926	57.652
1277	-5.974	57.609
1278	-6.022	57.565
1279	-6.070	57.519
1280	-6.118	57.471
1281	-6.165	57.421
1282	-6.213	57.370
1283	-6.262	57.317
1284	-6.312	57.263
1285	-6.361	57.208
1286	-6.410	57.153
1287	-6.461	57.096
1288	-6.514	57.038
1289	-6.568	56.980
1290	-6.623	56.922
1291	-6.679	56.866
1292	-6.736	56.810
1293	-6.794	56.755
1294	-6.852	56.701
1295	-6.910	56.648
1296	-6.968	56.596
1297	-7.025	56.544
1298	-7.082	56.492
1299	-7.139	56.441
1300	-7.196	56.390
1301	-7.252	56.339
1302	-7.307	56.289
1303	-7.361	56.240
1304	-7.414	56.190
1305	-7.466	56.140
1306	-7.515	56.090
1307	-7.563	56.041
1308	-7.608	55.991
1309	-7.650	55.940
1310	-7.691	55.890
1311	-7.730	55.840
1312	-7.770	55.789
1313	-7.809	55.738
1314	-7.848	55.687
1315	-7.888	55.637
1316	-7.927	55.586
1317	-7.965	55.536
1318	-8.001	55.487
1319	-8.034	55.438
1320	-8.066	55.391
1321	-8.096	55.344
1322	-8.125	55.298
1323	-8.154	55.255
1324	-8.182	55.213
1325	-8.210	55.172
1326	-8.238	55.134
1327	-8.265	55.095
1328	-8.289	55.057
1329	-8.311	55.017
1330	-8.332	54.976
1331	-8.350	54.936
1332	-8.368	54.897
1333	-8.385	54.860
1334	-8.399	54.825
1335	-8.410	54.790
1336	-8.417	54.755
1337	-8.420	54.721
1338	-8.421	54.688
1339	-8.420	54.656
1340	-8.416	54.627
1341	-8.411	54.600
1342	-8.405	54.576
1343	-8.400	54.553
1344	-8.394	54.530
1345	-8.388	54.509
1346	-8.381	54.488
1347	-8.373	54.470
1348	-8.364	54.453
1349	-8.355	54.438
1350	-8.348	54.425
1351	-8.341	54.415
1352	-8.335	54.403
1353	-8.329	54.392
1354	-8.323	54.382
1355	-8.317	54.373
1356	-8.314	54.364
1357	-8.313	54.356
1358	-8.316	54.349
1359	-8.324	54.344
1360	-8.333	54.340
1361	-8.344	54.338
1362	-8.356	54.340
1363	-8.370	54.343
1364	-8.385	54.346
1365	-8.400	54.349
1366	-8.416	54.350
1367	-8.432	54.348
1368	-8.448	54.344
1369	-8.464	54.337
1370	-8.481	54.329
1371	-8.497	54.319
1372	-8.514	54.308
1373	-8.530	54.296
1374	-8.545	54.284
1375	-8.559	54.271
1376	-8.571	54.256
1377	-8.582	54.242
1378	-8.590	54.226
1379	-8.595	54.210
1380	-8.597	54.193
1381	-8.596	54.175
1382	-8.593	54.157
1383	-8.591	54.139
1384	-8.590	54.120
1385	-8.591	54.100
1386	-8.593	54.079
1387	-8.598	54.057
1388	-8.604	54.035
1389	-8.612	54.010
1390	-8.621	53.983
1391	-8.631	53.956
1392	-8.641	53.928
1393	-8.650	53.900
1394	-8.657	53.873
1395	-8.663	53.847
1396	-8.669	53.823
1397	-8.676	53.799
1398	-8.683	53.777
1399	-8.691	53.757
1400	-8.697	53.741
1401	-8.701	53.728
1402	-8.702	53.719
1403	-8.700	53.713
1404	-8.695	53.711
1405	-8.688	53.710
1406	-8.680	53.711
1407	-8.670	53.713
1408	-8.659	53.717
1409	-8.646	53.721
1410	-8.632	53.726
1411	-8.614	53.732
1412	-8.593	53.739
1413	-8.568	53.747
1414	-8.538	53.756
1415	-8.503	53.765
1416	-8.463	53.775
1417	-8.420	53.786
1418	-8.374	53.798
1419	-8.328	53.812
1420	-8.284	53.827
1421	-8.242	53.840
1422	-8.203	53.853
1423	-8.165	53.863
1424	-8.128	53.872
1425	-8.091	53.879
1426	-8.052	53.885
1427	-8.015	53.892
1428	-7.979	53.900
1429	-7.948	53.910
1430	-7.920	53.922
1431	-7.896	53.935
1432	-7.877	53.949
1433	-7.862	53.962
1434	-7.852	53.974
1435	-7.847	53.984
1436	-7.847	53.994
1437	-7.851	54.003
1438	-7.861	54.010
1439	-7.875	54.017
1440	-7.893	54.023
1441	-7.912	54.027
1442	-7.932	54.031
1443	-7.953	54.033
1444	-7.974	54.034
1445	-7.995	54.034
1446	-8.015	54.032
1447	-8.032	54.029
1448	-8.047	54.025
1449	-8.062	54.021
1450	-8.075	54.014
1451	-8.090	54.007
1452	-8.108	53.998
1453	-8.129	53.987
1454	-8.150	53.974
1455	-8.171	53.960
1456	-8.190	53.943
1457	-8.208	53.923
1458	-8.227	53.901
1459	-8.246	53.877
1460	-8.262	53.852
1461	-8.273	53.824
1462	-8.278	53.795
1463	-8.279	53.767
1464	-8.276	53.739
1465	-8.272	53.713
1466	-8.270	53.689
1467	-8.268	53.665
1468	-8.268	53.643
1469	-8.271	53.622
1470	-8.276	53.601
1471	-8.282	53.580
1472	-8.289	53.559
1473	-8.295	53.538
1474	-8.300	53.517
1475	-8.307	53.497
1476	-8.316	53.479
1477	-8.327	53.460
1478	-8.340	53.441
1479	-8.355	53.422
1480	-8.375	53.404
1481	-8.397	53.386
1482	-8.421	53.369
1483	-8.445	53.354
1484	-8.466	53.340
1485	-8.486	53.326
1486	-8.505	53.311
1487	-8.521	53.295
1488	-8.534	53.279
1489	-8.546	53.262
1490	-8.557	53.245
1491	-8.567	53.226
1492	-8.577	53.206
1493	-8.587	53.184
1494	-8.599	53.159
1495	-8.612	53.131
1496	-8.626	53.100
1497	-8.637	53.065
1498	-8.647	53.029
1499	-8.653	52.991
1500	-8.657	52.953
1501	-8.659	52.914
1502	-8.658	52.875
1503	-8.655	52.836
1504	-8.651	52.797
1505	-8.646	52.759
1506	-8.639	52.723
1507	-8.632	52.689
1508	-8.621	52.658
1509	-8.607	52.628
1510	-8.592	52.599
1511	-8.578	52.570
1512	-8.566	52.543
1513	-8.557	52.516
1514	-8.551	52.490
1515	-8.549	52.464
1516	-8.552	52.439
1517	-8.558	52.414
1518	-8.567	52.389
1519	-8.581	52.365
1520	-8.599	52.342
1521	-8.618	52.318
1522	-8.639	52.295
1523	-8.660	52.272
1524	-8.683	52.248
1525	-8.708	52.222
1526	-8.734	52.192
1527	-8.762	52.159
1528	-8.788	52.123
1529	-8.813	52.086
1530	-8.837	52.048
1531	-8.860	52.009
1532	-8.882	51.970
1533	-8.903	51.929
1534	-8.924	51.889
1535	-8.944	51.849
1536	-8.961	51.809
1537	-8.971	51.766
1538	-8.978	51.722
1539	-8.986	51.678
1540	-8.998	51.635
1541	-9.010	51.595
1542	-9.020	51.557
1543	-9.028	51.522
1544	-9.033	51.487
1545	-9.034	51.452
1546	-9.031	51.417
1547	-9.025	51.381
1548	-9.016	51.343
1549	-9.003	51.304
1550	-8.987	51.264
1551	-8.966	51.221
1552	-8.941	51.178
1553	-8.913	51.133
1554	-8.878	51.086
1555	-8.840	51.037
1556	-8.801	50.988
1557	-8.759	50.939
1558	-8.714	50.891
1559	-8.667	50.844
1560	-8.619	50.798
1561	-8.569	50.754
1562	-8.518	50.711
1563	-8.465	50.669
1564	-8.410	50.628
1565	-8.354	50.588
1566	-8.298	50.549
1567	-8.242	50.512
1568	-8.186	50.476
1569	-8.131	50.442
1570	-8.077	50.409
1571	-8.025	50.377
1572	-7.976	50.348
1573	-7.929	50.321
1574	-7.884	50.296
1575	-7.841	50.274
1576	-7.802	50.253
1577	-7.765	50.234
1578	-7.731	50.217
1579	-7.702	50.203
1580	-7.676	50.191
1581	-7.653	50.180
1582	-7.633	50.171
1583	-7.613	50.163
1584	-7.596	50.156
1585	-7.580	50.148
1586	-7.566	50.140
1587	-7.553	50.131
1588	-7.539	50.121
1589	-7.524	50.111
1590	-7.509	50.101
1591	-7.495	50.089
1592	-7.479	50.075
1593	-7.463	50.059
1594	-7.447	50.042
1595	-7.433	50.023
1596	-7.419	50.003
1597	-7.407	49.983
1598	-7.397	49.963
1599	-7.387	49.942
1600	-7.377	49.921
1601	-7.368	49.899
1602	-7.360	49.877
1603	-7.352	49.856
1604	-7.345	49.835
1605	-7.339	49.814
1606	-7.333	49.794
1607	-7.327	49.775
1608	-7.319	49.758
1609	-7.312	49.743
1610	-7.305	49.731
1611	-7.300	49.722
1612	-7.296	49.714
1613	-7.294	49.709
1614	-7.292	49.706
1615	-7.289	49.706
1616	-7.286	49.708
1617	-7.282	49.711
1618	-7.277	49.713
1619	-7.272	49.716
1620	-7.267	49.717
1621	-7.264	49.716
1622	-7.261	49.713
1623	-7.258	49.709
1624	-7.256	49.703
1625	-7.252	49.695
1626	-7.247	49.687
1627	-7.241	49.680
1628	-7.235	49.673
1629	-7.229	49.669
1630	-7.223	49.666
1631	-7.217	49.666
1632	-7.210	49.669
1633	-7.205	49.675
1634	-7.202	49.683
1635	-7.200	49.693
1636	-7.200	49.705
1637	-7.200	49.720
1638	-7.201	49.736
1639	-7.202	49.755
1640	-7.206	49.776
1641	-7.213	49.799
1642	-7.225	49.824
1643	-7.244	49.852
1644	-7.269	49.880
1645	-7.298	49.911
1646	-7.332	49.944
1647	-7.372	49.979
1648	-7.415	50.017
1649	-7.459	50.054
1650	-7.502	50.090
1651	-7.545	50.123
1652	-7.588	50.151
1653	-7.630	50.175
1654	-7.671	50.195
1655	-7.712	50.211
1656	-7.753	50.221
1657	-7.793	50.227
1658	-7.833	50.228
1659	-7.870	50.227
1660	-7.905	50.221
1661	-7.936	50.212
1662	-7.963	50.199
1663	-7.986	50.181
1664	-8.002	50.158
1665	-8.012	50.129
1666	-8.015	50.097
1667	-8.012	50.063
1668	-8.003	50.028
1669	-7.990	49.993
1670	-7.975	49.958
1671	-7.956	49.925
1672	-7.936	49.893
1673	-7.913	49.860
1674	-7.888	49.829
1675	-7.862	49.796
1676	-7.835	49.762
1677	-7.810	49.726
1678	-7.786	49.690
1679	-7.766	49.653
1680	-7.747	49.615
1681	-7.729	49.575
1682	-7.711	49.533
1683	-7.693	49.487
1684	-7.674	49.439
1685	-7.654	49.392
1686	-7.633	49.345
1687	-7.607	49.302
1688	-7.580	49.261
1689	-7.553	49.220
1690	-7.529	49.178
1691	-7.506	49.133
1692	-7.482	49.084
1693	-7.458	49.031
1694	-7.432	48.976
1695	-7.406	48.919
1696	-7.378	48.864
1697	-7.348	48.809
1698	-7.316	48.756
1699	-7.284	48.704
1700	-7.253	48.656
1701	-7.223	48.612
1702	-7.195	48.571
1703	-7.168	48.531
1704	-7.143	48.494
1705	-7.117	48.459
1706	-7.090	48.428
1707	-7.063	48.402
1708	-7.036	48.381
1709	-7.009	48.364
1710	-6.981	48.349
1711	-6.954	48.335
1712	-6.929	48.318
1713	-6.908	48.299
1714	-6.891	48.276
1715	-6.877	48.250
1716	-6.865	48.222
1717	-6.858	48.193
1718	-6.853	48.162
1719	-6.850	48.128
1720	-6.844	48.091
1721	-6.833	48.053
1722	-6.817	48.014
1723	-6.796	47.975
1724	-6.770	47.939
1725	-6.742	47.906
1726	-6.712	47.875
1727	-6.679	47.846
1728	-6.647	47.819
1729	-6.619	47.792
1730	-6.595	47.765
1731	-6.576	47.739
1732	-6.560	47.712
1733	-6.548	47.685
1734	-6.538	47.660
1735	-6.530	47.637
1736	-6.524	47.616
1737	-6.519	47.596
1738	-6.515	47.577
1739	-6.511	47.558
1740	-6.507	47.538
1741	-6.500	47.515
1742	-6.490	47.489
1743	-6.477	47.464
1744	-6.461	47.439
1745	-6.441	47.415
1746	-6.419	47.392
1747	-6.396	47.370
1748	-6.371	47.348
1749	-6.346	47.328
1750	-6.321	47.308
1751	-6.296	47.289
1752	-6.271	47.269
1753	-6.245	47.247
1754	-6.219	47.222
1755	-6.194	47.196
1756	-6.167	47.168
1757	-6.138	47.142
1758	-6.107	47.117
1759	-6.071	47.093
1760	-6.030	47.068
1761	-5.986	47.042
1762	-5.939	47.013
1763	-5.890	46.983
1764	-5.841	46.953
1765	-5.790	46.923
1766	-5.738	46.892
1767	-5.686	46.858
1768	-5.634	46.820
1769	-5.580	46.778
1770	-5.525	46.730
1771	-5.470	46.676
1772	-5.416	46.617
1773	-5.363	46.556
1774	-5.313	46.495
1775	-5.265	46.435
1776	-5.220	46.378
1777	-5.176	46.324
1778	-5.135	46.273
1779	-5.096	46.225
1780	-5.059	46.181
1781	-5.024	46.140
1782	-4.990	46.102
1783	-4.957	46.067
1784	-4.925	46.037
1785	-4.894	46.011
1786	-4.864	45.990
1787	-4.835	45.977
1788	-4.808	45.973
1789	-4.782	45.980
1790	-4.757	45.996
1791	-4.732	46.021
1792	-4.708	46.052
1793	-4.688	46.088
1794	-4.673	46.128
1795	-4.664	46.170
1796	-4.662	46.216
1797	-4.666	46.264
1798	-4.674	46.314
1799	-4.685	46.364
1800	-4.700	46.412
1801	-4.718	46.455
1802	-4.737	46.495
1803	-4.757	46.533
1804	-4.777	46.566
1805	-4.797	46.596
1806	-4.817	46.621
1807	-4.837	46.642
1808	-4.858	46.658
1809	-4.879	46.670
1810	-4.900	46.680
1811	-4.919	46.689
1812	-4.936	46.696
1813	-4.950	46.700
1814	-4.960	46.702
1815	-4.967	46.701
1816	-4.971	46.700
1817	-4.973	46.701
1818	-4.973	46.704
1819	-4.973	46.710
1820	-4.970	46.717
1821	-4.964	46.725
1822	-4.954	46.735
1823	-4.941	46.746
1824	-4.923	46.761
1825	-4.902	46.779
1826	-4.878	46.798
1827	-4.853	46.818
1828	-4.826	46.840
1829	-4.800	46.863
1830	-4.774	46.889
1831	-4.748	46.917
1832	-4.720	46.948
1833	-4.693	46.981
1834	-4.669	47.019
1835	-4.648	47.061
1836	-4.630	47.108
1837	-4.615	47.156
1838	-4.602	47.205
1839	-4.593	47.255
1840	-4.584	47.304
1841	-4.576	47.353
1842	-4.570	47.401
1843	-4.564	47.450
1844	-4.560	47.499
1845	-4.558	47.548
1846	-4.556	47.595
1847	-4.555	47.639
1848	-4.555	47.682
1849	-4.556	47.724
1850	-4.558	47.764
1851	-4.561	47.804
1852	-4.565	47.843
1853	-4.569	47.882
1854	-4.573	47.920
1855	-4.577	47.956
1856	-4.580	47.991
1857	-4.582	48.024
1858	-4.582	48.056
1859	-4.582	48.086
1860	-4.581	48.115
1861	-4.580	48.142
1862	-4.580	48.169
1863	-4.582	48.196
1864	-4.585	48.224
1865	-4.587	48.250
1866	-4.589	48.276
1867	-4.592	48.304
1868	-4.594	48.333
1869	-4.598	48.363
1870	-4.603	48.395
1871	-4.611	48.427
1872	-4.621	48.462
1873	-4.634	48.499
1874	-4.649	48.538
1875	-4.665	48.578
1876	-4.682	48.617
1877	-4.699	48.655
1878	-4.718	48.693
1879	-4.738	48.732
1880	-4.758	48.771
1881	-4.778	48.809
1882	-4.796	48.844
1883	-4.813	48.876
1884	-4.827	48.905
1885	-4.842	48.932
1886	-4.856	48.958
1887	-4.870	48.981
1888	-4.885	49.003
1889	-4.902	49.024
1890	-4.921	49.043
1891	-4.945	49.057
1892	-4.971	49.066
1893	-4.999	49.069
1894	-5.029	49.068
1895	-5.060	49.065
1896	-5.092	49.064
1897	-5.127	49.065
1898	-5.162	49.067
1899	-5.197	49.069
1900	-5.230	49.072
1901	-5.261	49.073
1902	-5.289	49.075
1903	-5.315	49.077
1904	-5.340	49.082
1905	-5.364	49.088
1906	-5.388	49.098
1907	-5.415	49.110
1908	-5.444	49.125
1909	-5.473	49.140
1910	-5.501	49.156
1911	-5.524	49.173
1912	-5.543	49.190
1913	-5.560	49.203
1914	-5.575	49.210
1915	-5.589	49.210
1916	-5.601	49.205
1917	-5.612	49.197
1918	-5.624	49.187
1919	-5.635	49.178
1920	-5.644	49.168
1921	-5.654	49.159
1922	-5.664	49.152
1923	-5.670	49.147
1924	-5.671	49.144
1925	-5.668	49.143
1926	-5.662	49.142
1927	-5.652	49.142
1928	-5.641	49.145
1929	-5.629	49.150
1930	-5.616	49.157
1931	-5.601	49.164
1932	-5.583	49.171
1933	-5.564	49.177
1934	-5.544	49.185
1935	-5.524	49.195
1936	-5.506	49.210
1937	-5.488	49.229
1938	-5.470	49.251
1939	-5.453	49.274
1940	-5.439	49.300
1941	-5.427	49.331
1942	-5.419	49.364
1943	-5.415	49.401
1944	-5.416	49.439
1945	-5.419	49.476
1946	-5.424	49.511
1947	-5.431	49.543
1948	-5.439	49.574
1949	-5.447	49.601
1950	-5.454	49.626
1951	-5.462	49.648
1952	-5.471	49.669
1953	-5.481	49.689
1954	-5.490	49.708
1955	-5.496	49.725
1956	-5.501	49.743
1957	-5.504	49.761
1958	-5.506	49.780
1959	-5.506	49.799
1960	-5.506	49.817
1961	-5.507	49.834
1962	-5.511	49.851
1963	-5.516	49.869
1964	-5.524	49.886
1965	-5.533	49.903
1966	-5.542	49.917
1967	-5.553	49.929
1968	-5.563	49.940
1969	-5.572	49.949
1970	-5.582	49.956
1971	-5.591	49.961
1972	-5.599	49.963
1973	-5.607	49.964
1974	-5.610	49.963
1975	-5.605	49.959
1976	-5.595	49.953
1977	-5.581	49.947
1978	-5.565	49.940
1979	-5.549	49.933
1980	-5.535	49.927
1981	-5.522	49.920
1982	-5.507	49.914
1983	-5.491	49.908
1984	-5.478	49.904
1985	-5.469	49.902
1986	-5.464	49.902
1987	-5.464	49.904
1988	-5.469	49.910
1989	-5.480	49.921
1990	-5.495	49.935
1991	-5.516	49.952
1992	-5.543	49.971
1993	-5.574	49.993
1994	-5.607	50.018
1995	-5.640	50.046
1996	-5.676	50.078
1997	-5.715	50.113
1998	-5.758	50.151
1999	-5.807	50.191
2000	-5.860	50.232
