	Year	ref
0	-8000	4.552
1	-7999	4.565
2	-7998	4.579
3	-7997	4.596
4	-7996	4.611
5	-7995	4.627
6	-7994	4.641
7	-7993	4.656
8	-7992	4.675
9	-7991	4.699
10	-7990	4.728
11	-7989	4.762
12	-7988	4.802
13	-7987	4.847
14	-7986	4.9
15	-7985	4.958
16	-7984	5.022
17	-7983	5.085
18	-7982	5.145
19	-7981	5.202
20	-7980	5.253
21	-7979	5.298
22	-7978	5.334
23	-7977	5.361
24	-7976	5.378
25	-7975	5.382
26	-7974	5.377
27	-7973	5.363
28	-7972	5.343
29	-7971	5.32
30	-7970	5.297
31	-7969	5.273
32	-7968	5.247
33	-7967	5.22
34	-7966	5.191
35	-7965	5.163
36	-7964	5.135
37	-7963	5.108
38	-7962	5.081
39	-7961	5.057
40	-7960	5.033
41	-7959	5.01
42	-7958	4.986
43	-7957	4.963
44	-7956	4.939
45	-7955	4.914
46	-7954	4.888
47	-7953	4.861
48	-7952	4.833
49	-7951	4.804
50	-7950	4.775
51	-7949	4.746
52	-7948	4.716
53	-7947	4.686
54	-7946	4.658
55	-7945	4.633
56	-7944	4.612
57	-7943	4.595
58	-7942	4.583
59	-7941	4.575
60	-7940	4.573
61	-7939	4.574
62	-7938	4.579
63	-7937	4.584
64	-7936	4.59
65	-7935	4.597
66	-7934	4.605
67	-7933	4.613
68	-7932	4.621
69	-7931	4.63
70	-7930	4.643
71	-7929	4.66
72	-7928	4.68
73	-7927	4.7
74	-7926	4.716
75	-7925	4.727
76	-7924	4.733
77	-7923	4.731
78	-7922	4.72
79	-7921	4.702
80	-7920	4.676
81	-7919	4.644
82	-7918	4.608
83	-7917	4.567
84	-7916	4.522
85	-7915	4.473
86	-7914	4.423
87	-7913	4.374
88	-7912	4.331
89	-7911	4.296
90	-7910	4.268
91	-7909	4.249
92	-7908	4.24
93	-7907	4.239
94	-7906	4.244
95	-7905	4.254
96	-7904	4.266
97	-7903	4.282
98	-7902	4.302
99	-7901	4.326
100	-7900	4.354
101	-7899	4.385
102	-7898	4.418
103	-7897	4.454
104	-7896	4.493
105	-7895	4.538
106	-7894	4.583
107	-7893	4.628
108	-7892	4.673
109	-7891	4.723
110	-7890	4.777
111	-7889	4.832
112	-7888	4.885
113	-7887	4.937
114	-7886	4.988
115	-7885	5.039
116	-7884	5.089
117	-7883	5.133
118	-7882	5.17
119	-7881	5.197
120	-7880	5.214
121	-7879	5.22
122	-7878	5.218
123	-7877	5.207
124	-7876	5.191
125	-7875	5.17
126	-7874	5.147
127	-7873	5.124
128	-7872	5.101
129	-7871	5.083
130	-7870	5.068
131	-7869	5.057
132	-7868	5.046
133	-7867	5.038
134	-7866	5.034
135	-7865	5.035
136	-7864	5.04
137	-7863	5.048
138	-7862	5.059
139	-7861	5.071
140	-7860	5.082
141	-7859	5.094
142	-7858	5.107
143	-7857	5.123
144	-7856	5.146
145	-7855	5.178
146	-7854	5.218
147	-7853	5.267
148	-7852	5.325
149	-7851	5.387
150	-7850	5.451
151	-7849	5.514
152	-7848	5.576
153	-7847	5.638
154	-7846	5.697
155	-7845	5.756
156	-7844	5.815
157	-7843	5.875
158	-7842	5.937
159	-7841	5.999
160	-7840	6.063
161	-7839	6.127
162	-7838	6.189
163	-7837	6.251
164	-7836	6.312
165	-7835	6.372
166	-7834	6.43
167	-7833	6.487
168	-7832	6.542
169	-7831	6.596
170	-7830	6.648
171	-7829	6.699
172	-7828	6.749
173	-7827	6.795
174	-7826	6.836
175	-7825	6.872
176	-7824	6.903
177	-7823	6.929
178	-7822	6.95
179	-7821	6.963
180	-7820	6.97
181	-7819	6.972
182	-7818	6.968
183	-7817	6.96
184	-7816	6.949
185	-7815	6.933
186	-7814	6.913
187	-7813	6.89
188	-7812	6.866
189	-7811	6.842
190	-7810	6.817
191	-7809	6.79
192	-7808	6.763
193	-7807	6.735
194	-7806	6.707
195	-7805	6.679
196	-7804	6.648
197	-7803	6.615
198	-7802	6.58
199	-7801	6.543
200	-7800	6.504
201	-7799	6.463
202	-7798	6.422
203	-7797	6.38
204	-7796	6.34
205	-7795	6.301
206	-7794	6.266
207	-7793	6.234
208	-7792	6.204
209	-7791	6.174
210	-7790	6.144
211	-7789	6.116
212	-7788	6.087
213	-7787	6.058
214	-7786	6.032
215	-7785	6.008
216	-7784	5.983
217	-7783	5.96
218	-7782	5.938
219	-7781	5.918
220	-7780	5.902
221	-7779	5.887
222	-7778	5.872
223	-7777	5.858
224	-7776	5.843
225	-7775	5.829
226	-7774	5.814
227	-7773	5.8
228	-7772	5.784
229	-7771	5.766
230	-7770	5.747
231	-7769	5.725
232	-7768	5.7
233	-7767	5.671
234	-7766	5.639
235	-7765	5.608
236	-7764	5.579
237	-7763	5.552
238	-7762	5.53
239	-7761	5.513
240	-7760	5.503
241	-7759	5.501
242	-7758	5.505
243	-7757	5.515
244	-7756	5.527
245	-7755	5.54
246	-7754	5.555
247	-7753	5.572
248	-7752	5.593
249	-7751	5.618
250	-7750	5.644
251	-7749	5.674
252	-7748	5.704
253	-7747	5.732
254	-7746	5.759
255	-7745	5.786
256	-7744	5.811
257	-7743	5.835
258	-7742	5.856
259	-7741	5.873
260	-7740	5.885
261	-7739	5.897
262	-7738	5.912
263	-7737	5.933
264	-7736	5.961
265	-7735	5.993
266	-7734	6.028
267	-7733	6.064
268	-7732	6.099
269	-7731	6.13
270	-7730	6.159
271	-7729	6.184
272	-7728	6.205
273	-7727	6.215
274	-7726	6.213
275	-7725	6.202
276	-7724	6.183
277	-7723	6.154
278	-7722	6.119
279	-7721	6.08
280	-7720	6.039
281	-7719	5.995
282	-7718	5.949
283	-7717	5.9
284	-7716	5.848
285	-7715	5.794
286	-7714	5.74
287	-7713	5.689
288	-7712	5.641
289	-7711	5.597
290	-7710	5.558
291	-7709	5.524
292	-7708	5.493
293	-7707	5.461
294	-7706	5.429
295	-7705	5.396
296	-7704	5.362
297	-7703	5.328
298	-7702	5.297
299	-7701	5.271
300	-7700	5.25
301	-7699	5.234
302	-7698	5.223
303	-7697	5.215
304	-7696	5.208
305	-7695	5.203
306	-7694	5.199
307	-7693	5.195
308	-7692	5.193
309	-7691	5.193
310	-7690	5.191
311	-7689	5.186
312	-7688	5.177
313	-7687	5.167
314	-7686	5.158
315	-7685	5.152
316	-7684	5.152
317	-7683	5.157
318	-7682	5.165
319	-7681	5.175
320	-7680	5.187
321	-7679	5.2
322	-7678	5.216
323	-7677	5.236
324	-7676	5.261
325	-7675	5.289
326	-7674	5.321
327	-7673	5.355
328	-7672	5.392
329	-7671	5.429
330	-7670	5.466
331	-7669	5.505
332	-7668	5.545
333	-7667	5.586
334	-7666	5.63
335	-7665	5.675
336	-7664	5.721
337	-7663	5.772
338	-7662	5.826
339	-7661	5.881
340	-7660	5.935
341	-7659	5.989
342	-7658	6.04
343	-7657	6.086
344	-7656	6.127
345	-7655	6.164
346	-7654	6.198
347	-7653	6.231
348	-7652	6.263
349	-7651	6.293
350	-7650	6.323
351	-7649	6.35
352	-7648	6.375
353	-7647	6.396
354	-7646	6.415
355	-7645	6.433
356	-7644	6.452
357	-7643	6.47
358	-7642	6.483
359	-7641	6.49
360	-7640	6.492
361	-7639	6.493
362	-7638	6.495
363	-7637	6.5
364	-7636	6.506
365	-7635	6.515
366	-7634	6.523
367	-7633	6.533
368	-7632	6.545
369	-7631	6.558
370	-7630	6.571
371	-7629	6.586
372	-7628	6.603
373	-7627	6.623
374	-7626	6.644
375	-7625	6.668
376	-7624	6.692
377	-7623	6.715
378	-7622	6.737
379	-7621	6.757
380	-7620	6.779
381	-7619	6.802
382	-7618	6.826
383	-7617	6.851
384	-7616	6.875
385	-7615	6.898
386	-7614	6.92
387	-7613	6.942
388	-7612	6.963
389	-7611	6.983
390	-7610	7.001
391	-7609	7.02
392	-7608	7.04
393	-7607	7.062
394	-7606	7.085
395	-7605	7.108
396	-7604	7.129
397	-7603	7.148
398	-7602	7.166
399	-7601	7.184
400	-7600	7.204
401	-7599	7.226
402	-7598	7.248
403	-7597	7.269
404	-7596	7.286
405	-7595	7.3
406	-7594	7.312
407	-7593	7.32
408	-7592	7.326
409	-7591	7.329
410	-7590	7.333
411	-7589	7.337
412	-7588	7.342
413	-7587	7.346
414	-7586	7.349
415	-7585	7.353
416	-7584	7.359
417	-7583	7.368
418	-7582	7.38
419	-7581	7.395
420	-7580	7.414
421	-7579	7.436
422	-7578	7.46
423	-7577	7.486
424	-7576	7.515
425	-7575	7.544
426	-7574	7.574
427	-7573	7.606
428	-7572	7.638
429	-7571	7.669
430	-7570	7.699
431	-7569	7.727
432	-7568	7.752
433	-7567	7.773
434	-7566	7.792
435	-7565	7.81
436	-7564	7.827
437	-7563	7.845
438	-7562	7.864
439	-7561	7.886
440	-7560	7.909
441	-7559	7.934
442	-7558	7.961
443	-7557	7.99
444	-7556	8.019
445	-7555	8.048
446	-7554	8.076
447	-7553	8.104
448	-7552	8.131
449	-7551	8.155
450	-7550	8.176
451	-7549	8.195
452	-7548	8.213
453	-7547	8.231
454	-7546	8.248
455	-7545	8.265
456	-7544	8.281
457	-7543	8.293
458	-7542	8.303
459	-7541	8.312
460	-7540	8.32
461	-7539	8.329
462	-7538	8.339
463	-7537	8.35
464	-7536	8.361
465	-7535	8.372
466	-7534	8.385
467	-7533	8.397
468	-7532	8.41
469	-7531	8.42
470	-7530	8.428
471	-7529	8.435
472	-7528	8.438
473	-7527	8.439
474	-7526	8.439
475	-7525	8.44
476	-7524	8.442
477	-7523	8.444
478	-7522	8.446
479	-7521	8.448
480	-7520	8.45
481	-7519	8.45
482	-7518	8.449
483	-7517	8.448
484	-7516	8.446
485	-7515	8.443
486	-7514	8.438
487	-7513	8.429
488	-7512	8.418
489	-7511	8.404
490	-7510	8.39
491	-7509	8.374
492	-7508	8.358
493	-7507	8.342
494	-7506	8.326
495	-7505	8.309
496	-7504	8.291
497	-7503	8.273
498	-7502	8.254
499	-7501	8.235
500	-7500	8.216
501	-7499	8.201
502	-7498	8.188
503	-7497	8.177
504	-7496	8.167
505	-7495	8.155
506	-7494	8.142
507	-7493	8.127
508	-7492	8.112
509	-7491	8.096
510	-7490	8.078
511	-7489	8.059
512	-7488	8.036
513	-7487	8.009
514	-7486	7.979
515	-7485	7.946
516	-7484	7.91
517	-7483	7.872
518	-7482	7.834
519	-7481	7.794
520	-7480	7.754
521	-7479	7.712
522	-7478	7.669
523	-7477	7.627
524	-7476	7.588
525	-7475	7.552
526	-7474	7.519
527	-7473	7.489
528	-7472	7.465
529	-7471	7.443
530	-7470	7.422
531	-7469	7.4
532	-7468	7.378
533	-7467	7.358
534	-7466	7.34
535	-7465	7.325
536	-7464	7.313
537	-7463	7.304
538	-7462	7.295
539	-7461	7.287
540	-7460	7.277
541	-7459	7.266
542	-7458	7.254
543	-7457	7.24
544	-7456	7.224
545	-7455	7.207
546	-7454	7.188
547	-7453	7.17
548	-7452	7.152
549	-7451	7.138
550	-7450	7.127
551	-7449	7.116
552	-7448	7.106
553	-7447	7.095
554	-7446	7.083
555	-7445	7.071
556	-7444	7.061
557	-7443	7.053
558	-7442	7.045
559	-7441	7.037
560	-7440	7.03
561	-7439	7.021
562	-7438	7.009
563	-7437	6.997
564	-7436	6.982
565	-7435	6.964
566	-7434	6.944
567	-7433	6.921
568	-7432	6.899
569	-7431	6.876
570	-7430	6.852
571	-7429	6.827
572	-7428	6.801
573	-7427	6.773
574	-7426	6.745
575	-7425	6.717
576	-7424	6.688
577	-7423	6.658
578	-7422	6.627
579	-7421	6.597
580	-7420	6.566
581	-7419	6.536
582	-7418	6.506
583	-7417	6.474
584	-7416	6.442
585	-7415	6.412
586	-7414	6.386
587	-7413	6.361
588	-7412	6.337
589	-7411	6.316
590	-7410	6.295
591	-7409	6.276
592	-7408	6.258
593	-7407	6.242
594	-7406	6.228
595	-7405	6.216
596	-7404	6.205
597	-7403	6.195
598	-7402	6.187
599	-7401	6.18
600	-7400	6.175
601	-7399	6.174
602	-7398	6.176
603	-7397	6.18
604	-7396	6.186
605	-7395	6.195
606	-7394	6.205
607	-7393	6.214
608	-7392	6.224
609	-7391	6.235
610	-7390	6.246
611	-7389	6.256
612	-7388	6.267
613	-7387	6.277
614	-7386	6.287
615	-7385	6.296
616	-7384	6.303
617	-7383	6.309
618	-7382	6.312
619	-7381	6.312
620	-7380	6.31
621	-7379	6.306
622	-7378	6.3
623	-7377	6.291
624	-7376	6.282
625	-7375	6.273
626	-7374	6.263
627	-7373	6.254
628	-7372	6.245
629	-7371	6.236
630	-7370	6.228
631	-7369	6.22
632	-7368	6.211
633	-7367	6.202
634	-7366	6.193
635	-7365	6.183
636	-7364	6.174
637	-7363	6.164
638	-7362	6.154
639	-7361	6.143
640	-7360	6.13
641	-7359	6.115
642	-7358	6.1
643	-7357	6.084
644	-7356	6.069
645	-7355	6.054
646	-7354	6.038
647	-7353	6.019
648	-7352	5.995
649	-7351	5.961
650	-7350	5.913
651	-7349	5.851
652	-7348	5.78
653	-7347	5.699
654	-7346	5.605
655	-7345	5.493
656	-7344	5.372
657	-7343	5.244
658	-7342	5.114
659	-7341	4.983
660	-7340	4.852
661	-7339	4.721
662	-7338	4.591
663	-7337	4.464
664	-7336	4.343
665	-7335	4.233
666	-7334	4.138
667	-7333	4.057
668	-7332	3.989
669	-7331	3.933
670	-7330	3.892
671	-7329	3.863
672	-7328	3.842
673	-7327	3.829
674	-7326	3.824
675	-7325	3.826
676	-7324	3.835
677	-7323	3.85
678	-7322	3.87
679	-7321	3.894
680	-7320	3.922
681	-7319	3.953
682	-7318	3.985
683	-7317	4.019
684	-7316	4.057
685	-7315	4.098
686	-7314	4.143
687	-7313	4.191
688	-7312	4.243
689	-7311	4.299
690	-7310	4.356
691	-7309	4.412
692	-7308	4.467
693	-7307	4.519
694	-7306	4.569
695	-7305	4.615
696	-7304	4.656
697	-7303	4.694
698	-7302	4.729
699	-7301	4.762
700	-7300	4.792
701	-7299	4.82
702	-7298	4.847
703	-7297	4.874
704	-7296	4.902
705	-7295	4.932
706	-7294	4.963
707	-7293	4.996
708	-7292	5.031
709	-7291	5.068
710	-7290	5.105
711	-7289	5.142
712	-7288	5.179
713	-7287	5.214
714	-7286	5.25
715	-7285	5.287
716	-7284	5.325
717	-7283	5.365
718	-7282	5.408
719	-7281	5.452
720	-7280	5.497
721	-7279	5.541
722	-7278	5.585
723	-7277	5.629
724	-7276	5.672
725	-7275	5.716
726	-7274	5.762
727	-7273	5.808
728	-7272	5.854
729	-7271	5.898
730	-7270	5.941
731	-7269	5.981
732	-7268	6.02
733	-7267	6.056
734	-7266	6.091
735	-7265	6.125
736	-7264	6.156
737	-7263	6.185
738	-7262	6.212
739	-7261	6.239
740	-7260	6.266
741	-7259	6.296
742	-7258	6.328
743	-7257	6.364
744	-7256	6.4
745	-7255	6.437
746	-7254	6.472
747	-7253	6.506
748	-7252	6.54
749	-7251	6.574
750	-7250	6.609
751	-7249	6.647
752	-7248	6.685
753	-7247	6.725
754	-7246	6.766
755	-7245	6.809
756	-7244	6.855
757	-7243	6.902
758	-7242	6.949
759	-7241	6.995
760	-7240	7.039
761	-7239	7.081
762	-7238	7.12
763	-7237	7.156
764	-7236	7.188
765	-7235	7.218
766	-7234	7.246
767	-7233	7.274
768	-7232	7.301
769	-7231	7.327
770	-7230	7.355
771	-7229	7.384
772	-7228	7.412
773	-7227	7.442
774	-7226	7.471
775	-7225	7.499
776	-7224	7.527
777	-7223	7.554
778	-7222	7.58
779	-7221	7.602
780	-7220	7.621
781	-7219	7.637
782	-7218	7.651
783	-7217	7.663
784	-7216	7.673
785	-7215	7.682
786	-7214	7.687
787	-7213	7.689
788	-7212	7.688
789	-7211	7.683
790	-7210	7.677
791	-7209	7.669
792	-7208	7.664
793	-7207	7.66
794	-7206	7.66
795	-7205	7.663
796	-7204	7.669
797	-7203	7.678
798	-7202	7.689
799	-7201	7.7
800	-7200	7.711
801	-7199	7.719
802	-7198	7.723
803	-7197	7.722
804	-7196	7.716
805	-7195	7.705
806	-7194	7.691
807	-7193	7.675
808	-7192	7.657
809	-7191	7.638
810	-7190	7.62
811	-7189	7.603
812	-7188	7.584
813	-7187	7.565
814	-7186	7.546
815	-7185	7.528
816	-7184	7.508
817	-7183	7.488
818	-7182	7.468
819	-7181	7.45
820	-7180	7.432
821	-7179	7.416
822	-7178	7.4
823	-7177	7.384
824	-7176	7.369
825	-7175	7.355
826	-7174	7.339
827	-7173	7.322
828	-7172	7.303
829	-7171	7.284
830	-7170	7.265
831	-7169	7.247
832	-7168	7.23
833	-7167	7.214
834	-7166	7.199
835	-7165	7.184
836	-7164	7.167
837	-7163	7.15
838	-7162	7.133
839	-7161	7.114
840	-7160	7.095
841	-7159	7.074
842	-7158	7.051
843	-7157	7.028
844	-7156	7.003
845	-7155	6.978
846	-7154	6.953
847	-7153	6.93
848	-7152	6.908
849	-7151	6.887
850	-7150	6.866
851	-7149	6.847
852	-7148	6.83
853	-7147	6.817
854	-7146	6.805
855	-7145	6.795
856	-7144	6.786
857	-7143	6.779
858	-7142	6.774
859	-7141	6.77
860	-7140	6.767
861	-7139	6.763
862	-7138	6.755
863	-7137	6.744
864	-7136	6.728
865	-7135	6.711
866	-7134	6.692
867	-7133	6.673
868	-7132	6.654
869	-7131	6.636
870	-7130	6.618
871	-7129	6.6
872	-7128	6.582
873	-7127	6.562
874	-7126	6.54
875	-7125	6.516
876	-7124	6.492
877	-7123	6.469
878	-7122	6.445
879	-7121	6.421
880	-7120	6.398
881	-7119	6.374
882	-7118	6.349
883	-7117	6.323
884	-7116	6.296
885	-7115	6.266
886	-7114	6.233
887	-7113	6.198
888	-7112	6.16
889	-7111	6.122
890	-7110	6.083
891	-7109	6.044
892	-7108	6.003
893	-7107	5.96
894	-7106	5.916
895	-7105	5.873
896	-7104	5.831
897	-7103	5.79
898	-7102	5.751
899	-7101	5.715
900	-7100	5.679
901	-7099	5.642
902	-7098	5.606
903	-7097	5.571
904	-7096	5.537
905	-7095	5.506
906	-7094	5.478
907	-7093	5.454
908	-7092	5.432
909	-7091	5.412
910	-7090	5.39
911	-7089	5.368
912	-7088	5.346
913	-7087	5.324
914	-7086	5.302
915	-7085	5.283
916	-7084	5.267
917	-7083	5.254
918	-7082	5.241
919	-7081	5.229
920	-7080	5.217
921	-7079	5.206
922	-7078	5.194
923	-7077	5.183
924	-7076	5.175
925	-7075	5.17
926	-7074	5.168
927	-7073	5.168
928	-7072	5.17
929	-7071	5.171
930	-7070	5.171
931	-7069	5.169
932	-7068	5.165
933	-7067	5.157
934	-7066	5.148
935	-7065	5.138
936	-7064	5.128
937	-7063	5.118
938	-7062	5.106
939	-7061	5.092
940	-7060	5.075
941	-7059	5.053
942	-7058	5.029
943	-7057	5.004
944	-7056	4.977
945	-7055	4.948
946	-7054	4.916
947	-7053	4.885
948	-7052	4.855
949	-7051	4.826
950	-7050	4.799
951	-7049	4.774
952	-7048	4.75
953	-7047	4.728
954	-7046	4.707
955	-7045	4.687
956	-7044	4.668
957	-7043	4.649
958	-7042	4.629
959	-7041	4.608
960	-7040	4.587
961	-7039	4.565
962	-7038	4.544
963	-7037	4.526
964	-7036	4.509
965	-7035	4.494
966	-7034	4.479
967	-7033	4.463
968	-7032	4.446
969	-7031	4.428
970	-7030	4.41
971	-7029	4.393
972	-7028	4.377
973	-7027	4.362
974	-7026	4.348
975	-7025	4.334
976	-7024	4.318
977	-7023	4.299
978	-7022	4.277
979	-7021	4.252
980	-7020	4.225
981	-7019	4.196
982	-7018	4.166
983	-7017	4.134
984	-7016	4.101
985	-7015	4.065
986	-7014	4.025
987	-7013	3.982
988	-7012	3.935
989	-7011	3.884
990	-7010	3.831
991	-7009	3.776
992	-7008	3.72
993	-7007	3.664
994	-7006	3.607
995	-7005	3.552
996	-7004	3.498
997	-7003	3.444
998	-7002	3.39
999	-7001	3.335
1000	-7000	3.281
1001	-6999	3.231
1002	-6998	3.184
1003	-6997	3.141
1004	-6996	3.1
1005	-6995	3.06
1006	-6994	3.023
1007	-6993	2.988
1008	-6992	2.957
1009	-6991	2.93
1010	-6990	2.907
1011	-6989	2.887
1012	-6988	2.871
1013	-6987	2.856
1014	-6986	2.844
1015	-6985	2.832
1016	-6984	2.822
1017	-6983	2.816
1018	-6982	2.814
1019	-6981	2.817
1020	-6980	2.823
1021	-6979	2.831
1022	-6978	2.841
1023	-6977	2.856
1024	-6976	2.873
1025	-6975	2.892
1026	-6974	2.912
1027	-6973	2.934
1028	-6972	2.957
1029	-6971	2.981
1030	-6970	3.005
1031	-6969	3.026
1032	-6968	3.044
1033	-6967	3.058
1034	-6966	3.069
1035	-6965	3.078
1036	-6964	3.085
1037	-6963	3.088
1038	-6962	3.09
1039	-6961	3.092
1040	-6960	3.095
1041	-6959	3.097
1042	-6958	3.098
1043	-6957	3.099
1044	-6956	3.099
1045	-6955	3.097
1046	-6954	3.099
1047	-6953	3.102
1048	-6952	3.106
1049	-6951	3.11
1050	-6950	3.112
1051	-6949	3.111
1052	-6948	3.109
1053	-6947	3.106
1054	-6946	3.101
1055	-6945	3.093
1056	-6944	3.084
1057	-6943	3.073
1058	-6942	3.062
1059	-6941	3.052
1060	-6940	3.043
1061	-6939	3.033
1062	-6938	3.02
1063	-6937	3.007
1064	-6936	2.994
1065	-6935	2.98
1066	-6934	2.967
1067	-6933	2.956
1068	-6932	2.945
1069	-6931	2.934
1070	-6930	2.924
1071	-6929	2.916
1072	-6928	2.909
1073	-6927	2.903
1074	-6926	2.897
1075	-6925	2.888
1076	-6924	2.875
1077	-6923	2.856
1078	-6922	2.834
1079	-6921	2.812
1080	-6920	2.791
1081	-6919	2.771
1082	-6918	2.754
1083	-6917	2.737
1084	-6916	2.723
1085	-6915	2.71
1086	-6914	2.699
1087	-6913	2.687
1088	-6912	2.677
1089	-6911	2.665
1090	-6910	2.652
1091	-6909	2.638
1092	-6908	2.625
1093	-6907	2.614
1094	-6906	2.604
1095	-6905	2.595
1096	-6904	2.585
1097	-6903	2.573
1098	-6902	2.562
1099	-6901	2.552
1100	-6900	2.543
1101	-6899	2.535
1102	-6898	2.527
1103	-6897	2.519
1104	-6896	2.512
1105	-6895	2.504
1106	-6894	2.494
1107	-6893	2.484
1108	-6892	2.473
1109	-6891	2.463
1110	-6890	2.452
1111	-6889	2.436
1112	-6888	2.415
1113	-6887	2.393
1114	-6886	2.371
1115	-6885	2.349
1116	-6884	2.327
1117	-6883	2.305
1118	-6882	2.283
1119	-6881	2.258
1120	-6880	2.231
1121	-6879	2.2
1122	-6878	2.164
1123	-6877	2.123
1124	-6876	2.078
1125	-6875	2.028
1126	-6874	1.974
1127	-6873	1.915
1128	-6872	1.855
1129	-6871	1.794
1130	-6870	1.732
1131	-6869	1.67
1132	-6868	1.608
1133	-6867	1.546
1134	-6866	1.485
1135	-6865	1.426
1136	-6864	1.367
1137	-6863	1.308
1138	-6862	1.247
1139	-6861	1.186
1140	-6860	1.124
1141	-6859	1.062
1142	-6858	1.001
1143	-6857	0.94
1144	-6856	0.881
1145	-6855	0.825
1146	-6854	0.772
1147	-6853	0.722
1148	-6852	0.677
1149	-6851	0.635
1150	-6850	0.595
1151	-6849	0.557
1152	-6848	0.521
1153	-6847	0.486
1154	-6846	0.453
1155	-6845	0.422
1156	-6844	0.391
1157	-6843	0.363
1158	-6842	0.337
1159	-6841	0.309
1160	-6840	0.279
1161	-6839	0.249
1162	-6838	0.218
1163	-6837	0.187
1164	-6836	0.156
1165	-6835	0.126
1166	-6834	0.096
1167	-6833	0.068
1168	-6832	0.041
1169	-6831	0.016
1170	-6830	-0.004
1171	-6829	-0.023
1172	-6828	-0.043
1173	-6827	-0.064
1174	-6826	-0.087
1175	-6825	-0.111
1176	-6824	-0.136
1177	-6823	-0.162
1178	-6822	-0.191
1179	-6821	-0.223
1180	-6820	-0.256
1181	-6819	-0.292
1182	-6818	-0.329
1183	-6817	-0.368
1184	-6816	-0.41
1185	-6815	-0.453
1186	-6814	-0.497
1187	-6813	-0.542
1188	-6812	-0.587
1189	-6811	-0.634
1190	-6810	-0.682
1191	-6809	-0.733
1192	-6808	-0.786
1193	-6807	-0.842
1194	-6806	-0.902
1195	-6805	-0.964
1196	-6804	-1.029
1197	-6803	-1.097
1198	-6802	-1.164
1199	-6801	-1.23
1200	-6800	-1.298
1201	-6799	-1.366
1202	-6798	-1.436
1203	-6797	-1.508
1204	-6796	-1.578
1205	-6795	-1.647
1206	-6794	-1.712
1207	-6793	-1.774
1208	-6792	-1.833
1209	-6791	-1.887
1210	-6790	-1.936
1211	-6789	-1.98
1212	-6788	-2.02
1213	-6787	-2.058
1214	-6786	-2.094
1215	-6785	-2.128
1216	-6784	-2.161
1217	-6783	-2.193
1218	-6782	-2.228
1219	-6781	-2.267
1220	-6780	-2.308
1221	-6779	-2.349
1222	-6778	-2.393
1223	-6777	-2.439
1224	-6776	-2.485
1225	-6775	-2.532
1226	-6774	-2.581
1227	-6773	-2.632
1228	-6772	-2.685
1229	-6771	-2.736
1230	-6770	-2.786
1231	-6769	-2.836
1232	-6768	-2.886
1233	-6767	-2.939
1234	-6766	-2.997
1235	-6765	-3.056
1236	-6764	-3.117
1237	-6763	-3.18
1238	-6762	-3.247
1239	-6761	-3.32
1240	-6760	-3.398
1241	-6759	-3.479
1242	-6758	-3.564
1243	-6757	-3.652
1244	-6756	-3.742
1245	-6755	-3.833
1246	-6754	-3.921
1247	-6753	-4.009
1248	-6752	-4.098
1249	-6751	-4.187
1250	-6750	-4.277
1251	-6749	-4.368
1252	-6748	-4.46
1253	-6747	-4.552
1254	-6746	-4.643
1255	-6745	-4.732
1256	-6744	-4.817
1257	-6743	-4.897
1258	-6742	-4.973
1259	-6741	-5.047
1260	-6740	-5.118
1261	-6739	-5.187
1262	-6738	-5.256
1263	-6737	-5.324
1264	-6736	-5.391
1265	-6735	-5.457
1266	-6734	-5.521
1267	-6733	-5.584
1268	-6732	-5.647
1269	-6731	-5.71
1270	-6730	-5.772
1271	-6729	-5.834
1272	-6728	-5.895
1273	-6727	-5.955
1274	-6726	-6.014
1275	-6725	-6.071
1276	-6724	-6.124
1277	-6723	-6.176
1278	-6722	-6.229
1279	-6721	-6.285
1280	-6720	-6.346
1281	-6719	-6.411
1282	-6718	-6.478
1283	-6717	-6.549
1284	-6716	-6.621
1285	-6715	-6.691
1286	-6714	-6.76
1287	-6713	-6.827
1288	-6712	-6.89
1289	-6711	-6.949
1290	-6710	-7.001
1291	-6709	-7.051
1292	-6708	-7.097
1293	-6707	-7.141
1294	-6706	-7.182
1295	-6705	-7.22
1296	-6704	-7.258
1297	-6703	-7.295
1298	-6702	-7.334
1299	-6701	-7.372
1300	-6700	-7.411
1301	-6699	-7.449
1302	-6698	-7.49
1303	-6697	-7.532
1304	-6696	-7.579
1305	-6695	-7.632
1306	-6694	-7.693
1307	-6693	-7.764
1308	-6692	-7.846
1309	-6691	-7.94
1310	-6690	-8.045
1311	-6689	-8.161
1312	-6688	-8.287
1313	-6687	-8.42
1314	-6686	-8.557
1315	-6685	-8.692
1316	-6684	-8.824
1317	-6683	-8.949
1318	-6682	-9.066
1319	-6681	-9.179
1320	-6680	-9.288
1321	-6679	-9.391
1322	-6678	-9.487
1323	-6677	-9.576
1324	-6676	-9.662
1325	-6675	-9.744
1326	-6674	-9.823
1327	-6673	-9.899
1328	-6672	-9.973
1329	-6671	-10.046
1330	-6670	-10.12
1331	-6669	-10.195
1332	-6668	-10.267
1333	-6667	-10.334
1334	-6666	-10.394
1335	-6665	-10.446
1336	-6664	-10.492
1337	-6663	-10.534
1338	-6662	-10.573
1339	-6661	-10.606
1340	-6660	-10.634
1341	-6659	-10.659
1342	-6658	-10.685
1343	-6657	-10.712
1344	-6656	-10.742
1345	-6655	-10.775
1346	-6654	-10.81
1347	-6653	-10.845
1348	-6652	-10.881
1349	-6651	-10.919
1350	-6650	-10.958
1351	-6649	-11.0
1352	-6648	-11.045
1353	-6647	-11.092
1354	-6646	-11.141
1355	-6645	-11.191
1356	-6644	-11.243
1357	-6643	-11.297
1358	-6642	-11.352
1359	-6641	-11.407
1360	-6640	-11.463
1361	-6639	-11.522
1362	-6638	-11.583
1363	-6637	-11.645
1364	-6636	-11.707
1365	-6635	-11.766
1366	-6634	-11.823
1367	-6633	-11.875
1368	-6632	-11.922
1369	-6631	-11.963
1370	-6630	-11.999
1371	-6629	-12.027
1372	-6628	-12.052
1373	-6627	-12.072
1374	-6626	-12.089
1375	-6625	-12.1
1376	-6624	-12.105
1377	-6623	-12.1
1378	-6622	-12.088
1379	-6621	-12.074
1380	-6620	-12.063
1381	-6619	-12.059
1382	-6618	-12.059
1383	-6617	-12.061
1384	-6616	-12.064
1385	-6615	-12.066
1386	-6614	-12.071
1387	-6613	-12.077
1388	-6612	-12.086
1389	-6611	-12.098
1390	-6610	-12.113
1391	-6609	-12.13
1392	-6608	-12.149
1393	-6607	-12.168
1394	-6606	-12.189
1395	-6605	-12.211
1396	-6604	-12.233
1397	-6603	-12.251
1398	-6602	-12.265
1399	-6601	-12.276
1400	-6600	-12.284
1401	-6599	-12.288
1402	-6598	-12.289
1403	-6597	-12.288
1404	-6596	-12.289
1405	-6595	-12.293
1406	-6594	-12.299
1407	-6593	-12.304
1408	-6592	-12.305
1409	-6591	-12.303
1410	-6590	-12.298
1411	-6589	-12.289
1412	-6588	-12.277
1413	-6587	-12.261
1414	-6586	-12.241
1415	-6585	-12.218
1416	-6584	-12.193
1417	-6583	-12.167
1418	-6582	-12.14
1419	-6581	-12.115
1420	-6580	-12.092
1421	-6579	-12.073
1422	-6578	-12.057
1423	-6577	-12.044
1424	-6576	-12.033
1425	-6575	-12.021
1426	-6574	-12.007
1427	-6573	-11.991
1428	-6572	-11.97
1429	-6571	-11.946
1430	-6570	-11.918
1431	-6569	-11.884
1432	-6568	-11.845
1433	-6567	-11.798
1434	-6566	-11.746
1435	-6565	-11.689
1436	-6564	-11.628
1437	-6563	-11.562
1438	-6562	-11.493
1439	-6561	-11.422
1440	-6560	-11.352
1441	-6559	-11.282
1442	-6558	-11.212
1443	-6557	-11.141
1444	-6556	-11.07
1445	-6555	-10.996
1446	-6554	-10.919
1447	-6553	-10.838
1448	-6552	-10.755
1449	-6551	-10.668
1450	-6550	-10.579
1451	-6549	-10.491
1452	-6548	-10.405
1453	-6547	-10.32
1454	-6546	-10.237
1455	-6545	-10.156
1456	-6544	-10.076
1457	-6543	-9.996
1458	-6542	-9.915
1459	-6541	-9.835
1460	-6540	-9.757
1461	-6539	-9.681
1462	-6538	-9.606
1463	-6537	-9.535
1464	-6536	-9.467
1465	-6535	-9.399
1466	-6534	-9.33
1467	-6533	-9.258
1468	-6532	-9.181
1469	-6531	-9.094
1470	-6530	-9.0
1471	-6529	-8.902
1472	-6528	-8.801
1473	-6527	-8.699
1474	-6526	-8.6
1475	-6525	-8.507
1476	-6524	-8.423
1477	-6523	-8.349
1478	-6522	-8.287
1479	-6521	-8.236
1480	-6520	-8.186
1481	-6519	-8.134
1482	-6518	-8.078
1483	-6517	-8.021
1484	-6516	-7.963
1485	-6515	-7.904
1486	-6514	-7.848
1487	-6513	-7.798
1488	-6512	-7.755
1489	-6511	-7.718
1490	-6510	-7.682
1491	-6509	-7.645
1492	-6508	-7.603
1493	-6507	-7.556
1494	-6506	-7.506
1495	-6505	-7.45
1496	-6504	-7.391
1497	-6503	-7.332
1498	-6502	-7.276
1499	-6501	-7.222
1500	-6500	-7.167
1501	-6499	-7.112
1502	-6498	-7.057
1503	-6497	-7.002
1504	-6496	-6.949
1505	-6495	-6.9
1506	-6494	-6.854
1507	-6493	-6.81
1508	-6492	-6.768
1509	-6491	-6.727
1510	-6490	-6.686
1511	-6489	-6.646
1512	-6488	-6.607
1513	-6487	-6.567
1514	-6486	-6.527
1515	-6485	-6.486
1516	-6484	-6.446
1517	-6483	-6.407
1518	-6482	-6.369
1519	-6481	-6.333
1520	-6480	-6.3
1521	-6479	-6.268
1522	-6478	-6.24
1523	-6477	-6.217
1524	-6476	-6.198
1525	-6475	-6.184
1526	-6474	-6.175
1527	-6473	-6.165
1528	-6472	-6.154
1529	-6471	-6.143
1530	-6470	-6.132
1531	-6469	-6.119
1532	-6468	-6.105
1533	-6467	-6.091
1534	-6466	-6.076
1535	-6465	-6.063
1536	-6464	-6.052
1537	-6463	-6.043
1538	-6462	-6.037
1539	-6461	-6.033
1540	-6460	-6.032
1541	-6459	-6.033
1542	-6458	-6.036
1543	-6457	-6.04
1544	-6456	-6.045
1545	-6455	-6.05
1546	-6454	-6.055
1547	-6453	-6.06
1548	-6452	-6.064
1549	-6451	-6.068
1550	-6450	-6.072
1551	-6449	-6.074
1552	-6448	-6.075
1553	-6447	-6.075
1554	-6446	-6.075
1555	-6445	-6.075
1556	-6444	-6.077
1557	-6443	-6.08
1558	-6442	-6.086
1559	-6441	-6.097
1560	-6440	-6.111
1561	-6439	-6.129
1562	-6438	-6.149
1563	-6437	-6.171
1564	-6436	-6.192
1565	-6435	-6.213
1566	-6434	-6.233
1567	-6433	-6.255
1568	-6432	-6.279
1569	-6431	-6.305
1570	-6430	-6.332
1571	-6429	-6.362
1572	-6428	-6.393
1573	-6427	-6.426
1574	-6426	-6.458
1575	-6425	-6.487
1576	-6424	-6.516
1577	-6423	-6.548
1578	-6422	-6.583
1579	-6421	-6.623
1580	-6420	-6.664
1581	-6419	-6.704
1582	-6418	-6.746
1583	-6417	-6.788
1584	-6416	-6.828
1585	-6415	-6.866
1586	-6414	-6.899
1587	-6413	-6.929
1588	-6412	-6.956
1589	-6411	-6.98
1590	-6410	-7.001
1591	-6409	-7.021
1592	-6408	-7.041
1593	-6407	-7.062
1594	-6406	-7.083
1595	-6405	-7.102
1596	-6404	-7.119
1597	-6403	-7.132
1598	-6402	-7.141
1599	-6401	-7.149
1600	-6400	-7.156
1601	-6399	-7.163
1602	-6398	-7.167
1603	-6397	-7.166
1604	-6396	-7.161
1605	-6395	-7.153
1606	-6394	-7.14
1607	-6393	-7.124
1608	-6392	-7.104
1609	-6391	-7.083
1610	-6390	-7.058
1611	-6389	-7.03
1612	-6388	-7.0
1613	-6387	-6.97
1614	-6386	-6.94
1615	-6385	-6.909
1616	-6384	-6.874
1617	-6383	-6.835
1618	-6382	-6.791
1619	-6381	-6.741
1620	-6380	-6.689
1621	-6379	-6.634
1622	-6378	-6.577
1623	-6377	-6.516
1624	-6376	-6.45
1625	-6375	-6.379
1626	-6374	-6.305
1627	-6373	-6.228
1628	-6372	-6.149
1629	-6371	-6.067
1630	-6370	-5.983
1631	-6369	-5.898
1632	-6368	-5.813
1633	-6367	-5.728
1634	-6366	-5.642
1635	-6365	-5.555
1636	-6364	-5.466
1637	-6363	-5.378
1638	-6362	-5.292
1639	-6361	-5.209
1640	-6360	-5.126
1641	-6359	-5.043
1642	-6358	-4.962
1643	-6357	-4.881
1644	-6356	-4.801
1645	-6355	-4.719
1646	-6354	-4.637
1647	-6353	-4.554
1648	-6352	-4.47
1649	-6351	-4.385
1650	-6350	-4.299
1651	-6349	-4.214
1652	-6348	-4.128
1653	-6347	-4.043
1654	-6346	-3.959
1655	-6345	-3.876
1656	-6344	-3.794
1657	-6343	-3.712
1658	-6342	-3.633
1659	-6341	-3.555
1660	-6340	-3.479
1661	-6339	-3.405
1662	-6338	-3.332
1663	-6337	-3.261
1664	-6336	-3.192
1665	-6335	-3.125
1666	-6334	-3.063
1667	-6333	-3.004
1668	-6332	-2.949
1669	-6331	-2.895
1670	-6330	-2.843
1671	-6329	-2.796
1672	-6328	-2.751
1673	-6327	-2.705
1674	-6326	-2.657
1675	-6325	-2.607
1676	-6324	-2.56
1677	-6323	-2.516
1678	-6322	-2.472
1679	-6321	-2.425
1680	-6320	-2.379
1681	-6319	-2.333
1682	-6318	-2.287
1683	-6317	-2.239
1684	-6316	-2.191
1685	-6315	-2.139
1686	-6314	-2.083
1687	-6313	-2.025
1688	-6312	-1.964
1689	-6311	-1.901
1690	-6310	-1.837
1691	-6309	-1.772
1692	-6308	-1.704
1693	-6307	-1.634
1694	-6306	-1.562
1695	-6305	-1.487
1696	-6304	-1.408
1697	-6303	-1.327
1698	-6302	-1.242
1699	-6301	-1.154
1700	-6300	-1.064
1701	-6299	-0.969
1702	-6298	-0.873
1703	-6297	-0.781
1704	-6296	-0.695
1705	-6295	-0.616
1706	-6294	-0.544
1707	-6293	-0.476
1708	-6292	-0.412
1709	-6291	-0.354
1710	-6290	-0.298
1711	-6289	-0.247
1712	-6288	-0.199
1713	-6287	-0.155
1714	-6286	-0.114
1715	-6285	-0.076
1716	-6284	-0.042
1717	-6283	-0.01
1718	-6282	0.02
1719	-6281	0.049
1720	-6280	0.077
1721	-6279	0.105
1722	-6278	0.13
1723	-6277	0.152
1724	-6276	0.174
1725	-6275	0.195
1726	-6274	0.213
1727	-6273	0.23
1728	-6272	0.245
1729	-6271	0.258
1730	-6270	0.268
1731	-6269	0.275
1732	-6268	0.279
1733	-6267	0.279
1734	-6266	0.276
1735	-6265	0.273
1736	-6264	0.272
1737	-6263	0.272
1738	-6262	0.273
1739	-6261	0.275
1740	-6260	0.28
1741	-6259	0.288
1742	-6258	0.298
1743	-6257	0.31
1744	-6256	0.323
1745	-6255	0.335
1746	-6254	0.346
1747	-6253	0.358
1748	-6252	0.37
1749	-6251	0.382
1750	-6250	0.398
1751	-6249	0.415
1752	-6248	0.432
1753	-6247	0.449
1754	-6246	0.464
1755	-6245	0.477
1756	-6244	0.488
1757	-6243	0.496
1758	-6242	0.5
1759	-6241	0.501
1760	-6240	0.499
1761	-6239	0.493
1762	-6238	0.484
1763	-6237	0.471
1764	-6236	0.458
1765	-6235	0.446
1766	-6234	0.436
1767	-6233	0.43
1768	-6232	0.424
1769	-6231	0.419
1770	-6230	0.415
1771	-6229	0.413
1772	-6228	0.416
1773	-6227	0.422
1774	-6226	0.429
1775	-6225	0.437
1776	-6224	0.445
1777	-6223	0.456
1778	-6222	0.468
1779	-6221	0.481
1780	-6220	0.496
1781	-6219	0.511
1782	-6218	0.526
1783	-6217	0.54
1784	-6216	0.552
1785	-6215	0.565
1786	-6214	0.579
1787	-6213	0.593
1788	-6212	0.606
1789	-6211	0.617
1790	-6210	0.629
1791	-6209	0.64
1792	-6208	0.65
1793	-6207	0.661
1794	-6206	0.673
1795	-6205	0.688
1796	-6204	0.704
1797	-6203	0.721
1798	-6202	0.741
1799	-6201	0.764
1800	-6200	0.788
1801	-6199	0.813
1802	-6198	0.838
1803	-6197	0.862
1804	-6196	0.885
1805	-6195	0.905
1806	-6194	0.923
1807	-6193	0.941
1808	-6192	0.959
1809	-6191	0.977
1810	-6190	0.994
1811	-6189	1.011
1812	-6188	1.026
1813	-6187	1.04
1814	-6186	1.053
1815	-6185	1.068
1816	-6184	1.086
1817	-6183	1.107
1818	-6182	1.132
1819	-6181	1.162
1820	-6180	1.196
1821	-6179	1.233
1822	-6178	1.273
1823	-6177	1.315
1824	-6176	1.357
1825	-6175	1.398
1826	-6174	1.437
1827	-6173	1.476
1828	-6172	1.516
1829	-6171	1.557
1830	-6170	1.601
1831	-6169	1.646
1832	-6168	1.691
1833	-6167	1.735
1834	-6166	1.779
1835	-6165	1.824
1836	-6164	1.872
1837	-6163	1.919
1838	-6162	1.965
1839	-6161	2.011
1840	-6160	2.055
1841	-6159	2.099
1842	-6158	2.143
1843	-6157	2.184
1844	-6156	2.224
1845	-6155	2.261
1846	-6154	2.297
1847	-6153	2.332
1848	-6152	2.367
1849	-6151	2.401
1850	-6150	2.436
1851	-6149	2.471
1852	-6148	2.506
1853	-6147	2.541
1854	-6146	2.575
1855	-6145	2.607
1856	-6144	2.638
1857	-6143	2.665
1858	-6142	2.69
1859	-6141	2.713
1860	-6140	2.735
1861	-6139	2.756
1862	-6138	2.773
1863	-6137	2.786
1864	-6136	2.794
1865	-6135	2.796
1866	-6134	2.791
1867	-6133	2.781
1868	-6132	2.77
1869	-6131	2.759
1870	-6130	2.748
1871	-6129	2.737
1872	-6128	2.727
1873	-6127	2.716
1874	-6126	2.707
1875	-6125	2.701
1876	-6124	2.698
1877	-6123	2.695
1878	-6122	2.693
1879	-6121	2.69
1880	-6120	2.688
1881	-6119	2.688
1882	-6118	2.687
1883	-6117	2.685
1884	-6116	2.682
1885	-6115	2.678
1886	-6114	2.672
1887	-6113	2.665
1888	-6112	2.657
1889	-6111	2.649
1890	-6110	2.64
1891	-6109	2.634
1892	-6108	2.63
1893	-6107	2.627
1894	-6106	2.623
1895	-6105	2.617
1896	-6104	2.61
1897	-6103	2.6
1898	-6102	2.59
1899	-6101	2.58
1900	-6100	2.57
1901	-6099	2.559
1902	-6098	2.548
1903	-6097	2.537
1904	-6096	2.526
1905	-6095	2.514
1906	-6094	2.501
1907	-6093	2.488
1908	-6092	2.474
1909	-6091	2.46
1910	-6090	2.446
1911	-6089	2.431
1912	-6088	2.416
1913	-6087	2.402
1914	-6086	2.392
1915	-6085	2.385
1916	-6084	2.38
1917	-6083	2.378
1918	-6082	2.377
1919	-6081	2.377
1920	-6080	2.376
1921	-6079	2.375
1922	-6078	2.375
1923	-6077	2.375
1924	-6076	2.375
1925	-6075	2.375
1926	-6074	2.373
1927	-6073	2.367
1928	-6072	2.359
1929	-6071	2.349
1930	-6070	2.339
1931	-6069	2.331
1932	-6068	2.323
1933	-6067	2.316
1934	-6066	2.309
1935	-6065	2.302
1936	-6064	2.297
1937	-6063	2.292
1938	-6062	2.289
1939	-6061	2.284
1940	-6060	2.28
1941	-6059	2.275
1942	-6058	2.27
1943	-6057	2.264
1944	-6056	2.257
1945	-6055	2.248
1946	-6054	2.238
1947	-6053	2.229
1948	-6052	2.218
1949	-6051	2.208
1950	-6050	2.199
1951	-6049	2.19
1952	-6048	2.183
1953	-6047	2.176
1954	-6046	2.168
1955	-6045	2.16
1956	-6044	2.15
1957	-6043	2.14
1958	-6042	2.13
1959	-6041	2.118
1960	-6040	2.105
1961	-6039	2.091
1962	-6038	2.077
1963	-6037	2.064
1964	-6036	2.051
1965	-6035	2.04
1966	-6034	2.03
1967	-6033	2.021
1968	-6032	2.014
1969	-6031	2.008
1970	-6030	2.004
1971	-6029	2.001
1972	-6028	2.0
1973	-6027	1.999
1974	-6026	1.999
1975	-6025	2.002
1976	-6024	2.005
1977	-6023	2.01
1978	-6022	2.018
1979	-6021	2.027
1980	-6020	2.039
1981	-6019	2.053
1982	-6018	2.071
1983	-6017	2.09
1984	-6016	2.111
1985	-6015	2.132
1986	-6014	2.154
1987	-6013	2.175
1988	-6012	2.197
1989	-6011	2.219
1990	-6010	2.242
1991	-6009	2.264
1992	-6008	2.286
1993	-6007	2.306
1994	-6006	2.325
1995	-6005	2.344
1996	-6004	2.361
1997	-6003	2.378
1998	-6002	2.395
1999	-6001	2.414
2000	-6000	2.433
2001	-5999	2.449
2002	-5998	2.462
2003	-5997	2.474
2004	-5996	2.483
2005	-5995	2.488
2006	-5994	2.489
2007	-5993	2.487
2008	-5992	2.483
2009	-5991	2.479
2010	-5990	2.475
2011	-5989	2.472
2012	-5988	2.47
2013	-5987	2.47
2014	-5986	2.471
2015	-5985	2.472
2016	-5984	2.475
2017	-5983	2.478
2018	-5982	2.482
2019	-5981	2.488
2020	-5980	2.498
2021	-5979	2.51
2022	-5978	2.523
2023	-5977	2.536
2024	-5976	2.548
2025	-5975	2.559
2026	-5974	2.569
2027	-5973	2.581
2028	-5972	2.591
2029	-5971	2.601
2030	-5970	2.61
2031	-5969	2.618
2032	-5968	2.624
2033	-5967	2.629
2034	-5966	2.632
2035	-5965	2.633
2036	-5964	2.633
2037	-5963	2.633
2038	-5962	2.636
2039	-5961	2.642
2040	-5960	2.648
2041	-5959	2.655
2042	-5958	2.664
2043	-5957	2.676
2044	-5956	2.689
2045	-5955	2.705
2046	-5954	2.723
2047	-5953	2.743
2048	-5952	2.764
2049	-5951	2.786
2050	-5950	2.806
2051	-5949	2.825
2052	-5948	2.843
2053	-5947	2.863
2054	-5946	2.883
2055	-5945	2.907
2056	-5944	2.933
2057	-5943	2.964
2058	-5942	3.0
2059	-5941	3.038
2060	-5940	3.077
2061	-5939	3.117
2062	-5938	3.16
2063	-5937	3.205
2064	-5936	3.251
2065	-5935	3.296
2066	-5934	3.34
2067	-5933	3.38
2068	-5932	3.418
2069	-5931	3.454
2070	-5930	3.489
2071	-5929	3.52
2072	-5928	3.548
2073	-5927	3.573
2074	-5926	3.595
2075	-5925	3.615
2076	-5924	3.632
2077	-5923	3.646
2078	-5922	3.657
2079	-5921	3.665
2080	-5920	3.673
2081	-5919	3.683
2082	-5918	3.696
2083	-5917	3.713
2084	-5916	3.732
2085	-5915	3.754
2086	-5914	3.777
2087	-5913	3.801
2088	-5912	3.825
2089	-5911	3.848
2090	-5910	3.87
2091	-5909	3.89
2092	-5908	3.91
2093	-5907	3.93
2094	-5906	3.948
2095	-5905	3.963
2096	-5904	3.972
2097	-5903	3.976
2098	-5902	3.974
2099	-5901	3.969
2100	-5900	3.961
2101	-5899	3.95
2102	-5898	3.936
2103	-5897	3.92
2104	-5896	3.904
2105	-5895	3.884
2106	-5894	3.859
2107	-5893	3.829
2108	-5892	3.797
2109	-5891	3.764
2110	-5890	3.728
2111	-5889	3.689
2112	-5888	3.645
2113	-5887	3.597
2114	-5886	3.546
2115	-5885	3.493
2116	-5884	3.439
2117	-5883	3.386
2118	-5882	3.333
2119	-5881	3.279
2120	-5880	3.225
2121	-5879	3.168
2122	-5878	3.108
2123	-5877	3.047
2124	-5876	2.984
2125	-5875	2.921
2126	-5874	2.855
2127	-5873	2.789
2128	-5872	2.724
2129	-5871	2.661
2130	-5870	2.6
2131	-5869	2.541
2132	-5868	2.486
2133	-5867	2.434
2134	-5866	2.383
2135	-5865	2.333
2136	-5864	2.284
2137	-5863	2.238
2138	-5862	2.193
2139	-5861	2.15
2140	-5860	2.11
2141	-5859	2.074
2142	-5858	2.041
2143	-5857	2.011
2144	-5856	1.986
2145	-5855	1.967
2146	-5854	1.951
2147	-5853	1.937
2148	-5852	1.927
2149	-5851	1.921
2150	-5850	1.919
2151	-5849	1.918
2152	-5848	1.916
2153	-5847	1.914
2154	-5846	1.911
2155	-5845	1.907
2156	-5844	1.902
2157	-5843	1.897
2158	-5842	1.894
2159	-5841	1.892
2160	-5840	1.888
2161	-5839	1.882
2162	-5838	1.875
2163	-5837	1.868
2164	-5836	1.863
2165	-5835	1.857
2166	-5834	1.849
2167	-5833	1.84
2168	-5832	1.831
2169	-5831	1.82
2170	-5830	1.808
2171	-5829	1.794
2172	-5828	1.779
2173	-5827	1.762
2174	-5826	1.745
2175	-5825	1.73
2176	-5824	1.717
2177	-5823	1.704
2178	-5822	1.69
2179	-5821	1.675
2180	-5820	1.657
2181	-5819	1.637
2182	-5818	1.614
2183	-5817	1.589
2184	-5816	1.563
2185	-5815	1.535
2186	-5814	1.506
2187	-5813	1.476
2188	-5812	1.442
2189	-5811	1.404
2190	-5810	1.369
2191	-5809	1.338
2192	-5808	1.311
2193	-5807	1.287
2194	-5806	1.266
2195	-5805	1.247
2196	-5804	1.232
2197	-5803	1.222
2198	-5802	1.214
2199	-5801	1.206
2200	-5800	1.196
2201	-5799	1.185
2202	-5798	1.174
2203	-5797	1.162
2204	-5796	1.15
2205	-5795	1.135
2206	-5794	1.117
2207	-5793	1.095
2208	-5792	1.071
2209	-5791	1.043
2210	-5790	1.013
2211	-5789	0.978
2212	-5788	0.939
2213	-5787	0.899
2214	-5786	0.856
2215	-5785	0.81
2216	-5784	0.765
2217	-5783	0.722
2218	-5782	0.679
2219	-5781	0.638
2220	-5780	0.599
2221	-5779	0.56
2222	-5778	0.523
2223	-5777	0.488
2224	-5776	0.455
2225	-5775	0.426
2226	-5774	0.402
2227	-5773	0.381
2228	-5772	0.362
2229	-5771	0.344
2230	-5770	0.327
2231	-5769	0.315
2232	-5768	0.307
2233	-5767	0.302
2234	-5766	0.301
2235	-5765	0.301
2236	-5764	0.302
2237	-5763	0.304
2238	-5762	0.307
2239	-5761	0.311
2240	-5760	0.315
2241	-5759	0.318
2242	-5758	0.32
2243	-5757	0.321
2244	-5756	0.318
2245	-5755	0.313
2246	-5754	0.305
2247	-5753	0.297
2248	-5752	0.289
2249	-5751	0.28
2250	-5750	0.272
2251	-5749	0.265
2252	-5748	0.258
2253	-5747	0.253
2254	-5746	0.253
2255	-5745	0.256
2256	-5744	0.262
2257	-5743	0.269
2258	-5742	0.279
2259	-5741	0.289
2260	-5740	0.3
2261	-5739	0.313
2262	-5738	0.328
2263	-5737	0.341
2264	-5736	0.353
2265	-5735	0.364
2266	-5734	0.374
2267	-5733	0.384
2268	-5732	0.39
2269	-5731	0.393
2270	-5730	0.39
2271	-5729	0.383
2272	-5728	0.372
2273	-5727	0.359
2274	-5726	0.344
2275	-5725	0.326
2276	-5724	0.308
2277	-5723	0.289
2278	-5722	0.27
2279	-5721	0.251
2280	-5720	0.232
2281	-5719	0.215
2282	-5718	0.2
2283	-5717	0.185
2284	-5716	0.172
2285	-5715	0.162
2286	-5714	0.156
2287	-5713	0.154
2288	-5712	0.154
2289	-5711	0.158
2290	-5710	0.165
2291	-5709	0.174
2292	-5708	0.184
2293	-5707	0.196
2294	-5706	0.209
2295	-5705	0.226
2296	-5704	0.247
2297	-5703	0.273
2298	-5702	0.304
2299	-5701	0.338
2300	-5700	0.372
2301	-5699	0.407
2302	-5698	0.443
2303	-5697	0.479
2304	-5696	0.513
2305	-5695	0.545
2306	-5694	0.576
2307	-5693	0.605
2308	-5692	0.632
2309	-5691	0.657
2310	-5690	0.681
2311	-5689	0.706
2312	-5688	0.73
2313	-5687	0.752
2314	-5686	0.77
2315	-5685	0.785
2316	-5684	0.797
2317	-5683	0.808
2318	-5682	0.819
2319	-5681	0.831
2320	-5680	0.842
2321	-5679	0.853
2322	-5678	0.869
2323	-5677	0.89
2324	-5676	0.914
2325	-5675	0.939
2326	-5674	0.966
2327	-5673	0.994
2328	-5672	1.022
2329	-5671	1.047
2330	-5670	1.069
2331	-5669	1.09
2332	-5668	1.108
2333	-5667	1.125
2334	-5666	1.141
2335	-5665	1.156
2336	-5664	1.17
2337	-5663	1.185
2338	-5662	1.198
2339	-5661	1.208
2340	-5660	1.218
2341	-5659	1.23
2342	-5658	1.246
2343	-5657	1.264
2344	-5656	1.282
2345	-5655	1.299
2346	-5654	1.315
2347	-5653	1.33
2348	-5652	1.345
2349	-5651	1.364
2350	-5650	1.386
2351	-5649	1.41
2352	-5648	1.435
2353	-5647	1.464
2354	-5646	1.497
2355	-5645	1.532
2356	-5644	1.567
2357	-5643	1.601
2358	-5642	1.636
2359	-5641	1.673
2360	-5640	1.71
2361	-5639	1.75
2362	-5638	1.79
2363	-5637	1.831
2364	-5636	1.872
2365	-5635	1.912
2366	-5634	1.949
2367	-5633	1.981
2368	-5632	2.009
2369	-5631	2.034
2370	-5630	2.056
2371	-5629	2.077
2372	-5628	2.099
2373	-5627	2.12
2374	-5626	2.14
2375	-5625	2.16
2376	-5624	2.178
2377	-5623	2.196
2378	-5622	2.213
2379	-5621	2.23
2380	-5620	2.247
2381	-5619	2.262
2382	-5618	2.277
2383	-5617	2.292
2384	-5616	2.306
2385	-5615	2.32
2386	-5614	2.332
2387	-5613	2.342
2388	-5612	2.352
2389	-5611	2.363
2390	-5610	2.375
2391	-5609	2.39
2392	-5608	2.406
2393	-5607	2.426
2394	-5606	2.447
2395	-5605	2.469
2396	-5604	2.492
2397	-5603	2.517
2398	-5602	2.541
2399	-5601	2.565
2400	-5600	2.589
2401	-5599	2.613
2402	-5598	2.639
2403	-5597	2.666
2404	-5596	2.693
2405	-5595	2.721
2406	-5594	2.748
2407	-5593	2.774
2408	-5592	2.799
2409	-5591	2.822
2410	-5590	2.842
2411	-5589	2.857
2412	-5588	2.87
2413	-5587	2.881
2414	-5586	2.889
2415	-5585	2.894
2416	-5584	2.897
2417	-5583	2.896
2418	-5582	2.891
2419	-5581	2.881
2420	-5580	2.869
2421	-5579	2.856
2422	-5578	2.842
2423	-5577	2.828
2424	-5576	2.813
2425	-5575	2.797
2426	-5574	2.781
2427	-5573	2.767
2428	-5572	2.754
2429	-5571	2.745
2430	-5570	2.738
2431	-5569	2.734
2432	-5568	2.732
2433	-5567	2.73
2434	-5566	2.729
2435	-5565	2.728
2436	-5564	2.725
2437	-5563	2.723
2438	-5562	2.722
2439	-5561	2.72
2440	-5560	2.72
2441	-5559	2.721
2442	-5558	2.723
2443	-5557	2.725
2444	-5556	2.727
2445	-5555	2.728
2446	-5554	2.726
2447	-5553	2.719
2448	-5552	2.71
2449	-5551	2.702
2450	-5550	2.694
2451	-5549	2.686
2452	-5548	2.677
2453	-5547	2.667
2454	-5546	2.656
2455	-5545	2.645
2456	-5544	2.63
2457	-5543	2.613
2458	-5542	2.594
2459	-5541	2.573
2460	-5540	2.549
2461	-5539	2.524
2462	-5538	2.501
2463	-5537	2.478
2464	-5536	2.457
2465	-5535	2.436
2466	-5534	2.414
2467	-5533	2.392
2468	-5532	2.368
2469	-5531	2.342
2470	-5530	2.314
2471	-5529	2.284
2472	-5528	2.255
2473	-5527	2.227
2474	-5526	2.2
2475	-5525	2.174
2476	-5524	2.149
2477	-5523	2.122
2478	-5522	2.092
2479	-5521	2.061
2480	-5520	2.031
2481	-5519	2.003
2482	-5518	1.978
2483	-5517	1.959
2484	-5516	1.943
2485	-5515	1.929
2486	-5514	1.917
2487	-5513	1.905
2488	-5512	1.893
2489	-5511	1.882
2490	-5510	1.871
2491	-5509	1.859
2492	-5508	1.848
2493	-5507	1.833
2494	-5506	1.816
2495	-5505	1.796
2496	-5504	1.774
2497	-5503	1.752
2498	-5502	1.727
2499	-5501	1.701
2500	-5500	1.674
2501	-5499	1.646
2502	-5498	1.616
2503	-5497	1.585
2504	-5496	1.554
2505	-5495	1.525
2506	-5494	1.497
2507	-5493	1.467
2508	-5492	1.437
2509	-5491	1.406
2510	-5490	1.376
2511	-5489	1.348
2512	-5488	1.322
2513	-5487	1.296
2514	-5486	1.27
2515	-5485	1.243
2516	-5484	1.213
2517	-5483	1.184
2518	-5482	1.155
2519	-5481	1.128
2520	-5480	1.099
2521	-5479	1.067
2522	-5478	1.034
2523	-5477	1.002
2524	-5476	0.97
2525	-5475	0.941
2526	-5474	0.916
2527	-5473	0.893
2528	-5472	0.873
2529	-5471	0.856
2530	-5470	0.84
2531	-5469	0.826
2532	-5468	0.814
2533	-5467	0.803
2534	-5466	0.794
2535	-5465	0.788
2536	-5464	0.785
2537	-5463	0.784
2538	-5462	0.786
2539	-5461	0.788
2540	-5460	0.79
2541	-5459	0.791
2542	-5458	0.791
2543	-5457	0.791
2544	-5456	0.792
2545	-5455	0.795
2546	-5454	0.799
2547	-5453	0.806
2548	-5452	0.815
2549	-5451	0.826
2550	-5450	0.838
2551	-5449	0.85
2552	-5448	0.861
2553	-5447	0.871
2554	-5446	0.88
2555	-5445	0.888
2556	-5444	0.897
2557	-5443	0.906
2558	-5442	0.915
2559	-5441	0.926
2560	-5440	0.937
2561	-5439	0.948
2562	-5438	0.96
2563	-5437	0.971
2564	-5436	0.983
2565	-5435	0.995
2566	-5434	1.006
2567	-5433	1.016
2568	-5432	1.024
2569	-5431	1.033
2570	-5430	1.042
2571	-5429	1.05
2572	-5428	1.058
2573	-5427	1.069
2574	-5426	1.083
2575	-5425	1.1
2576	-5424	1.121
2577	-5423	1.142
2578	-5422	1.163
2579	-5421	1.178
2580	-5420	1.188
2581	-5419	1.192
2582	-5418	1.192
2583	-5417	1.188
2584	-5416	1.183
2585	-5415	1.179
2586	-5414	1.176
2587	-5413	1.174
2588	-5412	1.174
2589	-5411	1.175
2590	-5410	1.176
2591	-5409	1.179
2592	-5408	1.184
2593	-5407	1.192
2594	-5406	1.204
2595	-5405	1.217
2596	-5404	1.23
2597	-5403	1.242
2598	-5402	1.253
2599	-5401	1.263
2600	-5400	1.274
2601	-5399	1.283
2602	-5398	1.29
2603	-5397	1.295
2604	-5396	1.297
2605	-5395	1.295
2606	-5394	1.29
2607	-5393	1.282
2608	-5392	1.273
2609	-5391	1.261
2610	-5390	1.246
2611	-5389	1.231
2612	-5388	1.217
2613	-5387	1.205
2614	-5386	1.194
2615	-5385	1.185
2616	-5384	1.176
2617	-5383	1.166
2618	-5382	1.155
2619	-5381	1.145
2620	-5380	1.135
2621	-5379	1.128
2622	-5378	1.123
2623	-5377	1.121
2624	-5376	1.12
2625	-5375	1.121
2626	-5374	1.121
2627	-5373	1.12
2628	-5372	1.118
2629	-5371	1.117
2630	-5370	1.116
2631	-5369	1.116
2632	-5368	1.118
2633	-5367	1.122
2634	-5366	1.127
2635	-5365	1.134
2636	-5364	1.143
2637	-5363	1.153
2638	-5362	1.163
2639	-5361	1.171
2640	-5360	1.18
2641	-5359	1.188
2642	-5358	1.194
2643	-5357	1.2
2644	-5356	1.205
2645	-5355	1.21
2646	-5354	1.215
2647	-5353	1.22
2648	-5352	1.223
2649	-5351	1.227
2650	-5350	1.23
2651	-5349	1.232
2652	-5348	1.235
2653	-5347	1.24
2654	-5346	1.248
2655	-5345	1.257
2656	-5344	1.268
2657	-5343	1.282
2658	-5342	1.298
2659	-5341	1.316
2660	-5340	1.334
2661	-5339	1.353
2662	-5338	1.371
2663	-5337	1.386
2664	-5336	1.399
2665	-5335	1.411
2666	-5334	1.42
2667	-5333	1.428
2668	-5332	1.432
2669	-5331	1.432
2670	-5330	1.427
2671	-5329	1.418
2672	-5328	1.403
2673	-5327	1.384
2674	-5326	1.363
2675	-5325	1.34
2676	-5324	1.315
2677	-5323	1.286
2678	-5322	1.256
2679	-5321	1.223
2680	-5320	1.189
2681	-5319	1.152
2682	-5318	1.115
2683	-5317	1.08
2684	-5316	1.048
2685	-5315	1.017
2686	-5314	0.99
2687	-5313	0.963
2688	-5312	0.937
2689	-5311	0.913
2690	-5310	0.889
2691	-5309	0.865
2692	-5308	0.84
2693	-5307	0.817
2694	-5306	0.797
2695	-5305	0.779
2696	-5304	0.762
2697	-5303	0.744
2698	-5302	0.726
2699	-5301	0.707
2700	-5300	0.686
2701	-5299	0.664
2702	-5298	0.642
2703	-5297	0.619
2704	-5296	0.593
2705	-5295	0.565
2706	-5294	0.536
2707	-5293	0.507
2708	-5292	0.479
2709	-5291	0.453
2710	-5290	0.429
2711	-5289	0.407
2712	-5288	0.389
2713	-5287	0.375
2714	-5286	0.364
2715	-5285	0.356
2716	-5284	0.349
2717	-5283	0.344
2718	-5282	0.339
2719	-5281	0.334
2720	-5280	0.326
2721	-5279	0.32
2722	-5278	0.314
2723	-5277	0.311
2724	-5276	0.308
2725	-5275	0.305
2726	-5274	0.305
2727	-5273	0.309
2728	-5272	0.316
2729	-5271	0.328
2730	-5270	0.344
2731	-5269	0.364
2732	-5268	0.388
2733	-5267	0.414
2734	-5266	0.442
2735	-5265	0.47
2736	-5264	0.497
2737	-5263	0.523
2738	-5262	0.546
2739	-5261	0.568
2740	-5260	0.587
2741	-5259	0.607
2742	-5258	0.627
2743	-5257	0.651
2744	-5256	0.677
2745	-5255	0.705
2746	-5254	0.736
2747	-5253	0.77
2748	-5252	0.807
2749	-5251	0.845
2750	-5250	0.882
2751	-5249	0.917
2752	-5248	0.95
2753	-5247	0.983
2754	-5246	1.015
2755	-5245	1.045
2756	-5244	1.073
2757	-5243	1.099
2758	-5242	1.125
2759	-5241	1.152
2760	-5240	1.177
2761	-5239	1.199
2762	-5238	1.217
2763	-5237	1.23
2764	-5236	1.239
2765	-5235	1.243
2766	-5234	1.244
2767	-5233	1.243
2768	-5232	1.243
2769	-5231	1.245
2770	-5230	1.244
2771	-5229	1.238
2772	-5228	1.228
2773	-5227	1.219
2774	-5226	1.211
2775	-5225	1.202
2776	-5224	1.191
2777	-5223	1.176
2778	-5222	1.159
2779	-5221	1.138
2780	-5220	1.114
2781	-5219	1.092
2782	-5218	1.072
2783	-5217	1.052
2784	-5216	1.033
2785	-5215	1.014
2786	-5214	0.996
2787	-5213	0.981
2788	-5212	0.968
2789	-5211	0.957
2790	-5210	0.949
2791	-5209	0.943
2792	-5208	0.941
2793	-5207	0.942
2794	-5206	0.945
2795	-5205	0.948
2796	-5204	0.952
2797	-5203	0.954
2798	-5202	0.953
2799	-5201	0.949
2800	-5200	0.941
2801	-5199	0.928
2802	-5198	0.909
2803	-5197	0.885
2804	-5196	0.858
2805	-5195	0.828
2806	-5194	0.797
2807	-5193	0.764
2808	-5192	0.732
2809	-5191	0.699
2810	-5190	0.667
2811	-5189	0.634
2812	-5188	0.602
2813	-5187	0.571
2814	-5186	0.539
2815	-5185	0.509
2816	-5184	0.481
2817	-5183	0.457
2818	-5182	0.436
2819	-5181	0.418
2820	-5180	0.402
2821	-5179	0.386
2822	-5178	0.371
2823	-5177	0.356
2824	-5176	0.343
2825	-5175	0.329
2826	-5174	0.315
2827	-5173	0.3
2828	-5172	0.283
2829	-5171	0.264
2830	-5170	0.244
2831	-5169	0.221
2832	-5168	0.196
2833	-5167	0.167
2834	-5166	0.136
2835	-5165	0.105
2836	-5164	0.076
2837	-5163	0.048
2838	-5162	0.021
2839	-5161	-0.007
2840	-5160	-0.035
2841	-5159	-0.064
2842	-5158	-0.095
2843	-5157	-0.127
2844	-5156	-0.161
2845	-5155	-0.197
2846	-5154	-0.235
2847	-5153	-0.275
2848	-5152	-0.318
2849	-5151	-0.364
2850	-5150	-0.41
2851	-5149	-0.457
2852	-5148	-0.503
2853	-5147	-0.545
2854	-5146	-0.582
2855	-5145	-0.615
2856	-5144	-0.644
2857	-5143	-0.672
2858	-5142	-0.698
2859	-5141	-0.722
2860	-5140	-0.744
2861	-5139	-0.765
2862	-5138	-0.788
2863	-5137	-0.812
2864	-5136	-0.838
2865	-5135	-0.867
2866	-5134	-0.898
2867	-5133	-0.928
2868	-5132	-0.958
2869	-5131	-0.988
2870	-5130	-1.018
2871	-5129	-1.049
2872	-5128	-1.079
2873	-5127	-1.106
2874	-5126	-1.13
2875	-5125	-1.151
2876	-5124	-1.168
2877	-5123	-1.183
2878	-5122	-1.198
2879	-5121	-1.211
2880	-5120	-1.222
2881	-5119	-1.231
2882	-5118	-1.24
2883	-5117	-1.25
2884	-5116	-1.26
2885	-5115	-1.267
2886	-5114	-1.272
2887	-5113	-1.274
2888	-5112	-1.27
2889	-5111	-1.262
2890	-5110	-1.249
2891	-5109	-1.235
2892	-5108	-1.222
2893	-5107	-1.212
2894	-5106	-1.203
2895	-5105	-1.195
2896	-5104	-1.186
2897	-5103	-1.175
2898	-5102	-1.162
2899	-5101	-1.147
2900	-5100	-1.13
2901	-5099	-1.111
2902	-5098	-1.093
2903	-5097	-1.073
2904	-5096	-1.051
2905	-5095	-1.027
2906	-5094	-1.002
2907	-5093	-0.975
2908	-5092	-0.948
2909	-5091	-0.921
2910	-5090	-0.894
2911	-5089	-0.869
2912	-5088	-0.844
2913	-5087	-0.82
2914	-5086	-0.795
2915	-5085	-0.768
2916	-5084	-0.739
2917	-5083	-0.706
2918	-5082	-0.67
2919	-5081	-0.633
2920	-5080	-0.598
2921	-5079	-0.566
2922	-5078	-0.535
2923	-5077	-0.506
2924	-5076	-0.48
2925	-5075	-0.458
2926	-5074	-0.439
2927	-5073	-0.424
2928	-5072	-0.411
2929	-5071	-0.401
2930	-5070	-0.394
2931	-5069	-0.39
2932	-5068	-0.391
2933	-5067	-0.394
2934	-5066	-0.398
2935	-5065	-0.402
2936	-5064	-0.408
2937	-5063	-0.416
2938	-5062	-0.426
2939	-5061	-0.439
2940	-5060	-0.453
2941	-5059	-0.468
2942	-5058	-0.485
2943	-5057	-0.503
2944	-5056	-0.521
2945	-5055	-0.539
2946	-5054	-0.556
2947	-5053	-0.572
2948	-5052	-0.591
2949	-5051	-0.613
2950	-5050	-0.636
2951	-5049	-0.658
2952	-5048	-0.678
2953	-5047	-0.694
2954	-5046	-0.71
2955	-5045	-0.725
2956	-5044	-0.74
2957	-5043	-0.757
2958	-5042	-0.776
2959	-5041	-0.797
2960	-5040	-0.818
2961	-5039	-0.841
2962	-5038	-0.863
2963	-5037	-0.886
2964	-5036	-0.909
2965	-5035	-0.933
2966	-5034	-0.96
2967	-5033	-0.992
2968	-5032	-1.031
2969	-5031	-1.074
2970	-5030	-1.119
2971	-5029	-1.164
2972	-5028	-1.207
2973	-5027	-1.25
2974	-5026	-1.293
2975	-5025	-1.335
2976	-5024	-1.376
2977	-5023	-1.418
2978	-5022	-1.458
2979	-5021	-1.499
2980	-5020	-1.542
2981	-5019	-1.588
2982	-5018	-1.635
2983	-5017	-1.681
2984	-5016	-1.724
2985	-5015	-1.762
2986	-5014	-1.798
2987	-5013	-1.83
2988	-5012	-1.861
2989	-5011	-1.892
2990	-5010	-1.923
2991	-5009	-1.956
2992	-5008	-1.995
2993	-5007	-2.041
2994	-5006	-2.094
2995	-5005	-2.154
2996	-5004	-2.221
2997	-5003	-2.297
2998	-5002	-2.378
2999	-5001	-2.461
3000	-5000	-2.542
3001	-4999	-2.622
3002	-4998	-2.7
3003	-4997	-2.778
3004	-4996	-2.855
3005	-4995	-2.932
3006	-4994	-3.008
3007	-4993	-3.08
3008	-4992	-3.148
3009	-4991	-3.212
3010	-4990	-3.272
3011	-4989	-3.325
3012	-4988	-3.374
3013	-4987	-3.418
3014	-4986	-3.458
3015	-4985	-3.494
3016	-4984	-3.524
3017	-4983	-3.553
3018	-4982	-3.582
3019	-4981	-3.612
3020	-4980	-3.643
3021	-4979	-3.674
3022	-4978	-3.705
3023	-4977	-3.735
3024	-4976	-3.769
3025	-4975	-3.806
3026	-4974	-3.847
3027	-4973	-3.89
3028	-4972	-3.934
3029	-4971	-3.978
3030	-4970	-4.022
3031	-4969	-4.064
3032	-4968	-4.107
3033	-4967	-4.149
3034	-4966	-4.191
3035	-4965	-4.23
3036	-4964	-4.27
3037	-4963	-4.31
3038	-4962	-4.349
3039	-4961	-4.386
3040	-4960	-4.424
3041	-4959	-4.461
3042	-4958	-4.498
3043	-4957	-4.534
3044	-4956	-4.572
3045	-4955	-4.608
3046	-4954	-4.644
3047	-4953	-4.677
3048	-4952	-4.708
3049	-4951	-4.739
3050	-4950	-4.77
3051	-4949	-4.801
3052	-4948	-4.83
3053	-4947	-4.857
3054	-4946	-4.885
3055	-4945	-4.913
3056	-4944	-4.941
3057	-4943	-4.968
3058	-4942	-4.995
3059	-4941	-5.023
3060	-4940	-5.051
3061	-4939	-5.077
3062	-4938	-5.101
3063	-4937	-5.123
3064	-4936	-5.141
3065	-4935	-5.154
3066	-4934	-5.164
3067	-4933	-5.169
3068	-4932	-5.17
3069	-4931	-5.168
3070	-4930	-5.165
3071	-4929	-5.163
3072	-4928	-5.164
3073	-4927	-5.166
3074	-4926	-5.167
3075	-4925	-5.166
3076	-4924	-5.162
3077	-4923	-5.154
3078	-4922	-5.144
3079	-4921	-5.133
3080	-4920	-5.123
3081	-4919	-5.116
3082	-4918	-5.111
3083	-4917	-5.108
3084	-4916	-5.104
3085	-4915	-5.099
3086	-4914	-5.09
3087	-4913	-5.08
3088	-4912	-5.07
3089	-4911	-5.059
3090	-4910	-5.046
3091	-4909	-5.03
3092	-4908	-5.011
3093	-4907	-4.986
3094	-4906	-4.958
3095	-4905	-4.927
3096	-4904	-4.893
3097	-4903	-4.858
3098	-4902	-4.821
3099	-4901	-4.78
3100	-4900	-4.736
3101	-4899	-4.693
3102	-4898	-4.652
3103	-4897	-4.615
3104	-4896	-4.581
3105	-4895	-4.547
3106	-4894	-4.512
3107	-4893	-4.475
3108	-4892	-4.435
3109	-4891	-4.393
3110	-4890	-4.349
3111	-4889	-4.304
3112	-4888	-4.259
3113	-4887	-4.214
3114	-4886	-4.171
3115	-4885	-4.131
3116	-4884	-4.096
3117	-4883	-4.063
3118	-4882	-4.034
3119	-4881	-4.008
3120	-4880	-3.984
3121	-4879	-3.962
3122	-4878	-3.942
3123	-4877	-3.927
3124	-4876	-3.914
3125	-4875	-3.905
3126	-4874	-3.9
3127	-4873	-3.898
3128	-4872	-3.897
3129	-4871	-3.899
3130	-4870	-3.901
3131	-4869	-3.902
3132	-4868	-3.902
3133	-4867	-3.903
3134	-4866	-3.907
3135	-4865	-3.915
3136	-4864	-3.927
3137	-4863	-3.941
3138	-4862	-3.957
3139	-4861	-3.974
3140	-4860	-3.992
3141	-4859	-4.013
3142	-4858	-4.04
3143	-4857	-4.07
3144	-4856	-4.103
3145	-4855	-4.141
3146	-4854	-4.186
3147	-4853	-4.239
3148	-4852	-4.299
3149	-4851	-4.366
3150	-4850	-4.436
3151	-4849	-4.504
3152	-4848	-4.566
3153	-4847	-4.618
3154	-4846	-4.663
3155	-4845	-4.703
3156	-4844	-4.741
3157	-4843	-4.779
3158	-4842	-4.816
3159	-4841	-4.847
3160	-4840	-4.875
3161	-4839	-4.902
3162	-4838	-4.928
3163	-4837	-4.957
3164	-4836	-4.988
3165	-4835	-5.021
3166	-4834	-5.054
3167	-4833	-5.089
3168	-4832	-5.122
3169	-4831	-5.156
3170	-4830	-5.194
3171	-4829	-5.237
3172	-4828	-5.282
3173	-4827	-5.322
3174	-4826	-5.359
3175	-4825	-5.393
3176	-4824	-5.424
3177	-4823	-5.451
3178	-4822	-5.479
3179	-4821	-5.506
3180	-4820	-5.53
3181	-4819	-5.55
3182	-4818	-5.564
3183	-4817	-5.574
3184	-4816	-5.581
3185	-4815	-5.589
3186	-4814	-5.6
3187	-4813	-5.61
3188	-4812	-5.618
3189	-4811	-5.623
3190	-4810	-5.625
3191	-4809	-5.627
3192	-4808	-5.629
3193	-4807	-5.63
3194	-4806	-5.632
3195	-4805	-5.631
3196	-4804	-5.628
3197	-4803	-5.62
3198	-4802	-5.606
3199	-4801	-5.586
3200	-4800	-5.563
3201	-4799	-5.54
3202	-4798	-5.517
3203	-4797	-5.491
3204	-4796	-5.464
3205	-4795	-5.438
3206	-4794	-5.414
3207	-4793	-5.392
3208	-4792	-5.371
3209	-4791	-5.348
3210	-4790	-5.324
3211	-4789	-5.303
3212	-4788	-5.285
3213	-4787	-5.27
3214	-4786	-5.257
3215	-4785	-5.245
3216	-4784	-5.233
3217	-4783	-5.221
3218	-4782	-5.209
3219	-4781	-5.195
3220	-4780	-5.179
3221	-4779	-5.16
3222	-4778	-5.137
3223	-4777	-5.113
3224	-4776	-5.089
3225	-4775	-5.066
3226	-4774	-5.047
3227	-4773	-5.028
3228	-4772	-5.007
3229	-4771	-4.983
3230	-4770	-4.958
3231	-4769	-4.933
3232	-4768	-4.908
3233	-4767	-4.884
3234	-4766	-4.862
3235	-4765	-4.841
3236	-4764	-4.821
3237	-4763	-4.802
3238	-4762	-4.786
3239	-4761	-4.774
3240	-4760	-4.766
3241	-4759	-4.762
3242	-4758	-4.762
3243	-4757	-4.766
3244	-4756	-4.773
3245	-4755	-4.78
3246	-4754	-4.785
3247	-4753	-4.79
3248	-4752	-4.794
3249	-4751	-4.794
3250	-4750	-4.792
3251	-4749	-4.786
3252	-4748	-4.776
3253	-4747	-4.762
3254	-4746	-4.745
3255	-4745	-4.725
3256	-4744	-4.7
3257	-4743	-4.673
3258	-4742	-4.644
3259	-4741	-4.617
3260	-4740	-4.592
3261	-4739	-4.569
3262	-4738	-4.548
3263	-4737	-4.53
3264	-4736	-4.515
3265	-4735	-4.505
3266	-4734	-4.501
3267	-4733	-4.502
3268	-4732	-4.507
3269	-4731	-4.517
3270	-4730	-4.533
3271	-4729	-4.553
3272	-4728	-4.577
3273	-4727	-4.6
3274	-4726	-4.624
3275	-4725	-4.647
3276	-4724	-4.671
3277	-4723	-4.694
3278	-4722	-4.72
3279	-4721	-4.747
3280	-4720	-4.776
3281	-4719	-4.806
3282	-4718	-4.836
3283	-4717	-4.865
3284	-4716	-4.892
3285	-4715	-4.918
3286	-4714	-4.94
3287	-4713	-4.961
3288	-4712	-4.984
3289	-4711	-5.008
3290	-4710	-5.034
3291	-4709	-5.061
3292	-4708	-5.088
3293	-4707	-5.115
3294	-4706	-5.142
3295	-4705	-5.168
3296	-4704	-5.195
3297	-4703	-5.223
3298	-4702	-5.252
3299	-4701	-5.282
3300	-4700	-5.313
3301	-4699	-5.343
3302	-4698	-5.373
3303	-4697	-5.403
3304	-4696	-5.43
3305	-4695	-5.456
3306	-4694	-5.48
3307	-4693	-5.502
3308	-4692	-5.522
3309	-4691	-5.541
3310	-4690	-5.561
3311	-4689	-5.584
3312	-4688	-5.608
3313	-4687	-5.633
3314	-4686	-5.66
3315	-4685	-5.686
3316	-4684	-5.709
3317	-4683	-5.729
3318	-4682	-5.747
3319	-4681	-5.76
3320	-4680	-5.768
3321	-4679	-5.77
3322	-4678	-5.767
3323	-4677	-5.762
3324	-4676	-5.756
3325	-4675	-5.748
3326	-4674	-5.737
3327	-4673	-5.721
3328	-4672	-5.7
3329	-4671	-5.676
3330	-4670	-5.651
3331	-4669	-5.625
3332	-4668	-5.597
3333	-4667	-5.569
3334	-4666	-5.539
3335	-4665	-5.51
3336	-4664	-5.482
3337	-4663	-5.454
3338	-4662	-5.426
3339	-4661	-5.397
3340	-4660	-5.367
3341	-4659	-5.335
3342	-4658	-5.299
3343	-4657	-5.259
3344	-4656	-5.217
3345	-4655	-5.176
3346	-4654	-5.137
3347	-4653	-5.099
3348	-4652	-5.06
3349	-4651	-5.02
3350	-4650	-4.976
3351	-4649	-4.931
3352	-4648	-4.885
3353	-4647	-4.84
3354	-4646	-4.796
3355	-4645	-4.755
3356	-4644	-4.716
3357	-4643	-4.679
3358	-4642	-4.646
3359	-4641	-4.617
3360	-4640	-4.591
3361	-4639	-4.569
3362	-4638	-4.551
3363	-4637	-4.536
3364	-4636	-4.523
3365	-4635	-4.511
3366	-4634	-4.501
3367	-4633	-4.492
3368	-4632	-4.484
3369	-4631	-4.478
3370	-4630	-4.474
3371	-4629	-4.473
3372	-4628	-4.473
3373	-4627	-4.473
3374	-4626	-4.47
3375	-4625	-4.466
3376	-4624	-4.463
3377	-4623	-4.461
3378	-4622	-4.461
3379	-4621	-4.462
3380	-4620	-4.465
3381	-4619	-4.469
3382	-4618	-4.476
3383	-4617	-4.487
3384	-4616	-4.499
3385	-4615	-4.514
3386	-4614	-4.528
3387	-4613	-4.541
3388	-4612	-4.551
3389	-4611	-4.558
3390	-4610	-4.562
3391	-4609	-4.564
3392	-4608	-4.562
3393	-4607	-4.561
3394	-4606	-4.561
3395	-4605	-4.564
3396	-4604	-4.57
3397	-4603	-4.578
3398	-4602	-4.588
3399	-4601	-4.598
3400	-4600	-4.61
3401	-4599	-4.624
3402	-4598	-4.637
3403	-4597	-4.651
3404	-4596	-4.664
3405	-4595	-4.677
3406	-4594	-4.687
3407	-4593	-4.693
3408	-4592	-4.697
3409	-4591	-4.703
3410	-4590	-4.71
3411	-4589	-4.72
3412	-4588	-4.731
3413	-4587	-4.744
3414	-4586	-4.759
3415	-4585	-4.774
3416	-4584	-4.79
3417	-4583	-4.804
3418	-4582	-4.817
3419	-4581	-4.829
3420	-4580	-4.841
3421	-4579	-4.851
3422	-4578	-4.862
3423	-4577	-4.872
3424	-4576	-4.883
3425	-4575	-4.893
3426	-4574	-4.903
3427	-4573	-4.91
3428	-4572	-4.916
3429	-4571	-4.919
3430	-4570	-4.92
3431	-4569	-4.921
3432	-4568	-4.923
3433	-4567	-4.923
3434	-4566	-4.922
3435	-4565	-4.92
3436	-4564	-4.915
3437	-4563	-4.91
3438	-4562	-4.906
3439	-4561	-4.905
3440	-4560	-4.907
3441	-4559	-4.911
3442	-4558	-4.918
3443	-4557	-4.928
3444	-4556	-4.942
3445	-4555	-4.959
3446	-4554	-4.978
3447	-4553	-4.998
3448	-4552	-5.02
3449	-4551	-5.043
3450	-4550	-5.066
3451	-4549	-5.088
3452	-4548	-5.107
3453	-4547	-5.122
3454	-4546	-5.131
3455	-4545	-5.136
3456	-4544	-5.139
3457	-4543	-5.14
3458	-4542	-5.138
3459	-4541	-5.135
3460	-4540	-5.128
3461	-4539	-5.119
3462	-4538	-5.107
3463	-4537	-5.091
3464	-4536	-5.071
3465	-4535	-5.049
3466	-4534	-5.028
3467	-4533	-5.007
3468	-4532	-4.986
3469	-4531	-4.964
3470	-4530	-4.938
3471	-4529	-4.908
3472	-4528	-4.876
3473	-4527	-4.843
3474	-4526	-4.811
3475	-4525	-4.782
3476	-4524	-4.757
3477	-4523	-4.738
3478	-4522	-4.725
3479	-4521	-4.719
3480	-4520	-4.72
3481	-4519	-4.728
3482	-4518	-4.742
3483	-4517	-4.76
3484	-4516	-4.782
3485	-4515	-4.806
3486	-4514	-4.831
3487	-4513	-4.857
3488	-4512	-4.882
3489	-4511	-4.906
3490	-4510	-4.929
3491	-4509	-4.952
3492	-4508	-4.973
3493	-4507	-4.991
3494	-4506	-5.005
3495	-4505	-5.017
3496	-4504	-5.026
3497	-4503	-5.033
3498	-4502	-5.041
3499	-4501	-5.051
3500	-4500	-5.063
3501	-4499	-5.078
3502	-4498	-5.094
3503	-4497	-5.109
3504	-4496	-5.122
3505	-4495	-5.134
3506	-4494	-5.144
3507	-4493	-5.153
3508	-4492	-5.161
3509	-4491	-5.169
3510	-4490	-5.178
3511	-4489	-5.186
3512	-4488	-5.195
3513	-4487	-5.206
3514	-4486	-5.218
3515	-4485	-5.233
3516	-4484	-5.249
3517	-4483	-5.266
3518	-4482	-5.284
3519	-4481	-5.302
3520	-4480	-5.32
3521	-4479	-5.338
3522	-4478	-5.356
3523	-4477	-5.373
3524	-4476	-5.389
3525	-4475	-5.403
3526	-4474	-5.416
3527	-4473	-5.428
3528	-4472	-5.439
3529	-4471	-5.449
3530	-4470	-5.459
3531	-4469	-5.469
3532	-4468	-5.478
3533	-4467	-5.486
3534	-4466	-5.493
3535	-4465	-5.498
3536	-4464	-5.503
3537	-4463	-5.507
3538	-4462	-5.511
3539	-4461	-5.515
3540	-4460	-5.52
3541	-4459	-5.527
3542	-4458	-5.536
3543	-4457	-5.544
3544	-4456	-5.553
3545	-4455	-5.562
3546	-4454	-5.571
3547	-4453	-5.579
3548	-4452	-5.588
3549	-4451	-5.596
3550	-4450	-5.604
3551	-4449	-5.611
3552	-4448	-5.617
3553	-4447	-5.621
3554	-4446	-5.623
3555	-4445	-5.623
3556	-4444	-5.621
3557	-4443	-5.619
3558	-4442	-5.617
3559	-4441	-5.615
3560	-4440	-5.614
3561	-4439	-5.612
3562	-4438	-5.61
3563	-4437	-5.609
3564	-4436	-5.608
3565	-4435	-5.606
3566	-4434	-5.603
3567	-4433	-5.597
3568	-4432	-5.588
3569	-4431	-5.577
3570	-4430	-5.565
3571	-4429	-5.552
3572	-4428	-5.539
3573	-4427	-5.525
3574	-4426	-5.511
3575	-4425	-5.496
3576	-4424	-5.481
3577	-4423	-5.467
3578	-4422	-5.454
3579	-4421	-5.444
3580	-4420	-5.437
3581	-4419	-5.432
3582	-4418	-5.427
3583	-4417	-5.423
3584	-4416	-5.42
3585	-4415	-5.419
3586	-4414	-5.422
3587	-4413	-5.429
3588	-4412	-5.44
3589	-4411	-5.455
3590	-4410	-5.475
3591	-4409	-5.498
3592	-4408	-5.523
3593	-4407	-5.551
3594	-4406	-5.58
3595	-4405	-5.609
3596	-4404	-5.638
3597	-4403	-5.667
3598	-4402	-5.696
3599	-4401	-5.724
3600	-4400	-5.75
3601	-4399	-5.774
3602	-4398	-5.796
3603	-4397	-5.816
3604	-4396	-5.834
3605	-4395	-5.85
3606	-4394	-5.866
3607	-4393	-5.881
3608	-4392	-5.895
3609	-4391	-5.909
3610	-4390	-5.922
3611	-4389	-5.934
3612	-4388	-5.945
3613	-4387	-5.955
3614	-4386	-5.966
3615	-4385	-5.976
3616	-4384	-5.986
3617	-4383	-5.994
3618	-4382	-6.001
3619	-4381	-6.009
3620	-4380	-6.018
3621	-4379	-6.028
3622	-4378	-6.039
3623	-4377	-6.05
3624	-4376	-6.061
3625	-4375	-6.071
3626	-4374	-6.079
3627	-4373	-6.083
3628	-4372	-6.084
3629	-4371	-6.082
3630	-4370	-6.079
3631	-4369	-6.075
3632	-4368	-6.069
3633	-4367	-6.063
3634	-4366	-6.054
3635	-4365	-6.044
3636	-4364	-6.034
3637	-4363	-6.022
3638	-4362	-6.011
3639	-4361	-5.999
3640	-4360	-5.987
3641	-4359	-5.975
3642	-4358	-5.963
3643	-4357	-5.951
3644	-4356	-5.938
3645	-4355	-5.924
3646	-4354	-5.91
3647	-4353	-5.896
3648	-4352	-5.881
3649	-4351	-5.865
3650	-4350	-5.845
3651	-4349	-5.822
3652	-4348	-5.797
3653	-4347	-5.769
3654	-4346	-5.739
3655	-4345	-5.706
3656	-4344	-5.671
3657	-4343	-5.632
3658	-4342	-5.59
3659	-4341	-5.545
3660	-4340	-5.498
3661	-4339	-5.449
3662	-4338	-5.4
3663	-4337	-5.352
3664	-4336	-5.307
3665	-4335	-5.263
3666	-4334	-5.22
3667	-4333	-5.179
3668	-4332	-5.14
3669	-4331	-5.103
3670	-4330	-5.068
3671	-4329	-5.036
3672	-4328	-5.006
3673	-4327	-4.98
3674	-4326	-4.958
3675	-4325	-4.939
3676	-4324	-4.924
3677	-4323	-4.912
3678	-4322	-4.902
3679	-4321	-4.894
3680	-4320	-4.889
3681	-4319	-4.885
3682	-4318	-4.883
3683	-4317	-4.883
3684	-4316	-4.883
3685	-4315	-4.885
3686	-4314	-4.888
3687	-4313	-4.891
3688	-4312	-4.894
3689	-4311	-4.897
3690	-4310	-4.9
3691	-4309	-4.903
3692	-4308	-4.904
3693	-4307	-4.904
3694	-4306	-4.905
3695	-4305	-4.908
3696	-4304	-4.913
3697	-4303	-4.922
3698	-4302	-4.934
3699	-4301	-4.947
3700	-4300	-4.961
3701	-4299	-4.976
3702	-4298	-4.99
3703	-4297	-5.002
3704	-4296	-5.012
3705	-4295	-5.02
3706	-4294	-5.026
3707	-4293	-5.031
3708	-4292	-5.037
3709	-4291	-5.042
3710	-4290	-5.047
3711	-4289	-5.054
3712	-4288	-5.064
3713	-4287	-5.077
3714	-4286	-5.094
3715	-4285	-5.113
3716	-4284	-5.135
3717	-4283	-5.161
3718	-4282	-5.192
3719	-4281	-5.225
3720	-4280	-5.26
3721	-4279	-5.298
3722	-4278	-5.337
3723	-4277	-5.379
3724	-4276	-5.424
3725	-4275	-5.472
3726	-4274	-5.523
3727	-4273	-5.575
3728	-4272	-5.628
3729	-4271	-5.682
3730	-4270	-5.734
3731	-4269	-5.785
3732	-4268	-5.834
3733	-4267	-5.884
3734	-4266	-5.934
3735	-4265	-5.987
3736	-4264	-6.041
3737	-4263	-6.093
3738	-4262	-6.141
3739	-4261	-6.186
3740	-4260	-6.227
3741	-4259	-6.266
3742	-4258	-6.305
3743	-4257	-6.348
3744	-4256	-6.394
3745	-4255	-6.444
3746	-4254	-6.494
3747	-4253	-6.544
3748	-4252	-6.593
3749	-4251	-6.64
3750	-4250	-6.685
3751	-4249	-6.727
3752	-4248	-6.763
3753	-4247	-6.793
3754	-4246	-6.817
3755	-4245	-6.836
3756	-4244	-6.85
3757	-4243	-6.857
3758	-4242	-6.859
3759	-4241	-6.856
3760	-4240	-6.851
3761	-4239	-6.845
3762	-4238	-6.842
3763	-4237	-6.841
3764	-4236	-6.839
3765	-4235	-6.835
3766	-4234	-6.827
3767	-4233	-6.816
3768	-4232	-6.804
3769	-4231	-6.794
3770	-4230	-6.784
3771	-4229	-6.772
3772	-4228	-6.76
3773	-4227	-6.747
3774	-4226	-6.734
3775	-4225	-6.723
3776	-4224	-6.714
3777	-4223	-6.706
3778	-4222	-6.7
3779	-4221	-6.696
3780	-4220	-6.696
3781	-4219	-6.7
3782	-4218	-6.706
3783	-4217	-6.716
3784	-4216	-6.728
3785	-4215	-6.739
3786	-4214	-6.75
3787	-4213	-6.76
3788	-4212	-6.773
3789	-4211	-6.789
3790	-4210	-6.806
3791	-4209	-6.826
3792	-4208	-6.845
3793	-4207	-6.865
3794	-4206	-6.886
3795	-4205	-6.907
3796	-4204	-6.931
3797	-4203	-6.957
3798	-4202	-6.984
3799	-4201	-7.013
3800	-4200	-7.041
3801	-4199	-7.067
3802	-4198	-7.091
3803	-4197	-7.113
3804	-4196	-7.132
3805	-4195	-7.147
3806	-4194	-7.159
3807	-4193	-7.169
3808	-4192	-7.179
3809	-4191	-7.19
3810	-4190	-7.204
3811	-4189	-7.22
3812	-4188	-7.238
3813	-4187	-7.255
3814	-4186	-7.269
3815	-4185	-7.281
3816	-4184	-7.289
3817	-4183	-7.294
3818	-4182	-7.298
3819	-4181	-7.299
3820	-4180	-7.3
3821	-4179	-7.304
3822	-4178	-7.309
3823	-4177	-7.317
3824	-4176	-7.329
3825	-4175	-7.342
3826	-4174	-7.358
3827	-4173	-7.374
3828	-4172	-7.39
3829	-4171	-7.404
3830	-4170	-7.416
3831	-4169	-7.426
3832	-4168	-7.434
3833	-4167	-7.439
3834	-4166	-7.442
3835	-4165	-7.443
3836	-4164	-7.445
3837	-4163	-7.445
3838	-4162	-7.445
3839	-4161	-7.444
3840	-4160	-7.444
3841	-4159	-7.444
3842	-4158	-7.443
3843	-4157	-7.439
3844	-4156	-7.435
3845	-4155	-7.432
3846	-4154	-7.432
3847	-4153	-7.433
3848	-4152	-7.436
3849	-4151	-7.439
3850	-4150	-7.445
3851	-4149	-7.453
3852	-4148	-7.465
3853	-4147	-7.48
3854	-4146	-7.501
3855	-4145	-7.527
3856	-4144	-7.558
3857	-4143	-7.593
3858	-4142	-7.628
3859	-4141	-7.663
3860	-4140	-7.698
3861	-4139	-7.73
3862	-4138	-7.761
3863	-4137	-7.789
3864	-4136	-7.812
3865	-4135	-7.828
3866	-4134	-7.839
3867	-4133	-7.847
3868	-4132	-7.854
3869	-4131	-7.861
3870	-4130	-7.871
3871	-4129	-7.884
3872	-4128	-7.899
3873	-4127	-7.915
3874	-4126	-7.928
3875	-4125	-7.94
3876	-4124	-7.952
3877	-4123	-7.966
3878	-4122	-7.983
3879	-4121	-8.007
3880	-4120	-8.035
3881	-4119	-8.069
3882	-4118	-8.105
3883	-4117	-8.141
3884	-4116	-8.178
3885	-4115	-8.219
3886	-4114	-8.262
3887	-4113	-8.308
3888	-4112	-8.362
3889	-4111	-8.424
3890	-4110	-8.489
3891	-4109	-8.556
3892	-4108	-8.627
3893	-4107	-8.7
3894	-4106	-8.775
3895	-4105	-8.853
3896	-4104	-8.93
3897	-4103	-9.003
3898	-4102	-9.069
3899	-4101	-9.13
3900	-4100	-9.19
3901	-4099	-9.254
3902	-4098	-9.327
3903	-4097	-9.408
3904	-4096	-9.499
3905	-4095	-9.601
3906	-4094	-9.714
3907	-4093	-9.832
3908	-4092	-9.953
3909	-4091	-10.075
3910	-4090	-10.201
3911	-4089	-10.332
3912	-4088	-10.482
3913	-4087	-10.638
3914	-4086	-10.801
3915	-4085	-10.969
3916	-4084	-11.138
3917	-4083	-11.308
3918	-4082	-11.476
3919	-4081	-11.637
3920	-4080	-11.79
3921	-4079	-11.934
3922	-4078	-12.072
3923	-4077	-12.207
3924	-4076	-12.34
3925	-4075	-12.468
3926	-4074	-12.587
3927	-4073	-12.7
3928	-4072	-12.806
3929	-4071	-12.908
3930	-4070	-13.005
3931	-4069	-13.094
3932	-4068	-13.175
3933	-4067	-13.248
3934	-4066	-13.316
3935	-4065	-13.381
3936	-4064	-13.442
3937	-4063	-13.497
3938	-4062	-13.55
3939	-4061	-13.602
3940	-4060	-13.654
3941	-4059	-13.709
3942	-4058	-13.772
3943	-4057	-13.842
3944	-4056	-13.91
3945	-4055	-13.974
3946	-4054	-14.035
3947	-4053	-14.089
3948	-4052	-14.136
3949	-4051	-14.178
3950	-4050	-14.21
3951	-4049	-14.229
3952	-4048	-14.239
3953	-4047	-14.238
3954	-4046	-14.233
3955	-4045	-14.226
3956	-4044	-14.221
3957	-4043	-14.209
3958	-4042	-14.188
3959	-4041	-14.157
3960	-4040	-14.122
3961	-4039	-14.087
3962	-4038	-14.052
3963	-4037	-14.016
3964	-4036	-13.973
3965	-4035	-13.923
3966	-4034	-13.865
3967	-4033	-13.8
3968	-4032	-13.73
3969	-4031	-13.656
3970	-4030	-13.576
3971	-4029	-13.493
3972	-4028	-13.409
3973	-4027	-13.327
3974	-4026	-13.246
3975	-4025	-13.167
3976	-4024	-13.092
3977	-4023	-13.022
3978	-4022	-12.956
3979	-4021	-12.896
3980	-4020	-12.841
3981	-4019	-12.79
3982	-4018	-12.743
3983	-4017	-12.7
3984	-4016	-12.656
3985	-4015	-12.611
3986	-4014	-12.568
3987	-4013	-12.532
3988	-4012	-12.507
3989	-4011	-12.492
3990	-4010	-12.487
3991	-4009	-12.484
3992	-4008	-12.475
3993	-4007	-12.457
3994	-4006	-12.431
3995	-4005	-12.396
3996	-4004	-12.35
3997	-4003	-12.295
3998	-4002	-12.23
3999	-4001	-12.161
4000	-4000	-12.093
4001	-3999	-12.026
4002	-3998	-11.963
4003	-3997	-11.905
4004	-3996	-11.856
4005	-3995	-11.821
4006	-3994	-11.798
4007	-3993	-11.783
4008	-3992	-11.776
4009	-3991	-11.777
4010	-3990	-11.785
4011	-3989	-11.797
4012	-3988	-11.811
4013	-3987	-11.825
4014	-3986	-11.838
4015	-3985	-11.851
4016	-3984	-11.862
4017	-3983	-11.872
4018	-3982	-11.876
4019	-3981	-11.875
4020	-3980	-11.869
4021	-3979	-11.859
4022	-3978	-11.848
4023	-3977	-11.831
4024	-3976	-11.807
4025	-3975	-11.777
4026	-3974	-11.739
4027	-3973	-11.696
4028	-3972	-11.651
4029	-3971	-11.603
4030	-3970	-11.551
4031	-3969	-11.496
4032	-3968	-11.437
4033	-3967	-11.375
4034	-3966	-11.309
4035	-3965	-11.239
4036	-3964	-11.166
4037	-3963	-11.092
4038	-3962	-11.022
4039	-3961	-10.955
4040	-3960	-10.892
4041	-3959	-10.833
4042	-3958	-10.775
4043	-3957	-10.716
4044	-3956	-10.653
4045	-3955	-10.588
4046	-3954	-10.521
4047	-3953	-10.451
4048	-3952	-10.378
4049	-3951	-10.303
4050	-3950	-10.228
4051	-3949	-10.157
4052	-3948	-10.093
4053	-3947	-10.037
4054	-3946	-9.988
4055	-3945	-9.944
4056	-3944	-9.902
4057	-3943	-9.859
4058	-3942	-9.813
4059	-3941	-9.764
4060	-3940	-9.712
4061	-3939	-9.658
4062	-3938	-9.6
4063	-3937	-9.538
4064	-3936	-9.475
4065	-3935	-9.411
4066	-3934	-9.347
4067	-3933	-9.283
4068	-3932	-9.222
4069	-3931	-9.163
4070	-3930	-9.107
4071	-3929	-9.053
4072	-3928	-9.002
4073	-3927	-8.952
4074	-3926	-8.903
4075	-3925	-8.854
4076	-3924	-8.806
4077	-3923	-8.758
4078	-3922	-8.71
4079	-3921	-8.662
4080	-3920	-8.614
4081	-3919	-8.567
4082	-3918	-8.52
4083	-3917	-8.472
4084	-3916	-8.425
4085	-3915	-8.38
4086	-3914	-8.337
4087	-3913	-8.298
4088	-3912	-8.264
4089	-3911	-8.235
4090	-3910	-8.211
4091	-3909	-8.194
4092	-3908	-8.182
4093	-3907	-8.177
4094	-3906	-8.178
4095	-3905	-8.184
4096	-3904	-8.194
4097	-3903	-8.207
4098	-3902	-8.221
4099	-3901	-8.237
4100	-3900	-8.256
4101	-3899	-8.281
4102	-3898	-8.309
4103	-3897	-8.338
4104	-3896	-8.367
4105	-3895	-8.398
4106	-3894	-8.43
4107	-3893	-8.464
4108	-3892	-8.498
4109	-3891	-8.531
4110	-3890	-8.561
4111	-3889	-8.59
4112	-3888	-8.615
4113	-3887	-8.634
4114	-3886	-8.647
4115	-3885	-8.654
4116	-3884	-8.659
4117	-3883	-8.659
4118	-3882	-8.655
4119	-3881	-8.646
4120	-3880	-8.632
4121	-3879	-8.611
4122	-3878	-8.583
4123	-3877	-8.552
4124	-3876	-8.519
4125	-3875	-8.486
4126	-3874	-8.455
4127	-3873	-8.427
4128	-3872	-8.406
4129	-3871	-8.39
4130	-3870	-8.378
4131	-3869	-8.37
4132	-3868	-8.365
4133	-3867	-8.363
4134	-3866	-8.363
4135	-3865	-8.362
4136	-3864	-8.361
4137	-3863	-8.36
4138	-3862	-8.357
4139	-3861	-8.351
4140	-3860	-8.343
4141	-3859	-8.335
4142	-3858	-8.326
4143	-3857	-8.318
4144	-3856	-8.312
4145	-3855	-8.309
4146	-3854	-8.308
4147	-3853	-8.31
4148	-3852	-8.314
4149	-3851	-8.32
4150	-3850	-8.326
4151	-3849	-8.332
4152	-3848	-8.336
4153	-3847	-8.338
4154	-3846	-8.34
4155	-3845	-8.34
4156	-3844	-8.34
4157	-3843	-8.34
4158	-3842	-8.34
4159	-3841	-8.341
4160	-3840	-8.341
4161	-3839	-8.342
4162	-3838	-8.345
4163	-3837	-8.351
4164	-3836	-8.359
4165	-3835	-8.368
4166	-3834	-8.376
4167	-3833	-8.382
4168	-3832	-8.389
4169	-3831	-8.396
4170	-3830	-8.404
4171	-3829	-8.414
4172	-3828	-8.425
4173	-3827	-8.438
4174	-3826	-8.455
4175	-3825	-8.473
4176	-3824	-8.494
4177	-3823	-8.518
4178	-3822	-8.544
4179	-3821	-8.568
4180	-3820	-8.59
4181	-3819	-8.609
4182	-3818	-8.624
4183	-3817	-8.639
4184	-3816	-8.654
4185	-3815	-8.669
4186	-3814	-8.683
4187	-3813	-8.693
4188	-3812	-8.701
4189	-3811	-8.706
4190	-3810	-8.707
4191	-3809	-8.706
4192	-3808	-8.702
4193	-3807	-8.693
4194	-3806	-8.682
4195	-3805	-8.67
4196	-3804	-8.658
4197	-3803	-8.647
4198	-3802	-8.636
4199	-3801	-8.626
4200	-3800	-8.617
4201	-3799	-8.608
4202	-3798	-8.599
4203	-3797	-8.591
4204	-3796	-8.583
4205	-3795	-8.575
4206	-3794	-8.565
4207	-3793	-8.554
4208	-3792	-8.541
4209	-3791	-8.526
4210	-3790	-8.508
4211	-3789	-8.487
4212	-3788	-8.463
4213	-3787	-8.437
4214	-3786	-8.411
4215	-3785	-8.385
4216	-3784	-8.361
4217	-3783	-8.338
4218	-3782	-8.318
4219	-3781	-8.299
4220	-3780	-8.281
4221	-3779	-8.264
4222	-3778	-8.244
4223	-3777	-8.223
4224	-3776	-8.201
4225	-3775	-8.179
4226	-3774	-8.159
4227	-3773	-8.139
4228	-3772	-8.121
4229	-3771	-8.102
4230	-3770	-8.085
4231	-3769	-8.071
4232	-3768	-8.059
4233	-3767	-8.048
4234	-3766	-8.041
4235	-3765	-8.046
4236	-3764	-8.056
4237	-3763	-8.063
4238	-3762	-8.07
4239	-3761	-8.078
4240	-3760	-8.088
4241	-3759	-8.098
4242	-3758	-8.11
4243	-3757	-8.125
4244	-3756	-8.142
4245	-3755	-8.164
4246	-3754	-8.19
4247	-3753	-8.222
4248	-3752	-8.263
4249	-3751	-8.31
4250	-3750	-8.358
4251	-3749	-8.408
4252	-3748	-8.458
4253	-3747	-8.506
4254	-3746	-8.551
4255	-3745	-8.592
4256	-3744	-8.632
4257	-3743	-8.669
4258	-3742	-8.7
4259	-3741	-8.724
4260	-3740	-8.74
4261	-3739	-8.749
4262	-3738	-8.754
4263	-3737	-8.754
4264	-3736	-8.75
4265	-3735	-8.742
4266	-3734	-8.73
4267	-3733	-8.716
4268	-3732	-8.702
4269	-3731	-8.689
4270	-3730	-8.675
4271	-3729	-8.663
4272	-3728	-8.653
4273	-3727	-8.646
4274	-3726	-8.639
4275	-3725	-8.633
4276	-3724	-8.625
4277	-3723	-8.615
4278	-3722	-8.604
4279	-3721	-8.595
4280	-3720	-8.59
4281	-3719	-8.588
4282	-3718	-8.589
4283	-3717	-8.592
4284	-3716	-8.598
4285	-3715	-8.605
4286	-3714	-8.615
4287	-3713	-8.625
4288	-3712	-8.635
4289	-3711	-8.643
4290	-3710	-8.651
4291	-3709	-8.66
4292	-3708	-8.669
4293	-3707	-8.68
4294	-3706	-8.694
4295	-3705	-8.711
4296	-3704	-8.728
4297	-3703	-8.747
4298	-3702	-8.768
4299	-3701	-8.792
4300	-3700	-8.821
4301	-3699	-8.854
4302	-3698	-8.889
4303	-3697	-8.922
4304	-3696	-8.953
4305	-3695	-8.983
4306	-3694	-9.011
4307	-3693	-9.036
4308	-3692	-9.059
4309	-3691	-9.08
4310	-3690	-9.101
4311	-3689	-9.122
4312	-3688	-9.144
4313	-3687	-9.165
4314	-3686	-9.185
4315	-3685	-9.205
4316	-3684	-9.224
4317	-3683	-9.242
4318	-3682	-9.26
4319	-3681	-9.276
4320	-3680	-9.292
4321	-3679	-9.304
4322	-3678	-9.313
4323	-3677	-9.317
4324	-3676	-9.316
4325	-3675	-9.311
4326	-3674	-9.301
4327	-3673	-9.289
4328	-3672	-9.273
4329	-3671	-9.253
4330	-3670	-9.229
4331	-3669	-9.204
4332	-3668	-9.177
4333	-3667	-9.15
4334	-3666	-9.123
4335	-3665	-9.097
4336	-3664	-9.071
4337	-3663	-9.045
4338	-3662	-9.015
4339	-3661	-8.983
4340	-3660	-8.949
4341	-3659	-8.915
4342	-3658	-8.879
4343	-3657	-8.842
4344	-3656	-8.806
4345	-3655	-8.772
4346	-3654	-8.737
4347	-3653	-8.702
4348	-3652	-8.668
4349	-3651	-8.635
4350	-3650	-8.603
4351	-3649	-8.57
4352	-3648	-8.537
4353	-3647	-8.503
4354	-3646	-8.468
4355	-3645	-8.431
4356	-3644	-8.393
4357	-3643	-8.352
4358	-3642	-8.309
4359	-3641	-8.263
4360	-3640	-8.216
4361	-3639	-8.169
4362	-3638	-8.122
4363	-3637	-8.076
4364	-3636	-8.032
4365	-3635	-7.992
4366	-3634	-7.953
4367	-3633	-7.914
4368	-3632	-7.875
4369	-3631	-7.834
4370	-3630	-7.793
4371	-3629	-7.749
4372	-3628	-7.701
4373	-3627	-7.647
4374	-3626	-7.588
4375	-3625	-7.527
4376	-3624	-7.465
4377	-3623	-7.403
4378	-3622	-7.345
4379	-3621	-7.29
4380	-3620	-7.239
4381	-3619	-7.191
4382	-3618	-7.147
4383	-3617	-7.105
4384	-3616	-7.065
4385	-3615	-7.028
4386	-3614	-6.994
4387	-3613	-6.964
4388	-3612	-6.937
4389	-3611	-6.912
4390	-3610	-6.888
4391	-3609	-6.863
4392	-3608	-6.839
4393	-3607	-6.814
4394	-3606	-6.788
4395	-3605	-6.765
4396	-3604	-6.744
4397	-3603	-6.724
4398	-3602	-6.703
4399	-3601	-6.681
4400	-3600	-6.658
4401	-3599	-6.634
4402	-3598	-6.613
4403	-3597	-6.594
4404	-3596	-6.576
4405	-3595	-6.556
4406	-3594	-6.536
4407	-3593	-6.514
4408	-3592	-6.493
4409	-3591	-6.47
4410	-3590	-6.449
4411	-3589	-6.432
4412	-3588	-6.419
4413	-3587	-6.409
4414	-3586	-6.403
4415	-3585	-6.397
4416	-3584	-6.392
4417	-3583	-6.388
4418	-3582	-6.385
4419	-3581	-6.383
4420	-3580	-6.382
4421	-3579	-6.38
4422	-3578	-6.377
4423	-3577	-6.373
4424	-3576	-6.37
4425	-3575	-6.368
4426	-3574	-6.367
4427	-3573	-6.369
4428	-3572	-6.372
4429	-3571	-6.375
4430	-3570	-6.378
4431	-3569	-6.381
4432	-3568	-6.382
4433	-3567	-6.381
4434	-3566	-6.378
4435	-3565	-6.374
4436	-3564	-6.369
4437	-3563	-6.363
4438	-3562	-6.358
4439	-3561	-6.353
4440	-3560	-6.348
4441	-3559	-6.343
4442	-3558	-6.338
4443	-3557	-6.334
4444	-3556	-6.331
4445	-3555	-6.326
4446	-3554	-6.322
4447	-3553	-6.319
4448	-3552	-6.314
4449	-3551	-6.309
4450	-3550	-6.303
4451	-3549	-6.298
4452	-3548	-6.295
4453	-3547	-6.294
4454	-3546	-6.294
4455	-3545	-6.295
4456	-3544	-6.297
4457	-3543	-6.301
4458	-3542	-6.305
4459	-3541	-6.309
4460	-3540	-6.314
4461	-3539	-6.317
4462	-3538	-6.32
4463	-3537	-6.322
4464	-3536	-6.324
4465	-3535	-6.328
4466	-3534	-6.333
4467	-3533	-6.34
4468	-3532	-6.349
4469	-3531	-6.36
4470	-3530	-6.373
4471	-3529	-6.389
4472	-3528	-6.404
4473	-3527	-6.42
4474	-3526	-6.436
4475	-3525	-6.454
4476	-3524	-6.475
4477	-3523	-6.501
4478	-3522	-6.529
4479	-3521	-6.561
4480	-3520	-6.595
4481	-3519	-6.631
4482	-3518	-6.669
4483	-3517	-6.706
4484	-3516	-6.743
4485	-3515	-6.779
4486	-3514	-6.815
4487	-3513	-6.852
4488	-3512	-6.89
4489	-3511	-6.925
4490	-3510	-6.956
4491	-3509	-6.985
4492	-3508	-7.011
4493	-3507	-7.037
4494	-3506	-7.061
4495	-3505	-7.083
4496	-3504	-7.102
4497	-3503	-7.121
4498	-3502	-7.143
4499	-3501	-7.168
4500	-3500	-7.195
4501	-3499	-7.225
4502	-3498	-7.255
4503	-3497	-7.287
4504	-3496	-7.32
4505	-3495	-7.353
4506	-3494	-7.385
4507	-3493	-7.417
4508	-3492	-7.45
4509	-3491	-7.483
4510	-3490	-7.518
4511	-3489	-7.552
4512	-3488	-7.585
4513	-3487	-7.617
4514	-3486	-7.647
4515	-3485	-7.676
4516	-3484	-7.705
4517	-3483	-7.734
4518	-3482	-7.763
4519	-3481	-7.794
4520	-3480	-7.824
4521	-3479	-7.855
4522	-3478	-7.884
4523	-3477	-7.911
4524	-3476	-7.937
4525	-3475	-7.961
4526	-3474	-7.984
4527	-3473	-8.004
4528	-3472	-8.022
4529	-3471	-8.035
4530	-3470	-8.044
4531	-3469	-8.051
4532	-3468	-8.053
4533	-3467	-8.049
4534	-3466	-8.041
4535	-3465	-8.031
4536	-3464	-8.02
4537	-3463	-8.008
4538	-3462	-7.995
4539	-3461	-7.981
4540	-3460	-7.968
4541	-3459	-7.956
4542	-3458	-7.948
4543	-3457	-7.942
4544	-3456	-7.936
4545	-3455	-7.928
4546	-3454	-7.921
4547	-3453	-7.917
4548	-3452	-7.916
4549	-3451	-7.92
4550	-3450	-7.927
4551	-3449	-7.937
4552	-3448	-7.947
4553	-3447	-7.955
4554	-3446	-7.962
4555	-3445	-7.971
4556	-3444	-7.979
4557	-3443	-7.985
4558	-3442	-7.992
4559	-3441	-8.001
4560	-3440	-8.012
4561	-3439	-8.027
4562	-3438	-8.043
4563	-3437	-8.062
4564	-3436	-8.085
4565	-3435	-8.112
4566	-3434	-8.141
4567	-3433	-8.173
4568	-3432	-8.207
4569	-3431	-8.242
4570	-3430	-8.277
4571	-3429	-8.315
4572	-3428	-8.355
4573	-3427	-8.398
4574	-3426	-8.444
4575	-3425	-8.493
4576	-3424	-8.545
4577	-3423	-8.6
4578	-3422	-8.657
4579	-3421	-8.716
4580	-3420	-8.778
4581	-3419	-8.84
4582	-3418	-8.902
4583	-3417	-8.962
4584	-3416	-9.018
4585	-3415	-9.072
4586	-3414	-9.122
4587	-3413	-9.171
4588	-3412	-9.221
4589	-3411	-9.273
4590	-3410	-9.327
4591	-3409	-9.383
4592	-3408	-9.44
4593	-3407	-9.497
4594	-3406	-9.554
4595	-3405	-9.608
4596	-3404	-9.658
4597	-3403	-9.702
4598	-3402	-9.738
4599	-3401	-9.767
4600	-3400	-9.79
4601	-3399	-9.806
4602	-3398	-9.815
4603	-3397	-9.818
4604	-3396	-9.814
4605	-3395	-9.806
4606	-3394	-9.791
4607	-3393	-9.77
4608	-3392	-9.745
4609	-3391	-9.715
4610	-3390	-9.684
4611	-3389	-9.652
4612	-3388	-9.624
4613	-3387	-9.598
4614	-3386	-9.576
4615	-3385	-9.557
4616	-3384	-9.538
4617	-3383	-9.521
4618	-3382	-9.503
4619	-3381	-9.483
4620	-3380	-9.459
4621	-3379	-9.432
4622	-3378	-9.404
4623	-3377	-9.373
4624	-3376	-9.339
4625	-3375	-9.302
4626	-3374	-9.264
4627	-3373	-9.226
4628	-3372	-9.189
4629	-3371	-9.155
4630	-3370	-9.123
4631	-3369	-9.091
4632	-3368	-9.058
4633	-3367	-9.023
4634	-3366	-8.984
4635	-3365	-8.945
4636	-3364	-8.907
4637	-3363	-8.872
4638	-3362	-8.842
4639	-3361	-8.817
4640	-3360	-8.797
4641	-3359	-8.783
4642	-3358	-8.773
4643	-3357	-8.765
4644	-3356	-8.758
4645	-3355	-8.752
4646	-3354	-8.748
4647	-3353	-8.749
4648	-3352	-8.752
4649	-3351	-8.758
4650	-3350	-8.764
4651	-3349	-8.771
4652	-3348	-8.777
4653	-3347	-8.779
4654	-3346	-8.777
4655	-3345	-8.772
4656	-3344	-8.764
4657	-3343	-8.753
4658	-3342	-8.74
4659	-3341	-8.727
4660	-3340	-8.714
4661	-3339	-8.701
4662	-3338	-8.687
4663	-3337	-8.672
4664	-3336	-8.655
4665	-3335	-8.638
4666	-3334	-8.62
4667	-3333	-8.599
4668	-3332	-8.577
4669	-3331	-8.553
4670	-3330	-8.526
4671	-3329	-8.497
4672	-3328	-8.468
4673	-3327	-8.439
4674	-3326	-8.412
4675	-3325	-8.386
4676	-3324	-8.36
4677	-3323	-8.334
4678	-3322	-8.307
4679	-3321	-8.279
4680	-3320	-8.249
4681	-3319	-8.215
4682	-3318	-8.179
4683	-3317	-8.141
4684	-3316	-8.104
4685	-3315	-8.067
4686	-3314	-8.031
4687	-3313	-7.995
4688	-3312	-7.958
4689	-3311	-7.919
4690	-3310	-7.875
4691	-3309	-7.829
4692	-3308	-7.78
4693	-3307	-7.727
4694	-3306	-7.673
4695	-3305	-7.62
4696	-3304	-7.567
4697	-3303	-7.516
4698	-3302	-7.466
4699	-3301	-7.417
4700	-3300	-7.371
4701	-3299	-7.327
4702	-3298	-7.285
4703	-3297	-7.245
4704	-3296	-7.204
4705	-3295	-7.164
4706	-3294	-7.124
4707	-3293	-7.081
4708	-3292	-7.036
4709	-3291	-6.988
4710	-3290	-6.941
4711	-3289	-6.894
4712	-3288	-6.849
4713	-3287	-6.808
4714	-3286	-6.772
4715	-3285	-6.739
4716	-3284	-6.707
4717	-3283	-6.676
4718	-3282	-6.645
4719	-3281	-6.614
4720	-3280	-6.581
4721	-3279	-6.547
4722	-3278	-6.513
4723	-3277	-6.479
4724	-3276	-6.444
4725	-3275	-6.408
4726	-3274	-6.373
4727	-3273	-6.337
4728	-3272	-6.298
4729	-3271	-6.258
4730	-3270	-6.217
4731	-3269	-6.178
4732	-3268	-6.142
4733	-3267	-6.109
4734	-3266	-6.079
4735	-3265	-6.049
4736	-3264	-6.019
4737	-3263	-5.989
4738	-3262	-5.957
4739	-3261	-5.924
4740	-3260	-5.89
4741	-3259	-5.854
4742	-3258	-5.818
4743	-3257	-5.781
4744	-3256	-5.746
4745	-3255	-5.712
4746	-3254	-5.68
4747	-3253	-5.649
4748	-3252	-5.623
4749	-3251	-5.601
4750	-3250	-5.583
4751	-3249	-5.567
4752	-3248	-5.552
4753	-3247	-5.536
4754	-3246	-5.518
4755	-3245	-5.499
4756	-3244	-5.479
4757	-3243	-5.459
4758	-3242	-5.438
4759	-3241	-5.418
4760	-3240	-5.397
4761	-3239	-5.376
4762	-3238	-5.354
4763	-3237	-5.334
4764	-3236	-5.315
4765	-3235	-5.298
4766	-3234	-5.283
4767	-3233	-5.27
4768	-3232	-5.259
4769	-3231	-5.252
4770	-3230	-5.247
4771	-3229	-5.242
4772	-3228	-5.238
4773	-3227	-5.235
4774	-3226	-5.234
4775	-3225	-5.236
4776	-3224	-5.239
4777	-3223	-5.242
4778	-3222	-5.246
4779	-3221	-5.253
4780	-3220	-5.264
4781	-3219	-5.28
4782	-3218	-5.301
4783	-3217	-5.325
4784	-3216	-5.354
4785	-3215	-5.386
4786	-3214	-5.419
4787	-3213	-5.455
4788	-3212	-5.49
4789	-3211	-5.526
4790	-3210	-5.561
4791	-3209	-5.595
4792	-3208	-5.629
4793	-3207	-5.663
4794	-3206	-5.696
4795	-3205	-5.728
4796	-3204	-5.758
4797	-3203	-5.786
4798	-3202	-5.811
4799	-3201	-5.836
4800	-3200	-5.86
4801	-3199	-5.884
4802	-3198	-5.909
4803	-3197	-5.934
4804	-3196	-5.959
4805	-3195	-5.982
4806	-3194	-6.003
4807	-3193	-6.021
4808	-3192	-6.038
4809	-3191	-6.055
4810	-3190	-6.071
4811	-3189	-6.087
4812	-3188	-6.105
4813	-3187	-6.123
4814	-3186	-6.14
4815	-3185	-6.155
4816	-3184	-6.169
4817	-3183	-6.182
4818	-3182	-6.194
4819	-3181	-6.204
4820	-3180	-6.211
4821	-3179	-6.214
4822	-3178	-6.211
4823	-3177	-6.202
4824	-3176	-6.189
4825	-3175	-6.172
4826	-3174	-6.151
4827	-3173	-6.13
4828	-3172	-6.11
4829	-3171	-6.092
4830	-3170	-6.075
4831	-3169	-6.06
4832	-3168	-6.045
4833	-3167	-6.032
4834	-3166	-6.021
4835	-3165	-6.013
4836	-3164	-6.01
4837	-3163	-6.01
4838	-3162	-6.013
4839	-3161	-6.017
4840	-3160	-6.024
4841	-3159	-6.032
4842	-3158	-6.04
4843	-3157	-6.048
4844	-3156	-6.055
4845	-3155	-6.062
4846	-3154	-6.069
4847	-3153	-6.076
4848	-3152	-6.083
4849	-3151	-6.091
4850	-3150	-6.098
4851	-3149	-6.106
4852	-3148	-6.113
4853	-3147	-6.121
4854	-3146	-6.128
4855	-3145	-6.136
4856	-3144	-6.144
4857	-3143	-6.153
4858	-3142	-6.162
4859	-3141	-6.172
4860	-3140	-6.184
4861	-3139	-6.197
4862	-3138	-6.212
4863	-3137	-6.227
4864	-3136	-6.244
4865	-3135	-6.262
4866	-3134	-6.28
4867	-3133	-6.296
4868	-3132	-6.31
4869	-3131	-6.321
4870	-3130	-6.33
4871	-3129	-6.336
4872	-3128	-6.339
4873	-3127	-6.34
4874	-3126	-6.338
4875	-3125	-6.334
4876	-3124	-6.328
4877	-3123	-6.321
4878	-3122	-6.312
4879	-3121	-6.303
4880	-3120	-6.292
4881	-3119	-6.282
4882	-3118	-6.272
4883	-3117	-6.264
4884	-3116	-6.256
4885	-3115	-6.247
4886	-3114	-6.236
4887	-3113	-6.22
4888	-3112	-6.202
4889	-3111	-6.183
4890	-3110	-6.163
4891	-3109	-6.143
4892	-3108	-6.122
4893	-3107	-6.1
4894	-3106	-6.077
4895	-3105	-6.052
4896	-3104	-6.025
4897	-3103	-5.997
4898	-3102	-5.971
4899	-3101	-5.947
4900	-3100	-5.924
4901	-3099	-5.901
4902	-3098	-5.879
4903	-3097	-5.857
4904	-3096	-5.834
4905	-3095	-5.81
4906	-3094	-5.785
4907	-3093	-5.76
4908	-3092	-5.736
4909	-3091	-5.712
4910	-3090	-5.691
4911	-3089	-5.672
4912	-3088	-5.656
4913	-3087	-5.642
4914	-3086	-5.629
4915	-3085	-5.617
4916	-3084	-5.603
4917	-3083	-5.589
4918	-3082	-5.575
4919	-3081	-5.561
4920	-3080	-5.546
4921	-3079	-5.533
4922	-3078	-5.52
4923	-3077	-5.509
4924	-3076	-5.499
4925	-3075	-5.49
4926	-3074	-5.482
4927	-3073	-5.475
4928	-3072	-5.471
4929	-3071	-5.468
4930	-3070	-5.47
4931	-3069	-5.474
4932	-3068	-5.48
4933	-3067	-5.487
4934	-3066	-5.492
4935	-3065	-5.497
4936	-3064	-5.499
4937	-3063	-5.5
4938	-3062	-5.5
4939	-3061	-5.499
4940	-3060	-5.497
4941	-3059	-5.492
4942	-3058	-5.487
4943	-3057	-5.482
4944	-3056	-5.477
4945	-3055	-5.472
4946	-3054	-5.468
4947	-3053	-5.465
4948	-3052	-5.462
4949	-3051	-5.461
4950	-3050	-5.46
4951	-3049	-5.458
4952	-3048	-5.457
4953	-3047	-5.456
4954	-3046	-5.455
4955	-3045	-5.454
4956	-3044	-5.454
4957	-3043	-5.453
4958	-3042	-5.451
4959	-3041	-5.448
4960	-3040	-5.445
4961	-3039	-5.44
4962	-3038	-5.433
4963	-3037	-5.426
4964	-3036	-5.418
4965	-3035	-5.409
4966	-3034	-5.401
4967	-3033	-5.393
4968	-3032	-5.385
4969	-3031	-5.377
4970	-3030	-5.368
4971	-3029	-5.358
4972	-3028	-5.347
4973	-3027	-5.336
4974	-3026	-5.322
4975	-3025	-5.307
4976	-3024	-5.291
4977	-3023	-5.274
4978	-3022	-5.258
4979	-3021	-5.243
4980	-3020	-5.23
4981	-3019	-5.216
4982	-3018	-5.203
4983	-3017	-5.189
4984	-3016	-5.174
4985	-3015	-5.158
4986	-3014	-5.141
4987	-3013	-5.122
4988	-3012	-5.101
4989	-3011	-5.077
4990	-3010	-5.053
4991	-3009	-5.028
4992	-3008	-5.002
4993	-3007	-4.977
4994	-3006	-4.952
4995	-3005	-4.928
4996	-3004	-4.904
4997	-3003	-4.881
4998	-3002	-4.857
4999	-3001	-4.834
5000	-3000	-4.81
5001	-2999	-4.785
5002	-2998	-4.759
5003	-2997	-4.729
5004	-2996	-4.696
5005	-2995	-4.66
5006	-2994	-4.624
5007	-2993	-4.587
5008	-2992	-4.552
5009	-2991	-4.519
5010	-2990	-4.488
5011	-2989	-4.459
5012	-2988	-4.433
5013	-2987	-4.411
5014	-2986	-4.39
5015	-2985	-4.371
5016	-2984	-4.355
5017	-2983	-4.343
5018	-2982	-4.334
5019	-2981	-4.328
5020	-2980	-4.325
5021	-2979	-4.323
5022	-2978	-4.32
5023	-2977	-4.317
5024	-2976	-4.314
5025	-2975	-4.313
5026	-2974	-4.314
5027	-2973	-4.318
5028	-2972	-4.326
5029	-2971	-4.338
5030	-2970	-4.353
5031	-2969	-4.37
5032	-2968	-4.388
5033	-2967	-4.407
5034	-2966	-4.425
5035	-2965	-4.44
5036	-2964	-4.452
5037	-2963	-4.46
5038	-2962	-4.466
5039	-2961	-4.469
5040	-2960	-4.471
5041	-2959	-4.471
5042	-2958	-4.47
5043	-2957	-4.467
5044	-2956	-4.461
5045	-2955	-4.453
5046	-2954	-4.443
5047	-2953	-4.431
5048	-2952	-4.418
5049	-2951	-4.406
5050	-2950	-4.392
5051	-2949	-4.378
5052	-2948	-4.362
5053	-2947	-4.346
5054	-2946	-4.33
5055	-2945	-4.316
5056	-2944	-4.306
5057	-2943	-4.299
5058	-2942	-4.296
5059	-2941	-4.297
5060	-2940	-4.302
5061	-2939	-4.312
5062	-2938	-4.327
5063	-2937	-4.345
5064	-2936	-4.366
5065	-2935	-4.388
5066	-2934	-4.411
5067	-2933	-4.434
5068	-2932	-4.458
5069	-2931	-4.481
5070	-2930	-4.504
5071	-2929	-4.527
5072	-2928	-4.549
5073	-2927	-4.57
5074	-2926	-4.589
5075	-2925	-4.606
5076	-2924	-4.622
5077	-2923	-4.635
5078	-2922	-4.647
5079	-2921	-4.659
5080	-2920	-4.672
5081	-2919	-4.687
5082	-2918	-4.705
5083	-2917	-4.725
5084	-2916	-4.748
5085	-2915	-4.773
5086	-2914	-4.799
5087	-2913	-4.827
5088	-2912	-4.856
5089	-2911	-4.885
5090	-2910	-4.916
5091	-2909	-4.95
5092	-2908	-4.983
5093	-2907	-5.015
5094	-2906	-5.046
5095	-2905	-5.075
5096	-2904	-5.103
5097	-2903	-5.128
5098	-2902	-5.151
5099	-2901	-5.172
5100	-2900	-5.189
5101	-2899	-5.201
5102	-2898	-5.208
5103	-2897	-5.21
5104	-2896	-5.207
5105	-2895	-5.202
5106	-2894	-5.195
5107	-2893	-5.185
5108	-2892	-5.173
5109	-2891	-5.161
5110	-2890	-5.148
5111	-2889	-5.134
5112	-2888	-5.12
5113	-2887	-5.106
5114	-2886	-5.095
5115	-2885	-5.088
5116	-2884	-5.085
5117	-2883	-5.085
5118	-2882	-5.087
5119	-2881	-5.09
5120	-2880	-5.093
5121	-2879	-5.095
5122	-2878	-5.094
5123	-2877	-5.092
5124	-2876	-5.087
5125	-2875	-5.082
5126	-2874	-5.077
5127	-2873	-5.072
5128	-2872	-5.065
5129	-2871	-5.058
5130	-2870	-5.05
5131	-2869	-5.04
5132	-2868	-5.028
5133	-2867	-5.013
5134	-2866	-4.997
5135	-2865	-4.98
5136	-2864	-4.963
5137	-2863	-4.947
5138	-2862	-4.931
5139	-2861	-4.916
5140	-2860	-4.898
5141	-2859	-4.879
5142	-2858	-4.859
5143	-2857	-4.839
5144	-2856	-4.819
5145	-2855	-4.801
5146	-2854	-4.784
5147	-2853	-4.765
5148	-2852	-4.745
5149	-2851	-4.724
5150	-2850	-4.703
5151	-2849	-4.682
5152	-2848	-4.66
5153	-2847	-4.638
5154	-2846	-4.615
5155	-2845	-4.591
5156	-2844	-4.566
5157	-2843	-4.538
5158	-2842	-4.508
5159	-2841	-4.477
5160	-2840	-4.446
5161	-2839	-4.414
5162	-2838	-4.384
5163	-2837	-4.355
5164	-2836	-4.324
5165	-2835	-4.292
5166	-2834	-4.258
5167	-2833	-4.224
5168	-2832	-4.188
5169	-2831	-4.151
5170	-2830	-4.115
5171	-2829	-4.081
5172	-2828	-4.05
5173	-2827	-4.021
5174	-2826	-3.994
5175	-2825	-3.97
5176	-2824	-3.946
5177	-2823	-3.922
5178	-2822	-3.9
5179	-2821	-3.878
5180	-2820	-3.857
5181	-2819	-3.835
5182	-2818	-3.812
5183	-2817	-3.791
5184	-2816	-3.769
5185	-2815	-3.748
5186	-2814	-3.727
5187	-2813	-3.705
5188	-2812	-3.683
5189	-2811	-3.66
5190	-2810	-3.637
5191	-2809	-3.612
5192	-2808	-3.585
5193	-2807	-3.558
5194	-2806	-3.53
5195	-2805	-3.502
5196	-2804	-3.474
5197	-2803	-3.445
5198	-2802	-3.416
5199	-2801	-3.385
5200	-2800	-3.352
5201	-2799	-3.315
5202	-2798	-3.276
5203	-2797	-3.237
5204	-2796	-3.199
5205	-2795	-3.161
5206	-2794	-3.124
5207	-2793	-3.085
5208	-2792	-3.044
5209	-2791	-3.003
5210	-2790	-2.963
5211	-2789	-2.925
5212	-2788	-2.89
5213	-2787	-2.858
5214	-2786	-2.827
5215	-2785	-2.794
5216	-2784	-2.759
5217	-2783	-2.722
5218	-2782	-2.682
5219	-2781	-2.641
5220	-2780	-2.598
5221	-2779	-2.555
5222	-2778	-2.513
5223	-2777	-2.472
5224	-2776	-2.43
5225	-2775	-2.389
5226	-2774	-2.35
5227	-2773	-2.313
5228	-2772	-2.275
5229	-2771	-2.235
5230	-2770	-2.192
5231	-2769	-2.147
5232	-2768	-2.102
5233	-2767	-2.057
5234	-2766	-2.014
5235	-2765	-1.972
5236	-2764	-1.93
5237	-2763	-1.889
5238	-2762	-1.847
5239	-2761	-1.808
5240	-2760	-1.77
5241	-2759	-1.736
5242	-2758	-1.707
5243	-2757	-1.684
5244	-2756	-1.664
5245	-2755	-1.648
5246	-2754	-1.638
5247	-2753	-1.632
5248	-2752	-1.631
5249	-2751	-1.633
5250	-2750	-1.639
5251	-2749	-1.648
5252	-2748	-1.659
5253	-2747	-1.671
5254	-2746	-1.681
5255	-2745	-1.691
5256	-2744	-1.697
5257	-2743	-1.701
5258	-2742	-1.702
5259	-2741	-1.698
5260	-2740	-1.688
5261	-2739	-1.674
5262	-2738	-1.656
5263	-2737	-1.635
5264	-2736	-1.612
5265	-2735	-1.586
5266	-2734	-1.56
5267	-2733	-1.535
5268	-2732	-1.512
5269	-2731	-1.493
5270	-2730	-1.478
5271	-2729	-1.468
5272	-2728	-1.462
5273	-2727	-1.459
5274	-2726	-1.457
5275	-2725	-1.458
5276	-2724	-1.46
5277	-2723	-1.464
5278	-2722	-1.471
5279	-2721	-1.477
5280	-2720	-1.483
5281	-2719	-1.488
5282	-2718	-1.493
5283	-2717	-1.498
5284	-2716	-1.501
5285	-2715	-1.503
5286	-2714	-1.504
5287	-2713	-1.505
5288	-2712	-1.503
5289	-2711	-1.5
5290	-2710	-1.495
5291	-2709	-1.491
5292	-2708	-1.488
5293	-2707	-1.484
5294	-2706	-1.477
5295	-2705	-1.467
5296	-2704	-1.455
5297	-2703	-1.44
5298	-2702	-1.424
5299	-2701	-1.406
5300	-2700	-1.385
5301	-2699	-1.362
5302	-2698	-1.337
5303	-2697	-1.311
5304	-2696	-1.284
5305	-2695	-1.257
5306	-2694	-1.229
5307	-2693	-1.199
5308	-2692	-1.166
5309	-2691	-1.132
5310	-2690	-1.097
5311	-2689	-1.061
5312	-2688	-1.026
5313	-2687	-0.991
5314	-2686	-0.959
5315	-2685	-0.927
5316	-2684	-0.897
5317	-2683	-0.867
5318	-2682	-0.835
5319	-2681	-0.803
5320	-2680	-0.769
5321	-2679	-0.738
5322	-2678	-0.71
5323	-2677	-0.684
5324	-2676	-0.659
5325	-2675	-0.635
5326	-2674	-0.611
5327	-2673	-0.588
5328	-2672	-0.564
5329	-2671	-0.54
5330	-2670	-0.513
5331	-2669	-0.484
5332	-2668	-0.454
5333	-2667	-0.422
5334	-2666	-0.387
5335	-2665	-0.348
5336	-2664	-0.307
5337	-2663	-0.264
5338	-2662	-0.218
5339	-2661	-0.17
5340	-2660	-0.121
5341	-2659	-0.07
5342	-2658	-0.02
5343	-2657	0.031
5344	-2656	0.083
5345	-2655	0.134
5346	-2654	0.186
5347	-2653	0.238
5348	-2652	0.289
5349	-2651	0.339
5350	-2650	0.39
5351	-2649	0.443
5352	-2648	0.496
5353	-2647	0.55
5354	-2646	0.605
5355	-2645	0.661
5356	-2644	0.716
5357	-2643	0.77
5358	-2642	0.823
5359	-2641	0.874
5360	-2640	0.925
5361	-2639	0.977
5362	-2638	1.029
5363	-2637	1.081
5364	-2636	1.131
5365	-2635	1.18
5366	-2634	1.228
5367	-2633	1.272
5368	-2632	1.312
5369	-2631	1.348
5370	-2630	1.382
5371	-2629	1.412
5372	-2628	1.438
5373	-2627	1.459
5374	-2626	1.477
5375	-2625	1.491
5376	-2624	1.502
5377	-2623	1.509
5378	-2622	1.513
5379	-2621	1.513
5380	-2620	1.512
5381	-2619	1.51
5382	-2618	1.508
5383	-2617	1.508
5384	-2616	1.509
5385	-2615	1.513
5386	-2614	1.521
5387	-2613	1.533
5388	-2612	1.55
5389	-2611	1.569
5390	-2610	1.587
5391	-2609	1.603
5392	-2608	1.618
5393	-2607	1.631
5394	-2606	1.642
5395	-2605	1.652
5396	-2604	1.663
5397	-2603	1.674
5398	-2602	1.685
5399	-2601	1.697
5400	-2600	1.71
5401	-2599	1.722
5402	-2598	1.734
5403	-2597	1.746
5404	-2596	1.758
5405	-2595	1.767
5406	-2594	1.773
5407	-2593	1.775
5408	-2592	1.771
5409	-2591	1.762
5410	-2590	1.751
5411	-2589	1.735
5412	-2588	1.715
5413	-2587	1.693
5414	-2586	1.67
5415	-2585	1.645
5416	-2584	1.619
5417	-2583	1.592
5418	-2582	1.565
5419	-2581	1.536
5420	-2580	1.506
5421	-2579	1.475
5422	-2578	1.442
5423	-2577	1.41
5424	-2576	1.376
5425	-2575	1.344
5426	-2574	1.312
5427	-2573	1.281
5428	-2572	1.25
5429	-2571	1.22
5430	-2570	1.19
5431	-2569	1.161
5432	-2568	1.13
5433	-2567	1.097
5434	-2566	1.064
5435	-2565	1.03
5436	-2564	0.996
5437	-2563	0.962
5438	-2562	0.928
5439	-2561	0.895
5440	-2560	0.863
5441	-2559	0.835
5442	-2558	0.808
5443	-2557	0.782
5444	-2556	0.755
5445	-2555	0.728
5446	-2554	0.699
5447	-2553	0.667
5448	-2552	0.632
5449	-2551	0.594
5450	-2550	0.552
5451	-2549	0.507
5452	-2548	0.459
5453	-2547	0.41
5454	-2546	0.36
5455	-2545	0.312
5456	-2544	0.267
5457	-2543	0.223
5458	-2542	0.18
5459	-2541	0.135
5460	-2540	0.089
5461	-2539	0.04
5462	-2538	-0.011
5463	-2537	-0.064
5464	-2536	-0.117
5465	-2535	-0.17
5466	-2534	-0.224
5467	-2533	-0.281
5468	-2532	-0.34
5469	-2531	-0.402
5470	-2530	-0.467
5471	-2529	-0.533
5472	-2528	-0.597
5473	-2527	-0.659
5474	-2526	-0.717
5475	-2525	-0.77
5476	-2524	-0.82
5477	-2523	-0.867
5478	-2522	-0.91
5479	-2521	-0.952
5480	-2520	-0.993
5481	-2519	-1.035
5482	-2518	-1.076
5483	-2517	-1.118
5484	-2516	-1.159
5485	-2515	-1.199
5486	-2514	-1.239
5487	-2513	-1.28
5488	-2512	-1.321
5489	-2511	-1.364
5490	-2510	-1.408
5491	-2509	-1.454
5492	-2508	-1.499
5493	-2507	-1.544
5494	-2506	-1.59
5495	-2505	-1.634
5496	-2504	-1.677
5497	-2503	-1.721
5498	-2502	-1.766
5499	-2501	-1.813
5500	-2500	-1.858
5501	-2499	-1.902
5502	-2498	-1.943
5503	-2497	-1.984
5504	-2496	-2.025
5505	-2495	-2.064
5506	-2494	-2.103
5507	-2493	-2.141
5508	-2492	-2.18
5509	-2491	-2.218
5510	-2490	-2.254
5511	-2489	-2.289
5512	-2488	-2.322
5513	-2487	-2.355
5514	-2486	-2.388
5515	-2485	-2.422
5516	-2484	-2.456
5517	-2483	-2.488
5518	-2482	-2.52
5519	-2481	-2.552
5520	-2480	-2.585
5521	-2479	-2.616
5522	-2478	-2.645
5523	-2477	-2.672
5524	-2476	-2.698
5525	-2475	-2.721
5526	-2474	-2.743
5527	-2473	-2.767
5528	-2472	-2.791
5529	-2471	-2.815
5530	-2470	-2.837
5531	-2469	-2.858
5532	-2468	-2.881
5533	-2467	-2.906
5534	-2466	-2.933
5535	-2465	-2.961
5536	-2464	-2.988
5537	-2463	-3.018
5538	-2462	-3.046
5539	-2461	-3.073
5540	-2460	-3.097
5541	-2459	-3.119
5542	-2458	-3.139
5543	-2457	-3.16
5544	-2456	-3.181
5545	-2455	-3.203
5546	-2454	-3.225
5547	-2453	-3.247
5548	-2452	-3.269
5549	-2451	-3.29
5550	-2450	-3.313
5551	-2449	-3.339
5552	-2448	-3.37
5553	-2447	-3.405
5554	-2446	-3.444
5555	-2445	-3.486
5556	-2444	-3.53
5557	-2443	-3.574
5558	-2442	-3.617
5559	-2441	-3.657
5560	-2440	-3.694
5561	-2439	-3.727
5562	-2438	-3.757
5563	-2437	-3.786
5564	-2436	-3.811
5565	-2435	-3.831
5566	-2434	-3.847
5567	-2433	-3.861
5568	-2432	-3.873
5569	-2431	-3.883
5570	-2430	-3.894
5571	-2429	-3.906
5572	-2428	-3.919
5573	-2427	-3.933
5574	-2426	-3.949
5575	-2425	-3.968
5576	-2424	-3.986
5577	-2423	-4.003
5578	-2422	-4.02
5579	-2421	-4.038
5580	-2420	-4.059
5581	-2419	-4.083
5582	-2418	-4.107
5583	-2417	-4.132
5584	-2416	-4.157
5585	-2415	-4.182
5586	-2414	-4.207
5587	-2413	-4.233
5588	-2412	-4.26
5589	-2411	-4.288
5590	-2410	-4.314
5591	-2409	-4.337
5592	-2408	-4.356
5593	-2407	-4.372
5594	-2406	-4.384
5595	-2405	-4.394
5596	-2404	-4.402
5597	-2403	-4.409
5598	-2402	-4.414
5599	-2401	-4.417
5600	-2400	-4.415
5601	-2399	-4.411
5602	-2398	-4.404
5603	-2397	-4.396
5604	-2396	-4.385
5605	-2395	-4.373
5606	-2394	-4.359
5607	-2393	-4.342
5608	-2392	-4.324
5609	-2391	-4.305
5610	-2390	-4.285
5611	-2389	-4.265
5612	-2388	-4.243
5613	-2387	-4.217
5614	-2386	-4.188
5615	-2385	-4.156
5616	-2384	-4.122
5617	-2383	-4.088
5618	-2382	-4.055
5619	-2381	-4.022
5620	-2380	-3.99
5621	-2379	-3.956
5622	-2378	-3.92
5623	-2377	-3.881
5624	-2376	-3.841
5625	-2375	-3.803
5626	-2374	-3.765
5627	-2373	-3.731
5628	-2372	-3.7
5629	-2371	-3.669
5630	-2370	-3.637
5631	-2369	-3.607
5632	-2368	-3.581
5633	-2367	-3.561
5634	-2366	-3.544
5635	-2365	-3.529
5636	-2364	-3.514
5637	-2363	-3.497
5638	-2362	-3.476
5639	-2361	-3.455
5640	-2360	-3.434
5641	-2359	-3.416
5642	-2358	-3.399
5643	-2357	-3.382
5644	-2356	-3.365
5645	-2355	-3.35
5646	-2354	-3.337
5647	-2353	-3.328
5648	-2352	-3.323
5649	-2351	-3.32
5650	-2350	-3.321
5651	-2349	-3.324
5652	-2348	-3.329
5653	-2347	-3.334
5654	-2346	-3.342
5655	-2345	-3.35
5656	-2344	-3.358
5657	-2343	-3.363
5658	-2342	-3.366
5659	-2341	-3.366
5660	-2340	-3.362
5661	-2339	-3.356
5662	-2338	-3.347
5663	-2337	-3.338
5664	-2336	-3.328
5665	-2335	-3.319
5666	-2334	-3.31
5667	-2333	-3.303
5668	-2332	-3.298
5669	-2331	-3.296
5670	-2330	-3.297
5671	-2329	-3.3
5672	-2328	-3.303
5673	-2327	-3.309
5674	-2326	-3.317
5675	-2325	-3.326
5676	-2324	-3.335
5677	-2323	-3.343
5678	-2322	-3.352
5679	-2321	-3.364
5680	-2320	-3.379
5681	-2319	-3.397
5682	-2318	-3.416
5683	-2317	-3.436
5684	-2316	-3.455
5685	-2315	-3.471
5686	-2314	-3.484
5687	-2313	-3.494
5688	-2312	-3.501
5689	-2311	-3.505
5690	-2310	-3.508
5691	-2309	-3.508
5692	-2308	-3.505
5693	-2307	-3.499
5694	-2306	-3.489
5695	-2305	-3.477
5696	-2304	-3.464
5697	-2303	-3.449
5698	-2302	-3.434
5699	-2301	-3.42
5700	-2300	-3.407
5701	-2299	-3.395
5702	-2298	-3.384
5703	-2297	-3.376
5704	-2296	-3.367
5705	-2295	-3.359
5706	-2294	-3.351
5707	-2293	-3.344
5708	-2292	-3.339
5709	-2291	-3.337
5710	-2290	-3.341
5711	-2289	-3.351
5712	-2288	-3.364
5713	-2287	-3.376
5714	-2286	-3.39
5715	-2285	-3.407
5716	-2284	-3.429
5717	-2283	-3.458
5718	-2282	-3.49
5719	-2281	-3.521
5720	-2280	-3.546
5721	-2279	-3.564
5722	-2278	-3.578
5723	-2277	-3.586
5724	-2276	-3.59
5725	-2275	-3.589
5726	-2274	-3.583
5727	-2273	-3.573
5728	-2272	-3.559
5729	-2271	-3.544
5730	-2270	-3.53
5731	-2269	-3.514
5732	-2268	-3.497
5733	-2267	-3.478
5734	-2266	-3.458
5735	-2265	-3.439
5736	-2264	-3.421
5737	-2263	-3.408
5738	-2262	-3.398
5739	-2261	-3.391
5740	-2260	-3.389
5741	-2259	-3.393
5742	-2258	-3.402
5743	-2257	-3.413
5744	-2256	-3.428
5745	-2255	-3.446
5746	-2254	-3.464
5747	-2253	-3.479
5748	-2252	-3.49
5749	-2251	-3.499
5750	-2250	-3.506
5751	-2249	-3.514
5752	-2248	-3.523
5753	-2247	-3.53
5754	-2246	-3.535
5755	-2245	-3.535
5756	-2244	-3.529
5757	-2243	-3.52
5758	-2242	-3.512
5759	-2241	-3.506
5760	-2240	-3.502
5761	-2239	-3.502
5762	-2238	-3.506
5763	-2237	-3.512
5764	-2236	-3.518
5765	-2235	-3.523
5766	-2234	-3.529
5767	-2233	-3.533
5768	-2232	-3.536
5769	-2231	-3.537
5770	-2230	-3.537
5771	-2229	-3.539
5772	-2228	-3.543
5773	-2227	-3.547
5774	-2226	-3.551
5775	-2225	-3.555
5776	-2224	-3.562
5777	-2223	-3.571
5778	-2222	-3.581
5779	-2221	-3.593
5780	-2220	-3.607
5781	-2219	-3.624
5782	-2218	-3.644
5783	-2217	-3.67
5784	-2216	-3.702
5785	-2215	-3.736
5786	-2214	-3.772
5787	-2213	-3.807
5788	-2212	-3.84
5789	-2211	-3.871
5790	-2210	-3.9
5791	-2209	-3.927
5792	-2208	-3.95
5793	-2207	-3.973
5794	-2206	-3.997
5795	-2205	-4.022
5796	-2204	-4.048
5797	-2203	-4.073
5798	-2202	-4.098
5799	-2201	-4.12
5800	-2200	-4.14
5801	-2199	-4.159
5802	-2198	-4.175
5803	-2197	-4.189
5804	-2196	-4.201
5805	-2195	-4.214
5806	-2194	-4.227
5807	-2193	-4.238
5808	-2192	-4.246
5809	-2191	-4.252
5810	-2190	-4.257
5811	-2189	-4.26
5812	-2188	-4.261
5813	-2187	-4.259
5814	-2186	-4.255
5815	-2185	-4.247
5816	-2184	-4.236
5817	-2183	-4.225
5818	-2182	-4.213
5819	-2181	-4.202
5820	-2180	-4.196
5821	-2179	-4.194
5822	-2178	-4.197
5823	-2177	-4.205
5824	-2176	-4.219
5825	-2175	-4.237
5826	-2174	-4.257
5827	-2173	-4.281
5828	-2172	-4.307
5829	-2171	-4.338
5830	-2170	-4.372
5831	-2169	-4.41
5832	-2168	-4.449
5833	-2167	-4.484
5834	-2166	-4.516
5835	-2165	-4.548
5836	-2164	-4.578
5837	-2163	-4.605
5838	-2162	-4.631
5839	-2161	-4.657
5840	-2160	-4.683
5841	-2159	-4.71
5842	-2158	-4.738
5843	-2157	-4.765
5844	-2156	-4.792
5845	-2155	-4.817
5846	-2154	-4.839
5847	-2153	-4.858
5848	-2152	-4.877
5849	-2151	-4.894
5850	-2150	-4.914
5851	-2149	-4.935
5852	-2148	-4.955
5853	-2147	-4.975
5854	-2146	-4.994
5855	-2145	-5.014
5856	-2144	-5.038
5857	-2143	-5.067
5858	-2142	-5.101
5859	-2141	-5.138
5860	-2140	-5.177
5861	-2139	-5.217
5862	-2138	-5.259
5863	-2137	-5.3
5864	-2136	-5.34
5865	-2135	-5.379
5866	-2134	-5.416
5867	-2133	-5.452
5868	-2132	-5.489
5869	-2131	-5.527
5870	-2130	-5.566
5871	-2129	-5.605
5872	-2128	-5.642
5873	-2127	-5.674
5874	-2126	-5.701
5875	-2125	-5.724
5876	-2124	-5.743
5877	-2123	-5.758
5878	-2122	-5.77
5879	-2121	-5.779
5880	-2120	-5.783
5881	-2119	-5.784
5882	-2118	-5.781
5883	-2117	-5.776
5884	-2116	-5.769
5885	-2115	-5.76
5886	-2114	-5.75
5887	-2113	-5.739
5888	-2112	-5.729
5889	-2111	-5.722
5890	-2110	-5.718
5891	-2109	-5.719
5892	-2108	-5.724
5893	-2107	-5.735
5894	-2106	-5.756
5895	-2105	-5.783
5896	-2104	-5.815
5897	-2103	-5.85
5898	-2102	-5.885
5899	-2101	-5.921
5900	-2100	-5.958
5901	-2099	-5.997
5902	-2098	-6.039
5903	-2097	-6.083
5904	-2096	-6.129
5905	-2095	-6.177
5906	-2094	-6.224
5907	-2093	-6.27
5908	-2092	-6.317
5909	-2091	-6.365
5910	-2090	-6.416
5911	-2089	-6.468
5912	-2088	-6.523
5913	-2087	-6.58
5914	-2086	-6.638
5915	-2085	-6.697
5916	-2084	-6.756
5917	-2083	-6.815
5918	-2082	-6.874
5919	-2081	-6.929
5920	-2080	-6.981
5921	-2079	-7.029
5922	-2078	-7.071
5923	-2077	-7.108
5924	-2076	-7.137
5925	-2075	-7.159
5926	-2074	-7.176
5927	-2073	-7.187
5928	-2072	-7.193
5929	-2071	-7.193
5930	-2070	-7.185
5931	-2069	-7.169
5932	-2068	-7.147
5933	-2067	-7.117
5934	-2066	-7.084
5935	-2065	-7.047
5936	-2064	-7.008
5937	-2063	-6.966
5938	-2062	-6.922
5939	-2061	-6.876
5940	-2060	-6.833
5941	-2059	-6.793
5942	-2058	-6.756
5943	-2057	-6.72
5944	-2056	-6.683
5945	-2055	-6.646
5946	-2054	-6.608
5947	-2053	-6.57
5948	-2052	-6.531
5949	-2051	-6.489
5950	-2050	-6.447
5951	-2049	-6.407
5952	-2048	-6.369
5953	-2047	-6.332
5954	-2046	-6.298
5955	-2045	-6.266
5956	-2044	-6.237
5957	-2043	-6.21
5958	-2042	-6.184
5959	-2041	-6.159
5960	-2040	-6.134
5961	-2039	-6.11
5962	-2038	-6.087
5963	-2037	-6.064
5964	-2036	-6.041
5965	-2035	-6.021
5966	-2034	-6.005
5967	-2033	-5.99
5968	-2032	-5.974
5969	-2031	-5.959
5970	-2030	-5.947
5971	-2029	-5.94
5972	-2028	-5.938
5973	-2027	-5.943
5974	-2026	-5.952
5975	-2025	-5.963
5976	-2024	-5.975
5977	-2023	-5.99
5978	-2022	-6.008
5979	-2021	-6.027
5980	-2020	-6.047
5981	-2019	-6.067
5982	-2018	-6.086
5983	-2017	-6.104
5984	-2016	-6.12
5985	-2015	-6.135
5986	-2014	-6.152
5987	-2013	-6.168
5988	-2012	-6.185
5989	-2011	-6.206
5990	-2010	-6.229
5991	-2009	-6.255
5992	-2008	-6.284
5993	-2007	-6.315
5994	-2006	-6.348
5995	-2005	-6.381
5996	-2004	-6.414
5997	-2003	-6.447
5998	-2002	-6.479
5999	-2001	-6.512
6000	-2000	-6.548
6001	-1999	-6.585
6002	-1998	-6.623
6003	-1997	-6.659
6004	-1996	-6.692
6005	-1995	-6.723
6006	-1994	-6.751
6007	-1993	-6.776
6008	-1992	-6.798
6009	-1991	-6.816
6010	-1990	-6.834
6011	-1989	-6.849
6012	-1988	-6.863
6013	-1987	-6.876
6014	-1986	-6.89
6015	-1985	-6.904
6016	-1984	-6.914
6017	-1983	-6.919
6018	-1982	-6.92
6019	-1981	-6.917
6020	-1980	-6.908
6021	-1979	-6.897
6022	-1978	-6.885
6023	-1977	-6.874
6024	-1976	-6.866
6025	-1975	-6.861
6026	-1974	-6.86
6027	-1973	-6.861
6028	-1972	-6.864
6029	-1971	-6.87
6030	-1970	-6.88
6031	-1969	-6.891
6032	-1968	-6.904
6033	-1967	-6.916
6034	-1966	-6.93
6035	-1965	-6.945
6036	-1964	-6.96
6037	-1963	-6.974
6038	-1962	-6.987
6039	-1961	-6.998
6040	-1960	-7.009
6041	-1959	-7.018
6042	-1958	-7.027
6043	-1957	-7.037
6044	-1956	-7.049
6045	-1955	-7.061
6046	-1954	-7.072
6047	-1953	-7.082
6048	-1952	-7.091
6049	-1951	-7.1
6050	-1950	-7.109
6051	-1949	-7.119
6052	-1948	-7.13
6053	-1947	-7.141
6054	-1946	-7.153
6055	-1945	-7.165
6056	-1944	-7.178
6057	-1943	-7.193
6058	-1942	-7.207
6059	-1941	-7.222
6060	-1940	-7.234
6061	-1939	-7.244
6062	-1938	-7.253
6063	-1937	-7.262
6064	-1936	-7.271
6065	-1935	-7.282
6066	-1934	-7.295
6067	-1933	-7.309
6068	-1932	-7.325
6069	-1931	-7.342
6070	-1930	-7.361
6071	-1929	-7.38
6072	-1928	-7.401
6073	-1927	-7.425
6074	-1926	-7.453
6075	-1925	-7.485
6076	-1924	-7.521
6077	-1923	-7.56
6078	-1922	-7.601
6079	-1921	-7.642
6080	-1920	-7.683
6081	-1919	-7.722
6082	-1918	-7.76
6083	-1917	-7.796
6084	-1916	-7.831
6085	-1915	-7.862
6086	-1914	-7.89
6087	-1913	-7.917
6088	-1912	-7.942
6089	-1911	-7.964
6090	-1910	-7.984
6091	-1909	-8.004
6092	-1908	-8.021
6093	-1907	-8.037
6094	-1906	-8.053
6095	-1905	-8.069
6096	-1904	-8.086
6097	-1903	-8.105
6098	-1902	-8.123
6099	-1901	-8.139
6100	-1900	-8.154
6101	-1899	-8.171
6102	-1898	-8.188
6103	-1897	-8.208
6104	-1896	-8.23
6105	-1895	-8.253
6106	-1894	-8.278
6107	-1893	-8.305
6108	-1892	-8.335
6109	-1891	-8.366
6110	-1890	-8.395
6111	-1889	-8.423
6112	-1888	-8.451
6113	-1887	-8.476
6114	-1886	-8.501
6115	-1885	-8.523
6116	-1884	-8.542
6117	-1883	-8.559
6118	-1882	-8.574
6119	-1881	-8.588
6120	-1880	-8.6
6121	-1879	-8.614
6122	-1878	-8.628
6123	-1877	-8.644
6124	-1876	-8.66
6125	-1875	-8.677
6126	-1874	-8.694
6127	-1873	-8.711
6128	-1872	-8.728
6129	-1871	-8.744
6130	-1870	-8.759
6131	-1869	-8.771
6132	-1868	-8.784
6133	-1867	-8.798
6134	-1866	-8.814
6135	-1865	-8.833
6136	-1864	-8.855
6137	-1863	-8.879
6138	-1862	-8.904
6139	-1861	-8.932
6140	-1860	-8.959
6141	-1859	-8.984
6142	-1858	-9.007
6143	-1857	-9.031
6144	-1856	-9.057
6145	-1855	-9.085
6146	-1854	-9.111
6147	-1853	-9.136
6148	-1852	-9.158
6149	-1851	-9.18
6150	-1850	-9.202
6151	-1849	-9.225
6152	-1848	-9.249
6153	-1847	-9.277
6154	-1846	-9.306
6155	-1845	-9.335
6156	-1844	-9.365
6157	-1843	-9.395
6158	-1842	-9.426
6159	-1841	-9.459
6160	-1840	-9.494
6161	-1839	-9.532
6162	-1838	-9.572
6163	-1837	-9.613
6164	-1836	-9.653
6165	-1835	-9.691
6166	-1834	-9.727
6167	-1833	-9.763
6168	-1832	-9.799
6169	-1831	-9.833
6170	-1830	-9.867
6171	-1829	-9.9
6172	-1828	-9.934
6173	-1827	-9.969
6174	-1826	-10.004
6175	-1825	-10.037
6176	-1824	-10.069
6177	-1823	-10.103
6178	-1822	-10.138
6179	-1821	-10.176
6180	-1820	-10.215
6181	-1819	-10.258
6182	-1818	-10.302
6183	-1817	-10.349
6184	-1816	-10.397
6185	-1815	-10.446
6186	-1814	-10.493
6187	-1813	-10.54
6188	-1812	-10.584
6189	-1811	-10.624
6190	-1810	-10.661
6191	-1809	-10.696
6192	-1808	-10.728
6193	-1807	-10.756
6194	-1806	-10.782
6195	-1805	-10.806
6196	-1804	-10.828
6197	-1803	-10.848
6198	-1802	-10.866
6199	-1801	-10.882
6200	-1800	-10.897
6201	-1799	-10.91
6202	-1798	-10.922
6203	-1797	-10.933
6204	-1796	-10.945
6205	-1795	-10.957
6206	-1794	-10.968
6207	-1793	-10.98
6208	-1792	-10.992
6209	-1791	-11.006
6210	-1790	-11.022
6211	-1789	-11.04
6212	-1788	-11.062
6213	-1787	-11.087
6214	-1786	-11.114
6215	-1785	-11.142
6216	-1784	-11.171
6217	-1783	-11.199
6218	-1782	-11.226
6219	-1781	-11.253
6220	-1780	-11.279
6221	-1779	-11.307
6222	-1778	-11.335
6223	-1777	-11.363
6224	-1776	-11.39
6225	-1775	-11.417
6226	-1774	-11.444
6227	-1773	-11.47
6228	-1772	-11.495
6229	-1771	-11.518
6230	-1770	-11.54
6231	-1769	-11.561
6232	-1768	-11.582
6233	-1767	-11.604
6234	-1766	-11.626
6235	-1765	-11.65
6236	-1764	-11.676
6237	-1763	-11.704
6238	-1762	-11.734
6239	-1761	-11.766
6240	-1760	-11.798
6241	-1759	-11.83
6242	-1758	-11.859
6243	-1757	-11.885
6244	-1756	-11.907
6245	-1755	-11.927
6246	-1754	-11.943
6247	-1753	-11.959
6248	-1752	-11.972
6249	-1751	-11.985
6250	-1750	-11.997
6251	-1749	-12.008
6252	-1748	-12.018
6253	-1747	-12.028
6254	-1746	-12.037
6255	-1745	-12.048
6256	-1744	-12.059
6257	-1743	-12.071
6258	-1742	-12.084
6259	-1741	-12.097
6260	-1740	-12.11
6261	-1739	-12.122
6262	-1738	-12.133
6263	-1737	-12.144
6264	-1736	-12.154
6265	-1735	-12.163
6266	-1734	-12.172
6267	-1733	-12.179
6268	-1732	-12.186
6269	-1731	-12.191
6270	-1730	-12.197
6271	-1729	-12.203
6272	-1728	-12.211
6273	-1727	-12.218
6274	-1726	-12.225
6275	-1725	-12.233
6276	-1724	-12.24
6277	-1723	-12.246
6278	-1722	-12.252
6279	-1721	-12.255
6280	-1720	-12.258
6281	-1719	-12.258
6282	-1718	-12.258
6283	-1717	-12.256
6284	-1716	-12.252
6285	-1715	-12.246
6286	-1714	-12.238
6287	-1713	-12.227
6288	-1712	-12.213
6289	-1711	-12.198
6290	-1710	-12.181
6291	-1709	-12.163
6292	-1708	-12.145
6293	-1707	-12.127
6294	-1706	-12.109
6295	-1705	-12.091
6296	-1704	-12.075
6297	-1703	-12.06
6298	-1702	-12.048
6299	-1701	-12.037
6300	-1700	-12.028
6301	-1699	-12.02
6302	-1698	-12.014
6303	-1697	-12.009
6304	-1696	-12.005
6305	-1695	-12.001
6306	-1694	-11.999
6307	-1693	-11.997
6308	-1692	-11.995
6309	-1691	-11.993
6310	-1690	-11.991
6311	-1689	-11.99
6312	-1688	-11.99
6313	-1687	-11.99
6314	-1686	-11.992
6315	-1685	-11.994
6316	-1684	-11.997
6317	-1683	-12.003
6318	-1682	-12.01
6319	-1681	-12.017
6320	-1680	-12.024
6321	-1679	-12.031
6322	-1678	-12.036
6323	-1677	-12.039
6324	-1676	-12.04
6325	-1675	-12.04
6326	-1674	-12.039
6327	-1673	-12.037
6328	-1672	-12.036
6329	-1671	-12.035
6330	-1670	-12.035
6331	-1669	-12.037
6332	-1668	-12.042
6333	-1667	-12.05
6334	-1666	-12.061
6335	-1665	-12.074
6336	-1664	-12.089
6337	-1663	-12.105
6338	-1662	-12.121
6339	-1661	-12.137
6340	-1660	-12.151
6341	-1659	-12.163
6342	-1658	-12.175
6343	-1657	-12.186
6344	-1656	-12.197
6345	-1655	-12.21
6346	-1654	-12.224
6347	-1653	-12.239
6348	-1652	-12.257
6349	-1651	-12.276
6350	-1650	-12.297
6351	-1649	-12.321
6352	-1648	-12.346
6353	-1647	-12.373
6354	-1646	-12.402
6355	-1645	-12.431
6356	-1644	-12.461
6357	-1643	-12.491
6358	-1642	-12.522
6359	-1641	-12.553
6360	-1640	-12.583
6361	-1639	-12.613
6362	-1638	-12.644
6363	-1637	-12.674
6364	-1636	-12.704
6365	-1635	-12.734
6366	-1634	-12.764
6367	-1633	-12.794
6368	-1632	-12.823
6369	-1631	-12.853
6370	-1630	-12.883
6371	-1629	-12.913
6372	-1628	-12.945
6373	-1627	-12.976
6374	-1626	-13.008
6375	-1625	-13.038
6376	-1624	-13.067
6377	-1623	-13.095
6378	-1622	-13.122
6379	-1621	-13.146
6380	-1620	-13.167
6381	-1619	-13.186
6382	-1618	-13.203
6383	-1617	-13.217
6384	-1616	-13.23
6385	-1615	-13.242
6386	-1614	-13.253
6387	-1613	-13.264
6388	-1612	-13.274
6389	-1611	-13.281
6390	-1610	-13.287
6391	-1609	-13.292
6392	-1608	-13.298
6393	-1607	-13.302
6394	-1606	-13.306
6395	-1605	-13.308
6396	-1604	-13.31
6397	-1603	-13.312
6398	-1602	-13.315
6399	-1601	-13.318
6400	-1600	-13.323
6401	-1599	-13.33
6402	-1598	-13.336
6403	-1597	-13.343
6404	-1596	-13.35
6405	-1595	-13.358
6406	-1594	-13.366
6407	-1593	-13.376
6408	-1592	-13.388
6409	-1591	-13.399
6410	-1590	-13.411
6411	-1589	-13.423
6412	-1588	-13.435
6413	-1587	-13.447
6414	-1586	-13.458
6415	-1585	-13.468
6416	-1584	-13.478
6417	-1583	-13.485
6418	-1582	-13.492
6419	-1581	-13.498
6420	-1580	-13.504
6421	-1579	-13.511
6422	-1578	-13.519
6423	-1577	-13.528
6424	-1576	-13.538
6425	-1575	-13.55
6426	-1574	-13.563
6427	-1573	-13.578
6428	-1572	-13.593
6429	-1571	-13.609
6430	-1570	-13.623
6431	-1569	-13.637
6432	-1568	-13.65
6433	-1567	-13.661
6434	-1566	-13.671
6435	-1565	-13.679
6436	-1564	-13.684
6437	-1563	-13.686
6438	-1562	-13.686
6439	-1561	-13.682
6440	-1560	-13.674
6441	-1559	-13.663
6442	-1558	-13.649
6443	-1557	-13.634
6444	-1556	-13.617
6445	-1555	-13.599
6446	-1554	-13.58
6447	-1553	-13.56
6448	-1552	-13.541
6449	-1551	-13.525
6450	-1550	-13.509
6451	-1549	-13.495
6452	-1548	-13.481
6453	-1547	-13.466
6454	-1546	-13.451
6455	-1545	-13.436
6456	-1544	-13.421
6457	-1543	-13.407
6458	-1542	-13.393
6459	-1541	-13.381
6460	-1540	-13.369
6461	-1539	-13.357
6462	-1538	-13.344
6463	-1537	-13.33
6464	-1536	-13.316
6465	-1535	-13.301
6466	-1534	-13.286
6467	-1533	-13.27
6468	-1532	-13.253
6469	-1531	-13.232
6470	-1530	-13.21
6471	-1529	-13.188
6472	-1528	-13.165
6473	-1527	-13.143
6474	-1526	-13.121
6475	-1525	-13.095
6476	-1524	-13.068
6477	-1523	-13.039
6478	-1522	-13.009
6479	-1521	-12.979
6480	-1520	-12.95
6481	-1519	-12.923
6482	-1518	-12.898
6483	-1517	-12.874
6484	-1516	-12.85
6485	-1515	-12.825
6486	-1514	-12.798
6487	-1513	-12.771
6488	-1512	-12.743
6489	-1511	-12.715
6490	-1510	-12.688
6491	-1509	-12.658
6492	-1508	-12.626
6493	-1507	-12.592
6494	-1506	-12.556
6495	-1505	-12.52
6496	-1504	-12.482
6497	-1503	-12.443
6498	-1502	-12.402
6499	-1501	-12.36
6500	-1500	-12.318
6501	-1499	-12.277
6502	-1498	-12.237
6503	-1497	-12.196
6504	-1496	-12.158
6505	-1495	-12.121
6506	-1494	-12.086
6507	-1493	-12.052
6508	-1492	-12.018
6509	-1491	-11.983
6510	-1490	-11.945
6511	-1489	-11.905
6512	-1488	-11.862
6513	-1487	-11.815
6514	-1486	-11.767
6515	-1485	-11.718
6516	-1484	-11.67
6517	-1483	-11.623
6518	-1482	-11.578
6519	-1481	-11.536
6520	-1480	-11.496
6521	-1479	-11.459
6522	-1478	-11.424
6523	-1477	-11.391
6524	-1476	-11.359
6525	-1475	-11.328
6526	-1474	-11.296
6527	-1473	-11.265
6528	-1472	-11.234
6529	-1471	-11.205
6530	-1470	-11.178
6531	-1469	-11.153
6532	-1468	-11.134
6533	-1467	-11.119
6534	-1466	-11.108
6535	-1465	-11.104
6536	-1464	-11.103
6537	-1463	-11.106
6538	-1462	-11.113
6539	-1461	-11.123
6540	-1460	-11.135
6541	-1459	-11.149
6542	-1458	-11.163
6543	-1457	-11.179
6544	-1456	-11.195
6545	-1455	-11.21
6546	-1454	-11.226
6547	-1453	-11.243
6548	-1452	-11.261
6549	-1451	-11.278
6550	-1450	-11.296
6551	-1449	-11.313
6552	-1448	-11.329
6553	-1447	-11.345
6554	-1446	-11.359
6555	-1445	-11.372
6556	-1444	-11.386
6557	-1443	-11.399
6558	-1442	-11.412
6559	-1441	-11.426
6560	-1440	-11.438
6561	-1439	-11.45
6562	-1438	-11.463
6563	-1437	-11.477
6564	-1436	-11.49
6565	-1435	-11.504
6566	-1434	-11.519
6567	-1433	-11.536
6568	-1432	-11.552
6569	-1431	-11.567
6570	-1430	-11.58
6571	-1429	-11.59
6572	-1428	-11.599
6573	-1427	-11.603
6574	-1426	-11.604
6575	-1425	-11.601
6576	-1424	-11.593
6577	-1423	-11.583
6578	-1422	-11.573
6579	-1421	-11.561
6580	-1420	-11.548
6581	-1419	-11.533
6582	-1418	-11.516
6583	-1417	-11.496
6584	-1416	-11.476
6585	-1415	-11.457
6586	-1414	-11.438
6587	-1413	-11.421
6588	-1412	-11.405
6589	-1411	-11.39
6590	-1410	-11.376
6591	-1409	-11.363
6592	-1408	-11.35
6593	-1407	-11.342
6594	-1406	-11.337
6595	-1405	-11.334
6596	-1404	-11.332
6597	-1403	-11.332
6598	-1402	-11.332
6599	-1401	-11.333
6600	-1400	-11.334
6601	-1399	-11.335
6602	-1398	-11.334
6603	-1397	-11.334
6604	-1396	-11.336
6605	-1395	-11.342
6606	-1394	-11.35
6607	-1393	-11.362
6608	-1392	-11.379
6609	-1391	-11.397
6610	-1390	-11.416
6611	-1389	-11.436
6612	-1388	-11.454
6613	-1387	-11.47
6614	-1386	-11.485
6615	-1385	-11.499
6616	-1384	-11.51
6617	-1383	-11.517
6618	-1382	-11.519
6619	-1381	-11.515
6620	-1380	-11.505
6621	-1379	-11.49
6622	-1378	-11.472
6623	-1377	-11.45
6624	-1376	-11.425
6625	-1375	-11.399
6626	-1374	-11.375
6627	-1373	-11.354
6628	-1372	-11.335
6629	-1371	-11.32
6630	-1370	-11.309
6631	-1369	-11.302
6632	-1368	-11.3
6633	-1367	-11.3
6634	-1366	-11.301
6635	-1365	-11.302
6636	-1364	-11.305
6637	-1363	-11.306
6638	-1362	-11.305
6639	-1361	-11.303
6640	-1360	-11.3
6641	-1359	-11.298
6642	-1358	-11.301
6643	-1357	-11.308
6644	-1356	-11.322
6645	-1355	-11.342
6646	-1354	-11.365
6647	-1353	-11.392
6648	-1352	-11.421
6649	-1351	-11.449
6650	-1350	-11.477
6651	-1349	-11.502
6652	-1348	-11.525
6653	-1347	-11.545
6654	-1346	-11.56
6655	-1345	-11.571
6656	-1344	-11.578
6657	-1343	-11.58
6658	-1342	-11.578
6659	-1341	-11.571
6660	-1340	-11.56
6661	-1339	-11.545
6662	-1338	-11.527
6663	-1337	-11.508
6664	-1336	-11.486
6665	-1335	-11.462
6666	-1334	-11.435
6667	-1333	-11.407
6668	-1332	-11.378
6669	-1331	-11.346
6670	-1330	-11.311
6671	-1329	-11.272
6672	-1328	-11.231
6673	-1327	-11.186
6674	-1326	-11.139
6675	-1325	-11.087
6676	-1324	-11.029
6677	-1323	-10.966
6678	-1322	-10.903
6679	-1321	-10.84
6680	-1320	-10.779
6681	-1319	-10.72
6682	-1318	-10.662
6683	-1317	-10.604
6684	-1316	-10.553
6685	-1315	-10.506
6686	-1314	-10.463
6687	-1313	-10.423
6688	-1312	-10.387
6689	-1311	-10.358
6690	-1310	-10.334
6691	-1309	-10.311
6692	-1308	-10.289
6693	-1307	-10.27
6694	-1306	-10.253
6695	-1305	-10.237
6696	-1304	-10.222
6697	-1303	-10.209
6698	-1302	-10.197
6699	-1301	-10.183
6700	-1300	-10.167
6701	-1299	-10.147
6702	-1298	-10.125
6703	-1297	-10.099
6704	-1296	-10.071
6705	-1295	-10.042
6706	-1294	-10.012
6707	-1293	-9.981
6708	-1292	-9.95
6709	-1291	-9.921
6710	-1290	-9.896
6711	-1289	-9.873
6712	-1288	-9.855
6713	-1287	-9.839
6714	-1286	-9.825
6715	-1285	-9.81
6716	-1284	-9.795
6717	-1283	-9.777
6718	-1282	-9.756
6719	-1281	-9.733
6720	-1280	-9.707
6721	-1279	-9.677
6722	-1278	-9.645
6723	-1277	-9.612
6724	-1276	-9.578
6725	-1275	-9.543
6726	-1274	-9.506
6727	-1273	-9.468
6728	-1272	-9.429
6729	-1271	-9.387
6730	-1270	-9.344
6731	-1269	-9.298
6732	-1268	-9.247
6733	-1267	-9.192
6734	-1266	-9.137
6735	-1265	-9.081
6736	-1264	-9.025
6737	-1263	-8.97
6738	-1262	-8.912
6739	-1261	-8.851
6740	-1260	-8.787
6741	-1259	-8.723
6742	-1258	-8.658
6743	-1257	-8.594
6744	-1256	-8.529
6745	-1255	-8.465
6746	-1254	-8.401
6747	-1253	-8.338
6748	-1252	-8.278
6749	-1251	-8.221
6750	-1250	-8.168
6751	-1249	-8.118
6752	-1248	-8.072
6753	-1247	-8.028
6754	-1246	-7.987
6755	-1245	-7.947
6756	-1244	-7.909
6757	-1243	-7.872
6758	-1242	-7.838
6759	-1241	-7.804
6760	-1240	-7.772
6761	-1239	-7.742
6762	-1238	-7.713
6763	-1237	-7.684
6764	-1236	-7.656
6765	-1235	-7.627
6766	-1234	-7.598
6767	-1233	-7.572
6768	-1232	-7.553
6769	-1231	-7.54
6770	-1230	-7.536
6771	-1229	-7.541
6772	-1228	-7.555
6773	-1227	-7.576
6774	-1226	-7.606
6775	-1225	-7.645
6776	-1224	-7.689
6777	-1223	-7.737
6778	-1222	-7.788
6779	-1221	-7.843
6780	-1220	-7.901
6781	-1219	-7.963
6782	-1218	-8.028
6783	-1217	-8.093
6784	-1216	-8.155
6785	-1215	-8.214
6786	-1214	-8.266
6787	-1213	-8.314
6788	-1212	-8.358
6789	-1211	-8.404
6790	-1210	-8.45
6791	-1209	-8.496
6792	-1208	-8.54
6793	-1207	-8.581
6794	-1206	-8.617
6795	-1205	-8.649
6796	-1204	-8.678
6797	-1203	-8.704
6798	-1202	-8.726
6799	-1201	-8.746
6800	-1200	-8.767
6801	-1199	-8.79
6802	-1198	-8.817
6803	-1197	-8.845
6804	-1196	-8.874
6805	-1195	-8.91
6806	-1194	-8.953
6807	-1193	-9.001
6808	-1192	-9.053
6809	-1191	-9.109
6810	-1190	-9.161
6811	-1189	-9.206
6812	-1188	-9.244
6813	-1187	-9.277
6814	-1186	-9.309
6815	-1185	-9.343
6816	-1184	-9.38
6817	-1183	-9.422
6818	-1182	-9.468
6819	-1181	-9.517
6820	-1180	-9.57
6821	-1179	-9.624
6822	-1178	-9.677
6823	-1177	-9.727
6824	-1176	-9.774
6825	-1175	-9.818
6826	-1174	-9.861
6827	-1173	-9.905
6828	-1172	-9.948
6829	-1171	-9.987
6830	-1170	-10.023
6831	-1169	-10.053
6832	-1168	-10.082
6833	-1167	-10.111
6834	-1166	-10.144
6835	-1165	-10.179
6836	-1164	-10.215
6837	-1163	-10.251
6838	-1162	-10.289
6839	-1161	-10.327
6840	-1160	-10.366
6841	-1159	-10.407
6842	-1158	-10.449
6843	-1157	-10.489
6844	-1156	-10.528
6845	-1155	-10.565
6846	-1154	-10.603
6847	-1153	-10.64
6848	-1152	-10.677
6849	-1151	-10.715
6850	-1150	-10.752
6851	-1149	-10.79
6852	-1148	-10.826
6853	-1147	-10.86
6854	-1146	-10.892
6855	-1145	-10.921
6856	-1144	-10.948
6857	-1143	-10.974
6858	-1142	-10.999
6859	-1141	-11.025
6860	-1140	-11.054
6861	-1139	-11.085
6862	-1138	-11.116
6863	-1137	-11.145
6864	-1136	-11.174
6865	-1135	-11.204
6866	-1134	-11.235
6867	-1133	-11.267
6868	-1132	-11.299
6869	-1131	-11.331
6870	-1130	-11.361
6871	-1129	-11.388
6872	-1128	-11.411
6873	-1127	-11.429
6874	-1126	-11.443
6875	-1125	-11.451
6876	-1124	-11.457
6877	-1123	-11.463
6878	-1122	-11.471
6879	-1121	-11.479
6880	-1120	-11.488
6881	-1119	-11.5
6882	-1118	-11.518
6883	-1117	-11.535
6884	-1116	-11.547
6885	-1115	-11.554
6886	-1114	-11.554
6887	-1113	-11.55
6888	-1112	-11.543
6889	-1111	-11.54
6890	-1110	-11.538
6891	-1109	-11.534
6892	-1108	-11.529
6893	-1107	-11.522
6894	-1106	-11.509
6895	-1105	-11.487
6896	-1104	-11.463
6897	-1103	-11.437
6898	-1102	-11.413
6899	-1101	-11.393
6900	-1100	-11.378
6901	-1099	-11.366
6902	-1098	-11.352
6903	-1097	-11.334
6904	-1096	-11.313
6905	-1095	-11.293
6906	-1094	-11.274
6907	-1093	-11.252
6908	-1092	-11.223
6909	-1091	-11.184
6910	-1090	-11.137
6911	-1089	-11.084
6912	-1088	-11.03
6913	-1087	-10.976
6914	-1086	-10.924
6915	-1085	-10.873
6916	-1084	-10.821
6917	-1083	-10.768
6918	-1082	-10.712
6919	-1081	-10.652
6920	-1080	-10.589
6921	-1079	-10.523
6922	-1078	-10.456
6923	-1077	-10.388
6924	-1076	-10.322
6925	-1075	-10.26
6926	-1074	-10.203
6927	-1073	-10.149
6928	-1072	-10.099
6929	-1071	-10.051
6930	-1070	-10.006
6931	-1069	-9.967
6932	-1068	-9.933
6933	-1067	-9.902
6934	-1066	-9.871
6935	-1065	-9.839
6936	-1064	-9.804
6937	-1063	-9.766
6938	-1062	-9.725
6939	-1061	-9.682
6940	-1060	-9.635
6941	-1059	-9.585
6942	-1058	-9.536
6943	-1057	-9.488
6944	-1056	-9.442
6945	-1055	-9.398
6946	-1054	-9.354
6947	-1053	-9.309
6948	-1052	-9.259
6949	-1051	-9.204
6950	-1050	-9.143
6951	-1049	-9.08
6952	-1048	-9.015
6953	-1047	-8.95
6954	-1046	-8.885
6955	-1045	-8.818
6956	-1044	-8.748
6957	-1043	-8.676
6958	-1042	-8.603
6959	-1041	-8.53
6960	-1040	-8.458
6961	-1039	-8.388
6962	-1038	-8.32
6963	-1037	-8.252
6964	-1036	-8.184
6965	-1035	-8.117
6966	-1034	-8.051
6967	-1033	-7.986
6968	-1032	-7.922
6969	-1031	-7.859
6970	-1030	-7.798
6971	-1029	-7.738
6972	-1028	-7.679
6973	-1027	-7.622
6974	-1026	-7.566
6975	-1025	-7.513
6976	-1024	-7.463
6977	-1023	-7.414
6978	-1022	-7.367
6979	-1021	-7.321
6980	-1020	-7.277
6981	-1019	-7.233
6982	-1018	-7.189
6983	-1017	-7.144
6984	-1016	-7.099
6985	-1015	-7.053
6986	-1014	-7.006
6987	-1013	-6.958
6988	-1012	-6.909
6989	-1011	-6.861
6990	-1010	-6.815
6991	-1009	-6.769
6992	-1008	-6.725
6993	-1007	-6.682
6994	-1006	-6.638
6995	-1005	-6.592
6996	-1004	-6.543
6997	-1003	-6.492
6998	-1002	-6.437
6999	-1001	-6.379
7000	-1000	-6.321
7001	-999	-6.263
7002	-998	-6.207
7003	-997	-6.153
7004	-996	-6.103
7005	-995	-6.055
7006	-994	-6.01
7007	-993	-5.968
7008	-992	-5.929
7009	-991	-5.892
7010	-990	-5.858
7011	-989	-5.828
7012	-988	-5.801
7013	-987	-5.776
7014	-986	-5.753
7015	-985	-5.731
7016	-984	-5.71
7017	-983	-5.692
7018	-982	-5.677
7019	-981	-5.663
7020	-980	-5.651
7021	-979	-5.643
7022	-978	-5.638
7023	-977	-5.637
7024	-976	-5.638
7025	-975	-5.642
7026	-974	-5.647
7027	-973	-5.653
7028	-972	-5.66
7029	-971	-5.668
7030	-970	-5.676
7031	-969	-5.686
7032	-968	-5.697
7033	-967	-5.708
7034	-966	-5.718
7035	-965	-5.724
7036	-964	-5.726
7037	-963	-5.722
7038	-962	-5.712
7039	-961	-5.695
7040	-960	-5.672
7041	-959	-5.643
7042	-958	-5.609
7043	-957	-5.57
7044	-956	-5.526
7045	-955	-5.478
7046	-954	-5.426
7047	-953	-5.373
7048	-952	-5.322
7049	-951	-5.273
7050	-950	-5.227
7051	-949	-5.184
7052	-948	-5.143
7053	-947	-5.105
7054	-946	-5.072
7055	-945	-5.043
7056	-944	-5.016
7057	-943	-4.991
7058	-942	-4.966
7059	-941	-4.94
7060	-940	-4.914
7061	-939	-4.888
7062	-938	-4.864
7063	-937	-4.841
7064	-936	-4.82
7065	-935	-4.802
7066	-934	-4.787
7067	-933	-4.775
7068	-932	-4.766
7069	-931	-4.757
7070	-930	-4.747
7071	-929	-4.736
7072	-928	-4.723
7073	-927	-4.706
7074	-926	-4.683
7075	-925	-4.654
7076	-924	-4.62
7077	-923	-4.582
7078	-922	-4.542
7079	-921	-4.499
7080	-920	-4.454
7081	-919	-4.408
7082	-918	-4.364
7083	-917	-4.321
7084	-916	-4.282
7085	-915	-4.247
7086	-914	-4.211
7087	-913	-4.174
7088	-912	-4.133
7089	-911	-4.091
7090	-910	-4.047
7091	-909	-4.002
7092	-908	-3.954
7093	-907	-3.905
7094	-906	-3.857
7095	-905	-3.807
7096	-904	-3.757
7097	-903	-3.709
7098	-902	-3.663
7099	-901	-3.617
7100	-900	-3.57
7101	-899	-3.523
7102	-898	-3.474
7103	-897	-3.426
7104	-896	-3.377
7105	-895	-3.328
7106	-894	-3.277
7107	-893	-3.223
7108	-892	-3.165
7109	-891	-3.104
7110	-890	-3.039
7111	-889	-2.974
7112	-888	-2.908
7113	-887	-2.843
7114	-886	-2.778
7115	-885	-2.715
7116	-884	-2.655
7117	-883	-2.595
7118	-882	-2.533
7119	-881	-2.47
7120	-880	-2.406
7121	-879	-2.341
7122	-878	-2.277
7123	-877	-2.216
7124	-876	-2.164
7125	-875	-2.117
7126	-874	-2.076
7127	-873	-2.041
7128	-872	-2.009
7129	-871	-1.978
7130	-870	-1.951
7131	-869	-1.925
7132	-868	-1.899
7133	-867	-1.871
7134	-866	-1.843
7135	-865	-1.813
7136	-864	-1.781
7137	-863	-1.748
7138	-862	-1.713
7139	-861	-1.676
7140	-860	-1.637
7141	-859	-1.595
7142	-858	-1.551
7143	-857	-1.503
7144	-856	-1.451
7145	-855	-1.397
7146	-854	-1.338
7147	-853	-1.275
7148	-852	-1.208
7149	-851	-1.138
7150	-850	-1.066
7151	-849	-0.994
7152	-848	-0.923
7153	-847	-0.851
7154	-846	-0.776
7155	-845	-0.697
7156	-844	-0.615
7157	-843	-0.532
7158	-842	-0.452
7159	-841	-0.375
7160	-840	-0.302
7161	-839	-0.23
7162	-838	-0.161
7163	-837	-0.093
7164	-836	-0.025
7165	-835	0.042
7166	-834	0.108
7167	-833	0.173
7168	-832	0.239
7169	-831	0.306
7170	-830	0.377
7171	-829	0.449
7172	-828	0.522
7173	-827	0.593
7174	-826	0.663
7175	-825	0.734
7176	-824	0.805
7177	-823	0.877
7178	-822	0.952
7179	-821	1.03
7180	-820	1.111
7181	-819	1.193
7182	-818	1.276
7183	-817	1.359
7184	-816	1.441
7185	-815	1.522
7186	-814	1.603
7187	-813	1.684
7188	-812	1.765
7189	-811	1.844
7190	-810	1.919
7191	-809	1.99
7192	-808	2.06
7193	-807	2.127
7194	-806	2.194
7195	-805	2.26
7196	-804	2.326
7197	-803	2.392
7198	-802	2.463
7199	-801	2.537
7200	-800	2.612
7201	-799	2.692
7202	-798	2.773
7203	-797	2.858
7204	-796	2.946
7205	-795	3.036
7206	-794	3.126
7207	-793	3.219
7208	-792	3.315
7209	-791	3.415
7210	-790	3.517
7211	-789	3.62
7212	-788	3.723
7213	-787	3.825
7214	-786	3.925
7215	-785	4.021
7216	-784	4.116
7217	-783	4.209
7218	-782	4.305
7219	-781	4.401
7220	-780	4.496
7221	-779	4.588
7222	-778	4.679
7223	-777	4.766
7224	-776	4.853
7225	-775	4.941
7226	-774	5.033
7227	-773	5.128
7228	-772	5.221
7229	-771	5.312
7230	-770	5.399
7231	-769	5.484
7232	-768	5.568
7233	-767	5.655
7234	-766	5.744
7235	-765	5.833
7236	-764	5.925
7237	-763	6.017
7238	-762	6.108
7239	-761	6.196
7240	-760	6.282
7241	-759	6.366
7242	-758	6.447
7243	-757	6.525
7244	-756	6.598
7245	-755	6.668
7246	-754	6.733
7247	-753	6.796
7248	-752	6.862
7249	-751	6.931
7250	-750	7.001
7251	-749	7.071
7252	-748	7.139
7253	-747	7.206
7254	-746	7.271
7255	-745	7.336
7256	-744	7.4
7257	-743	7.464
7258	-742	7.53
7259	-741	7.594
7260	-740	7.652
7261	-739	7.709
7262	-738	7.766
7263	-737	7.824
7264	-736	7.886
7265	-735	7.945
7266	-734	7.997
7267	-733	8.051
7268	-732	8.11
7269	-731	8.17
7270	-730	8.23
7271	-729	8.29
7272	-728	8.355
7273	-727	8.425
7274	-726	8.498
7275	-725	8.577
7276	-724	8.66
7277	-723	8.745
7278	-722	8.832
7279	-721	8.919
7280	-720	9.002
7281	-719	9.081
7282	-718	9.156
7283	-717	9.228
7284	-716	9.299
7285	-715	9.371
7286	-714	9.443
7287	-713	9.514
7288	-712	9.582
7289	-711	9.649
7290	-710	9.713
7291	-709	9.774
7292	-708	9.831
7293	-707	9.885
7294	-706	9.936
7295	-705	9.983
7296	-704	10.026
7297	-703	10.066
7298	-702	10.105
7299	-701	10.148
7300	-700	10.193
7301	-699	10.241
7302	-698	10.287
7303	-697	10.331
7304	-696	10.374
7305	-695	10.414
7306	-694	10.455
7307	-693	10.495
7308	-692	10.537
7309	-691	10.578
7310	-690	10.62
7311	-689	10.661
7312	-688	10.7
7313	-687	10.738
7314	-686	10.775
7315	-685	10.811
7316	-684	10.845
7317	-683	10.878
7318	-682	10.91
7319	-681	10.939
7320	-680	10.966
7321	-679	10.988
7322	-678	11.005
7323	-677	11.021
7324	-676	11.036
7325	-675	11.053
7326	-674	11.07
7327	-673	11.091
7328	-672	11.112
7329	-671	11.132
7330	-670	11.15
7331	-669	11.166
7332	-668	11.182
7333	-667	11.199
7334	-666	11.211
7335	-665	11.218
7336	-664	11.225
7337	-663	11.231
7338	-662	11.236
7339	-661	11.24
7340	-660	11.243
7341	-659	11.246
7342	-658	11.247
7343	-657	11.248
7344	-656	11.246
7345	-655	11.244
7346	-654	11.242
7347	-653	11.239
7348	-652	11.236
7349	-651	11.23
7350	-650	11.22
7351	-649	11.205
7352	-648	11.188
7353	-647	11.168
7354	-646	11.147
7355	-645	11.123
7356	-644	11.096
7357	-643	11.069
7358	-642	11.041
7359	-641	11.014
7360	-640	10.986
7361	-639	10.957
7362	-638	10.926
7363	-637	10.893
7364	-636	10.856
7365	-635	10.816
7366	-634	10.773
7367	-633	10.727
7368	-632	10.679
7369	-631	10.632
7370	-630	10.587
7371	-629	10.547
7372	-628	10.511
7373	-627	10.48
7374	-626	10.45
7375	-625	10.419
7376	-624	10.386
7377	-623	10.35
7378	-622	10.312
7379	-621	10.272
7380	-620	10.228
7381	-619	10.182
7382	-618	10.135
7383	-617	10.089
7384	-616	10.044
7385	-615	10.001
7386	-614	9.96
7387	-613	9.92
7388	-612	9.881
7389	-611	9.842
7390	-610	9.805
7391	-609	9.769
7392	-608	9.736
7393	-607	9.703
7394	-606	9.673
7395	-605	9.644
7396	-604	9.615
7397	-603	9.587
7398	-602	9.56
7399	-601	9.534
7400	-600	9.509
7401	-599	9.483
7402	-598	9.456
7403	-597	9.424
7404	-596	9.385
7405	-595	9.339
7406	-594	9.291
7407	-593	9.245
7408	-592	9.204
7409	-591	9.168
7410	-590	9.138
7411	-589	9.112
7412	-588	9.087
7413	-587	9.063
7414	-586	9.039
7415	-585	9.017
7416	-584	8.996
7417	-583	8.977
7418	-582	8.958
7419	-581	8.942
7420	-580	8.927
7421	-579	8.913
7422	-578	8.897
7423	-577	8.881
7424	-576	8.866
7425	-575	8.853
7426	-574	8.843
7427	-573	8.833
7428	-572	8.823
7429	-571	8.811
7430	-570	8.798
7431	-569	8.783
7432	-568	8.768
7433	-567	8.756
7434	-566	8.746
7435	-565	8.738
7436	-564	8.73
7437	-563	8.719
7438	-562	8.705
7439	-561	8.689
7440	-560	8.671
7441	-559	8.651
7442	-558	8.628
7443	-557	8.603
7444	-556	8.578
7445	-555	8.554
7446	-554	8.532
7447	-553	8.514
7448	-552	8.501
7449	-551	8.492
7450	-550	8.487
7451	-549	8.485
7452	-548	8.485
7453	-547	8.489
7454	-546	8.496
7455	-545	8.502
7456	-544	8.509
7457	-543	8.514
7458	-542	8.517
7459	-541	8.519
7460	-540	8.52
7461	-539	8.52
7462	-538	8.52
7463	-537	8.521
7464	-536	8.522
7465	-535	8.522
7466	-534	8.518
7467	-533	8.511
7468	-532	8.501
7469	-531	8.487
7470	-530	8.471
7471	-529	8.453
7472	-528	8.435
7473	-527	8.417
7474	-526	8.398
7475	-525	8.375
7476	-524	8.348
7477	-523	8.319
7478	-522	8.289
7479	-521	8.26
7480	-520	8.229
7481	-519	8.196
7482	-518	8.162
7483	-517	8.127
7484	-516	8.091
7485	-515	8.055
7486	-514	8.019
7487	-513	7.983
7488	-512	7.95
7489	-511	7.921
7490	-510	7.895
7491	-509	7.872
7492	-508	7.85
7493	-507	7.826
7494	-506	7.8
7495	-505	7.773
7496	-504	7.744
7497	-503	7.717
7498	-502	7.691
7499	-501	7.666
7500	-500	7.641
7501	-499	7.616
7502	-498	7.592
7503	-497	7.571
7504	-496	7.55
7505	-495	7.529
7506	-494	7.508
7507	-493	7.488
7508	-492	7.471
7509	-491	7.455
7510	-490	7.441
7511	-489	7.429
7512	-488	7.417
7513	-487	7.406
7514	-486	7.393
7515	-485	7.38
7516	-484	7.366
7517	-483	7.353
7518	-482	7.34
7519	-481	7.329
7520	-480	7.32
7521	-479	7.313
7522	-478	7.307
7523	-477	7.3
7524	-476	7.294
7525	-475	7.291
7526	-474	7.294
7527	-473	7.302
7528	-472	7.316
7529	-471	7.333
7530	-470	7.349
7531	-469	7.363
7532	-468	7.377
7533	-467	7.393
7534	-466	7.413
7535	-465	7.437
7536	-464	7.462
7537	-463	7.488
7538	-462	7.514
7539	-461	7.542
7540	-460	7.569
7541	-459	7.593
7542	-458	7.615
7543	-457	7.635
7544	-456	7.655
7545	-455	7.675
7546	-454	7.697
7547	-453	7.719
7548	-452	7.737
7549	-451	7.75
7550	-450	7.758
7551	-449	7.76
7552	-448	7.76
7553	-447	7.756
7554	-446	7.75
7555	-445	7.743
7556	-444	7.733
7557	-443	7.722
7558	-442	7.71
7559	-441	7.698
7560	-440	7.688
7561	-439	7.679
7562	-438	7.673
7563	-437	7.668
7564	-436	7.663
7565	-435	7.662
7566	-434	7.663
7567	-433	7.668
7568	-432	7.674
7569	-431	7.68
7570	-430	7.684
7571	-429	7.683
7572	-428	7.677
7573	-427	7.669
7574	-426	7.66
7575	-425	7.65
7576	-424	7.638
7577	-423	7.624
7578	-422	7.609
7579	-421	7.593
7580	-420	7.58
7581	-419	7.571
7582	-418	7.564
7583	-417	7.554
7584	-416	7.538
7585	-415	7.515
7586	-414	7.485
7587	-413	7.45
7588	-412	7.413
7589	-411	7.376
7590	-410	7.337
7591	-409	7.295
7592	-408	7.252
7593	-407	7.206
7594	-406	7.156
7595	-405	7.104
7596	-404	7.047
7597	-403	6.988
7598	-402	6.928
7599	-401	6.867
7600	-400	6.808
7601	-399	6.749
7602	-398	6.692
7603	-397	6.635
7604	-396	6.579
7605	-395	6.52
7606	-394	6.46
7607	-393	6.396
7608	-392	6.331
7609	-391	6.265
7610	-390	6.199
7611	-389	6.132
7612	-388	6.063
7613	-387	5.991
7614	-386	5.917
7615	-385	5.842
7616	-384	5.767
7617	-383	5.693
7618	-382	5.619
7619	-381	5.546
7620	-380	5.471
7621	-379	5.396
7622	-378	5.321
7623	-377	5.245
7624	-376	5.169
7625	-375	5.093
7626	-374	5.017
7627	-373	4.94
7628	-372	4.862
7629	-371	4.783
7630	-370	4.7
7631	-369	4.613
7632	-368	4.522
7633	-367	4.429
7634	-366	4.335
7635	-365	4.24
7636	-364	4.144
7637	-363	4.047
7638	-362	3.949
7639	-361	3.852
7640	-360	3.758
7641	-359	3.667
7642	-358	3.575
7643	-357	3.483
7644	-356	3.389
7645	-355	3.296
7646	-354	3.208
7647	-353	3.127
7648	-352	3.054
7649	-351	2.99
7650	-350	2.935
7651	-349	2.888
7652	-348	2.847
7653	-347	2.811
7654	-346	2.778
7655	-345	2.743
7656	-344	2.707
7657	-343	2.67
7658	-342	2.633
7659	-341	2.594
7660	-340	2.556
7661	-339	2.516
7662	-338	2.472
7663	-337	2.425
7664	-336	2.376
7665	-335	2.324
7666	-334	2.271
7667	-333	2.218
7668	-332	2.166
7669	-331	2.118
7670	-330	2.074
7671	-329	2.032
7672	-328	1.993
7673	-327	1.956
7674	-326	1.919
7675	-325	1.883
7676	-324	1.846
7677	-323	1.81
7678	-322	1.773
7679	-321	1.737
7680	-320	1.7
7681	-319	1.665
7682	-318	1.632
7683	-317	1.6
7684	-316	1.572
7685	-315	1.548
7686	-314	1.529
7687	-313	1.514
7688	-312	1.5
7689	-311	1.486
7690	-310	1.468
7691	-309	1.448
7692	-308	1.425
7693	-307	1.401
7694	-306	1.373
7695	-305	1.344
7696	-304	1.311
7697	-303	1.276
7698	-302	1.238
7699	-301	1.196
7700	-300	1.153
7701	-299	1.11
7702	-298	1.065
7703	-297	1.019
7704	-296	0.974
7705	-295	0.93
7706	-294	0.886
7707	-293	0.845
7708	-292	0.805
7709	-291	0.768
7710	-290	0.733
7711	-289	0.697
7712	-288	0.661
7713	-287	0.622
7714	-286	0.582
7715	-285	0.542
7716	-284	0.5
7717	-283	0.455
7718	-282	0.407
7719	-281	0.359
7720	-280	0.311
7721	-279	0.265
7722	-278	0.22
7723	-277	0.178
7724	-276	0.137
7725	-275	0.096
7726	-274	0.055
7727	-273	0.014
7728	-272	-0.026
7729	-271	-0.066
7730	-270	-0.105
7731	-269	-0.143
7732	-268	-0.179
7733	-267	-0.214
7734	-266	-0.248
7735	-265	-0.28
7736	-264	-0.312
7737	-263	-0.344
7738	-262	-0.377
7739	-261	-0.413
7740	-260	-0.452
7741	-259	-0.491
7742	-258	-0.532
7743	-257	-0.572
7744	-256	-0.612
7745	-255	-0.65
7746	-254	-0.69
7747	-253	-0.731
7748	-252	-0.771
7749	-251	-0.812
7750	-250	-0.854
7751	-249	-0.897
7752	-248	-0.939
7753	-247	-0.981
7754	-246	-1.023
7755	-245	-1.065
7756	-244	-1.108
7757	-243	-1.151
7758	-242	-1.193
7759	-241	-1.236
7760	-240	-1.278
7761	-239	-1.321
7762	-238	-1.365
7763	-237	-1.408
7764	-236	-1.453
7765	-235	-1.499
7766	-234	-1.545
7767	-233	-1.592
7768	-232	-1.637
7769	-231	-1.682
7770	-230	-1.725
7771	-229	-1.764
7772	-228	-1.8
7773	-227	-1.833
7774	-226	-1.863
7775	-225	-1.89
7776	-224	-1.912
7777	-223	-1.932
7778	-222	-1.95
7779	-221	-1.968
7780	-220	-1.984
7781	-219	-1.999
7782	-218	-2.014
7783	-217	-2.028
7784	-216	-2.045
7785	-215	-2.062
7786	-214	-2.079
7787	-213	-2.096
7788	-212	-2.114
7789	-211	-2.132
7790	-210	-2.154
7791	-209	-2.179
7792	-208	-2.208
7793	-207	-2.241
7794	-206	-2.277
7795	-205	-2.315
7796	-204	-2.354
7797	-203	-2.394
7798	-202	-2.432
7799	-201	-2.469
7800	-200	-2.504
7801	-199	-2.538
7802	-198	-2.571
7803	-197	-2.603
7804	-196	-2.634
7805	-195	-2.666
7806	-194	-2.697
7807	-193	-2.728
7808	-192	-2.762
7809	-191	-2.799
7810	-190	-2.837
7811	-189	-2.877
7812	-188	-2.916
7813	-187	-2.957
7814	-186	-3.001
7815	-185	-3.045
7816	-184	-3.089
7817	-183	-3.132
7818	-182	-3.176
7819	-181	-3.219
7820	-180	-3.261
7821	-179	-3.302
7822	-178	-3.342
7823	-177	-3.382
7824	-176	-3.421
7825	-175	-3.459
7826	-174	-3.497
7827	-173	-3.533
7828	-172	-3.568
7829	-171	-3.603
7830	-170	-3.637
7831	-169	-3.67
7832	-168	-3.698
7833	-167	-3.721
7834	-166	-3.741
7835	-165	-3.759
7836	-164	-3.777
7837	-163	-3.797
7838	-162	-3.821
7839	-161	-3.848
7840	-160	-3.878
7841	-159	-3.909
7842	-158	-3.941
7843	-157	-3.974
7844	-156	-4.006
7845	-155	-4.035
7846	-154	-4.06
7847	-153	-4.081
7848	-152	-4.098
7849	-151	-4.114
7850	-150	-4.128
7851	-149	-4.137
7852	-148	-4.143
7853	-147	-4.148
7854	-146	-4.151
7855	-145	-4.15
7856	-144	-4.151
7857	-143	-4.157
7858	-142	-4.171
7859	-141	-4.19
7860	-140	-4.212
7861	-139	-4.235
7862	-138	-4.257
7863	-137	-4.28
7864	-136	-4.306
7865	-135	-4.336
7866	-134	-4.368
7867	-133	-4.401
7868	-132	-4.434
7869	-131	-4.467
7870	-130	-4.496
7871	-129	-4.519
7872	-128	-4.537
7873	-127	-4.551
7874	-126	-4.563
7875	-125	-4.572
7876	-124	-4.577
7877	-123	-4.578
7878	-122	-4.575
7879	-121	-4.566
7880	-120	-4.552
7881	-119	-4.537
7882	-118	-4.524
7883	-117	-4.513
7884	-116	-4.504
7885	-115	-4.496
7886	-114	-4.487
7887	-113	-4.474
7888	-112	-4.459
7889	-111	-4.441
7890	-110	-4.421
7891	-109	-4.4
7892	-108	-4.38
7893	-107	-4.364
7894	-106	-4.35
7895	-105	-4.34
7896	-104	-4.335
7897	-103	-4.335
7898	-102	-4.342
7899	-101	-4.358
7900	-100	-4.382
7901	-99	-4.412
7902	-98	-4.445
7903	-97	-4.475
7904	-96	-4.504
7905	-95	-4.531
7906	-94	-4.554
7907	-93	-4.573
7908	-92	-4.586
7909	-91	-4.592
7910	-90	-4.592
7911	-89	-4.586
7912	-88	-4.577
7913	-87	-4.564
7914	-86	-4.55
7915	-85	-4.536
7916	-84	-4.527
7917	-83	-4.521
7918	-82	-4.519
7919	-81	-4.519
7920	-80	-4.519
7921	-79	-4.519
7922	-78	-4.521
7923	-77	-4.522
7924	-76	-4.522
7925	-75	-4.521
7926	-74	-4.518
7927	-73	-4.511
7928	-72	-4.501
7929	-71	-4.489
7930	-70	-4.474
7931	-69	-4.457
7932	-68	-4.437
7933	-67	-4.415
7934	-66	-4.392
7935	-65	-4.366
7936	-64	-4.338
7937	-63	-4.308
7938	-62	-4.274
7939	-61	-4.239
7940	-60	-4.2
7941	-59	-4.157
7942	-58	-4.113
7943	-57	-4.069
7944	-56	-4.026
7945	-55	-3.984
7946	-54	-3.945
7947	-53	-3.905
7948	-52	-3.866
7949	-51	-3.827
7950	-50	-3.789
7951	-49	-3.754
7952	-48	-3.721
7953	-47	-3.691
7954	-46	-3.664
7955	-45	-3.641
7956	-44	-3.621
7957	-43	-3.605
7958	-42	-3.592
7959	-41	-3.585
7960	-40	-3.583
7961	-39	-3.584
7962	-38	-3.586
7963	-37	-3.588
7964	-36	-3.594
7965	-35	-3.602
7966	-34	-3.611
7967	-33	-3.618
7968	-32	-3.623
7969	-31	-3.625
7970	-30	-3.621
7971	-29	-3.613
7972	-28	-3.602
7973	-27	-3.59
7974	-26	-3.576
7975	-25	-3.557
7976	-24	-3.529
7977	-23	-3.493
7978	-22	-3.45
7979	-21	-3.406
7980	-20	-3.363
7981	-19	-3.32
7982	-18	-3.276
7983	-17	-3.233
7984	-16	-3.191
7985	-15	-3.148
7986	-14	-3.107
7987	-13	-3.069
7988	-12	-3.033
7989	-11	-3.002
7990	-10	-2.975
7991	-9	-2.95
7992	-8	-2.928
7993	-7	-2.908
7994	-6	-2.889
7995	-5	-2.871
7996	-4	-2.85
7997	-3	-2.829
7998	-2	-2.811
7999	-1	-2.797
8000	0	-2.785
8001	1	-2.774
8002	2	-2.765
8003	3	-2.76
8004	4	-2.758
8005	5	-2.757
8006	6	-2.756
8007	7	-2.757
8008	8	-2.758
8009	9	-2.759
8010	10	-2.759
8011	11	-2.757
8012	12	-2.756
8013	13	-2.754
8014	14	-2.753
8015	15	-2.75
8016	16	-2.745
8017	17	-2.738
8018	18	-2.73
8019	19	-2.724
8020	20	-2.72
8021	21	-2.719
8022	22	-2.72
8023	23	-2.723
8024	24	-2.728
8025	25	-2.735
8026	26	-2.745
8027	27	-2.757
8028	28	-2.772
8029	29	-2.788
8030	30	-2.803
8031	31	-2.818
8032	32	-2.832
8033	33	-2.846
8034	34	-2.859
8035	35	-2.873
8036	36	-2.888
8037	37	-2.906
8038	38	-2.927
8039	39	-2.949
8040	40	-2.973
8041	41	-2.998
8042	42	-3.024
8043	43	-3.047
8044	44	-3.068
8045	45	-3.09
8046	46	-3.112
8047	47	-3.135
8048	48	-3.158
8049	49	-3.179
8050	50	-3.199
8051	51	-3.216
8052	52	-3.232
8053	53	-3.245
8054	54	-3.257
8055	55	-3.267
8056	56	-3.275
8057	57	-3.282
8058	58	-3.287
8059	59	-3.291
8060	60	-3.293
8061	61	-3.297
8062	62	-3.301
8063	63	-3.305
8064	64	-3.31
8065	65	-3.315
8066	66	-3.32
8067	67	-3.326
8068	68	-3.332
8069	69	-3.337
8070	70	-3.342
8071	71	-3.346
8072	72	-3.348
8073	73	-3.347
8074	74	-3.343
8075	75	-3.338
8076	76	-3.332
8077	77	-3.326
8078	78	-3.322
8079	79	-3.317
8080	80	-3.313
8081	81	-3.307
8082	82	-3.299
8083	83	-3.289
8084	84	-3.277
8085	85	-3.262
8086	86	-3.248
8087	87	-3.234
8088	88	-3.222
8089	89	-3.209
8090	90	-3.197
8091	91	-3.184
8092	92	-3.169
8093	93	-3.151
8094	94	-3.132
8095	95	-3.112
8096	96	-3.09
8097	97	-3.067
8098	98	-3.044
8099	99	-3.02
8100	100	-2.995
8101	101	-2.97
8102	102	-2.945
8103	103	-2.919
8104	104	-2.889
8105	105	-2.854
8106	106	-2.815
8107	107	-2.773
8108	108	-2.729
8109	109	-2.684
8110	110	-2.639
8111	111	-2.595
8112	112	-2.552
8113	113	-2.511
8114	114	-2.475
8115	115	-2.442
8116	116	-2.411
8117	117	-2.383
8118	118	-2.359
8119	119	-2.338
8120	120	-2.319
8121	121	-2.302
8122	122	-2.286
8123	123	-2.27
8124	124	-2.252
8125	125	-2.231
8126	126	-2.21
8127	127	-2.186
8128	128	-2.161
8129	129	-2.134
8130	130	-2.104
8131	131	-2.071
8132	132	-2.034
8133	133	-1.995
8134	134	-1.952
8135	135	-1.907
8136	136	-1.863
8137	137	-1.819
8138	138	-1.775
8139	139	-1.731
8140	140	-1.689
8141	141	-1.646
8142	142	-1.604
8143	143	-1.565
8144	144	-1.529
8145	145	-1.495
8146	146	-1.462
8147	147	-1.43
8148	148	-1.399
8149	149	-1.366
8150	150	-1.331
8151	151	-1.296
8152	152	-1.26
8153	153	-1.227
8154	154	-1.196
8155	155	-1.169
8156	156	-1.144
8157	157	-1.12
8158	158	-1.097
8159	159	-1.076
8160	160	-1.054
8161	161	-1.032
8162	162	-1.009
8163	163	-0.986
8164	164	-0.963
8165	165	-0.942
8166	166	-0.921
8167	167	-0.903
8168	168	-0.888
8169	169	-0.875
8170	170	-0.862
8171	171	-0.851
8172	172	-0.839
8173	173	-0.825
8174	174	-0.806
8175	175	-0.784
8176	176	-0.758
8177	177	-0.727
8178	178	-0.693
8179	179	-0.657
8180	180	-0.62
8181	181	-0.586
8182	182	-0.556
8183	183	-0.531
8184	184	-0.508
8185	185	-0.488
8186	186	-0.47
8187	187	-0.454
8188	188	-0.438
8189	189	-0.423
8190	190	-0.407
8191	191	-0.392
8192	192	-0.376
8193	193	-0.36
8194	194	-0.344
8195	195	-0.328
8196	196	-0.311
8197	197	-0.296
8198	198	-0.283
8199	199	-0.272
8200	200	-0.262
8201	201	-0.253
8202	202	-0.244
8203	203	-0.235
8204	204	-0.227
8205	205	-0.219
8206	206	-0.213
8207	207	-0.209
8208	208	-0.206
8209	209	-0.205
8210	210	-0.205
8211	211	-0.205
8212	212	-0.206
8213	213	-0.208
8214	214	-0.208
8215	215	-0.207
8216	216	-0.206
8217	217	-0.204
8218	218	-0.201
8219	219	-0.197
8220	220	-0.194
8221	221	-0.19
8222	222	-0.189
8223	223	-0.191
8224	224	-0.196
8225	225	-0.202
8226	226	-0.204
8227	227	-0.203
8228	228	-0.201
8229	229	-0.198
8230	230	-0.197
8231	231	-0.196
8232	232	-0.195
8233	233	-0.188
8234	234	-0.178
8235	235	-0.165
8236	236	-0.151
8237	237	-0.138
8238	238	-0.124
8239	239	-0.112
8240	240	-0.1
8241	241	-0.09
8242	242	-0.082
8243	243	-0.074
8244	244	-0.066
8245	245	-0.056
8246	246	-0.047
8247	247	-0.036
8248	248	-0.022
8249	249	-0.003
8250	250	0.017
8251	251	0.038
8252	252	0.058
8253	253	0.078
8254	254	0.098
8255	255	0.118
8256	256	0.138
8257	257	0.157
8258	258	0.175
8259	259	0.192
8260	260	0.208
8261	261	0.219
8262	262	0.228
8263	263	0.239
8264	264	0.25
8265	265	0.259
8266	266	0.27
8267	267	0.282
8268	268	0.295
8269	269	0.311
8270	270	0.329
8271	271	0.347
8272	272	0.363
8273	273	0.378
8274	274	0.391
8275	275	0.401
8276	276	0.408
8277	277	0.416
8278	278	0.423
8279	279	0.431
8280	280	0.439
8281	281	0.447
8282	282	0.457
8283	283	0.466
8284	284	0.475
8285	285	0.482
8286	286	0.489
8287	287	0.495
8288	288	0.499
8289	289	0.502
8290	290	0.503
8291	291	0.502
8292	292	0.497
8293	293	0.487
8294	294	0.474
8295	295	0.458
8296	296	0.438
8297	297	0.419
8298	298	0.402
8299	299	0.39
8300	300	0.382
8301	301	0.379
8302	302	0.377
8303	303	0.375
8304	304	0.374
8305	305	0.374
8306	306	0.373
8307	307	0.37
8308	308	0.369
8309	309	0.371
8310	310	0.375
8311	311	0.379
8312	312	0.382
8313	313	0.384
8314	314	0.383
8315	315	0.38
8316	316	0.378
8317	317	0.376
8318	318	0.373
8319	319	0.367
8320	320	0.358
8321	321	0.349
8322	322	0.338
8323	323	0.325
8324	324	0.31
8325	325	0.295
8326	326	0.283
8327	327	0.272
8328	328	0.261
8329	329	0.249
8330	330	0.235
8331	331	0.218
8332	332	0.202
8333	333	0.184
8334	334	0.165
8335	335	0.145
8336	336	0.123
8337	337	0.098
8338	338	0.069
8339	339	0.042
8340	340	0.016
8341	341	-0.011
8342	342	-0.034
8343	343	-0.054
8344	344	-0.073
8345	345	-0.091
8346	346	-0.11
8347	347	-0.13
8348	348	-0.154
8349	349	-0.177
8350	350	-0.199
8351	351	-0.222
8352	352	-0.246
8353	353	-0.272
8354	354	-0.305
8355	355	-0.343
8356	356	-0.381
8357	357	-0.415
8358	358	-0.441
8359	359	-0.457
8360	360	-0.47
8361	361	-0.48
8362	362	-0.485
8363	363	-0.484
8364	364	-0.475
8365	365	-0.461
8366	366	-0.443
8367	367	-0.418
8368	368	-0.388
8369	369	-0.358
8370	370	-0.327
8371	371	-0.294
8372	372	-0.263
8373	373	-0.235
8374	374	-0.21
8375	375	-0.182
8376	376	-0.15
8377	377	-0.115
8378	378	-0.076
8379	379	-0.035
8380	380	0.005
8381	381	0.045
8382	382	0.083
8383	383	0.12
8384	384	0.155
8385	385	0.187
8386	386	0.213
8387	387	0.235
8388	388	0.254
8389	389	0.272
8390	390	0.292
8391	391	0.315
8392	392	0.34
8393	393	0.366
8394	394	0.394
8395	395	0.425
8396	396	0.459
8397	397	0.497
8398	398	0.539
8399	399	0.581
8400	400	0.62
8401	401	0.654
8402	402	0.68
8403	403	0.699
8404	404	0.713
8405	405	0.725
8406	406	0.735
8407	407	0.739
8408	408	0.737
8409	409	0.731
8410	410	0.717
8411	411	0.699
8412	412	0.676
8413	413	0.652
8414	414	0.629
8415	415	0.607
8416	416	0.587
8417	417	0.57
8418	418	0.553
8419	419	0.536
8420	420	0.522
8421	421	0.509
8422	422	0.497
8423	423	0.484
8424	424	0.47
8425	425	0.455
8426	426	0.438
8427	427	0.42
8428	428	0.401
8429	429	0.381
8430	430	0.359
8431	431	0.336
8432	432	0.313
8433	433	0.287
8434	434	0.259
8435	435	0.227
8436	436	0.196
8437	437	0.165
8438	438	0.137
8439	439	0.112
8440	440	0.089
8441	441	0.067
8442	442	0.05
8443	443	0.036
8444	444	0.024
8445	445	0.013
8446	446	0.004
8447	447	-0.002
8448	448	-0.005
8449	449	-0.008
8450	450	-0.009
8451	451	-0.01
8452	452	-0.01
8453	453	-0.009
8454	454	-0.007
8455	455	-0.007
8456	456	-0.01
8457	457	-0.013
8458	458	-0.016
8459	459	-0.018
8460	460	-0.02
8461	461	-0.022
8462	462	-0.023
8463	463	-0.021
8464	464	-0.017
8465	465	-0.012
8466	466	-0.006
8467	467	0.001
8468	468	0.01
8469	469	0.023
8470	470	0.038
8471	471	0.055
8472	472	0.075
8473	473	0.098
8474	474	0.125
8475	475	0.155
8476	476	0.187
8477	477	0.22
8478	478	0.252
8479	479	0.282
8480	480	0.312
8481	481	0.339
8482	482	0.365
8483	483	0.39
8484	484	0.413
8485	485	0.435
8486	486	0.456
8487	487	0.476
8488	488	0.497
8489	489	0.517
8490	490	0.537
8491	491	0.559
8492	492	0.583
8493	493	0.608
8494	494	0.633
8495	495	0.658
8496	496	0.684
8497	497	0.71
8498	498	0.736
8499	499	0.76
8500	500	0.782
8501	501	0.801
8502	502	0.816
8503	503	0.829
8504	504	0.841
8505	505	0.85
8506	506	0.856
8507	507	0.859
8508	508	0.86
8509	509	0.859
8510	510	0.857
8511	511	0.854
8512	512	0.849
8513	513	0.844
8514	514	0.842
8515	515	0.843
8516	516	0.847
8517	517	0.851
8518	518	0.857
8519	519	0.865
8520	520	0.875
8521	521	0.89
8522	522	0.912
8523	523	0.938
8524	524	0.967
8525	525	0.999
8526	526	1.034
8527	527	1.07
8528	528	1.106
8529	529	1.14
8530	530	1.172
8531	531	1.203
8532	532	1.235
8533	533	1.266
8534	534	1.295
8535	535	1.324
8536	536	1.352
8537	537	1.378
8538	538	1.402
8539	539	1.425
8540	540	1.448
8541	541	1.469
8542	542	1.485
8543	543	1.497
8544	544	1.506
8545	545	1.517
8546	546	1.531
8547	547	1.548
8548	548	1.565
8549	549	1.578
8550	550	1.586
8551	551	1.594
8552	552	1.602
8553	553	1.61
8554	554	1.618
8555	555	1.623
8556	556	1.629
8557	557	1.634
8558	558	1.64
8559	559	1.646
8560	560	1.653
8561	561	1.66
8562	562	1.669
8563	563	1.678
8564	564	1.687
8565	565	1.697
8566	566	1.707
8567	567	1.72
8568	568	1.733
8569	569	1.747
8570	570	1.76
8571	571	1.773
8572	572	1.785
8573	573	1.798
8574	574	1.812
8575	575	1.828
8576	576	1.848
8577	577	1.872
8578	578	1.897
8579	579	1.924
8580	580	1.951
8581	581	1.978
8582	582	2.004
8583	583	2.03
8584	584	2.057
8585	585	2.083
8586	586	2.11
8587	587	2.135
8588	588	2.16
8589	589	2.183
8590	590	2.207
8591	591	2.231
8592	592	2.255
8593	593	2.279
8594	594	2.303
8595	595	2.328
8596	596	2.351
8597	597	2.373
8598	598	2.394
8599	599	2.417
8600	600	2.439
8601	601	2.461
8602	602	2.481
8603	603	2.499
8604	604	2.517
8605	605	2.533
8606	606	2.548
8607	607	2.562
8608	608	2.575
8609	609	2.587
8610	610	2.598
8611	611	2.609
8612	612	2.618
8613	613	2.625
8614	614	2.628
8615	615	2.627
8616	616	2.621
8617	617	2.61
8618	618	2.596
8619	619	2.58
8620	620	2.565
8621	621	2.549
8622	622	2.532
8623	623	2.516
8624	624	2.501
8625	625	2.486
8626	626	2.472
8627	627	2.46
8628	628	2.449
8629	629	2.438
8630	630	2.428
8631	631	2.419
8632	632	2.412
8633	633	2.406
8634	634	2.401
8635	635	2.397
8636	636	2.393
8637	637	2.39
8638	638	2.388
8639	639	2.385
8640	640	2.382
8641	641	2.377
8642	642	2.371
8643	643	2.364
8644	644	2.357
8645	645	2.35
8646	646	2.342
8647	647	2.333
8648	648	2.322
8649	649	2.311
8650	650	2.299
8651	651	2.287
8652	652	2.273
8653	653	2.259
8654	654	2.242
8655	655	2.226
8656	656	2.208
8657	657	2.191
8658	658	2.173
8659	659	2.154
8660	660	2.134
8661	661	2.113
8662	662	2.091
8663	663	2.068
8664	664	2.045
8665	665	2.022
8666	666	1.997
8667	667	1.97
8668	668	1.94
8669	669	1.907
8670	670	1.872
8671	671	1.836
8672	672	1.8
8673	673	1.764
8674	674	1.728
8675	675	1.69
8676	676	1.653
8677	677	1.615
8678	678	1.577
8679	679	1.54
8680	680	1.505
8681	681	1.47
8682	682	1.436
8683	683	1.404
8684	684	1.372
8685	685	1.342
8686	686	1.312
8687	687	1.281
8688	688	1.251
8689	689	1.221
8690	690	1.191
8691	691	1.164
8692	692	1.137
8693	693	1.112
8694	694	1.088
8695	695	1.064
8696	696	1.037
8697	697	1.009
8698	698	0.979
8699	699	0.949
8700	700	0.919
8701	701	0.892
8702	702	0.867
8703	703	0.841
8704	704	0.816
8705	705	0.792
8706	706	0.769
8707	707	0.747
8708	708	0.727
8709	709	0.711
8710	710	0.697
8711	711	0.684
8712	712	0.671
8713	713	0.658
8714	714	0.642
8715	715	0.624
8716	716	0.604
8717	717	0.584
8718	718	0.561
8719	719	0.537
8720	720	0.514
8721	721	0.49
8722	722	0.466
8723	723	0.441
8724	724	0.416
8725	725	0.391
8726	726	0.365
8727	727	0.339
8728	728	0.312
8729	729	0.285
8730	730	0.257
8731	731	0.229
8732	732	0.2
8733	733	0.168
8734	734	0.134
8735	735	0.096
8736	736	0.056
8737	737	0.015
8738	738	-0.025
8739	739	-0.064
8740	740	-0.101
8741	741	-0.135
8742	742	-0.167
8743	743	-0.198
8744	744	-0.226
8745	745	-0.252
8746	746	-0.274
8747	747	-0.291
8748	748	-0.304
8749	749	-0.313
8750	750	-0.319
8751	751	-0.325
8752	752	-0.332
8753	753	-0.342
8754	754	-0.352
8755	755	-0.364
8756	756	-0.375
8757	757	-0.386
8758	758	-0.394
8759	759	-0.402
8760	760	-0.408
8761	761	-0.411
8762	762	-0.413
8763	763	-0.412
8764	764	-0.408
8765	765	-0.4
8766	766	-0.39
8767	767	-0.379
8768	768	-0.367
8769	769	-0.354
8770	770	-0.341
8771	771	-0.329
8772	772	-0.317
8773	773	-0.308
8774	774	-0.3
8775	775	-0.296
8776	776	-0.293
8777	777	-0.291
8778	778	-0.289
8779	779	-0.285
8780	780	-0.278
8781	781	-0.266
8782	782	-0.249
8783	783	-0.225
8784	784	-0.196
8785	785	-0.161
8786	786	-0.122
8787	787	-0.079
8788	788	-0.032
8789	789	0.017
8790	790	0.07
8791	791	0.126
8792	792	0.184
8793	793	0.245
8794	794	0.307
8795	795	0.37
8796	796	0.432
8797	797	0.493
8798	798	0.552
8799	799	0.61
8800	800	0.667
8801	801	0.724
8802	802	0.778
8803	803	0.832
8804	804	0.884
8805	805	0.935
8806	806	0.985
8807	807	1.036
8808	808	1.087
8809	809	1.14
8810	810	1.195
8811	811	1.25
8812	812	1.308
8813	813	1.366
8814	814	1.423
8815	815	1.477
8816	816	1.529
8817	817	1.579
8818	818	1.626
8819	819	1.67
8820	820	1.711
8821	821	1.752
8822	822	1.793
8823	823	1.834
8824	824	1.877
8825	825	1.921
8826	826	1.966
8827	827	2.012
8828	828	2.059
8829	829	2.106
8830	830	2.154
8831	831	2.201
8832	832	2.247
8833	833	2.293
8834	834	2.338
8835	835	2.382
8836	836	2.426
8837	837	2.468
8838	838	2.512
8839	839	2.556
8840	840	2.598
8841	841	2.639
8842	842	2.676
8843	843	2.711
8844	844	2.744
8845	845	2.776
8846	846	2.808
8847	847	2.841
8848	848	2.874
8849	849	2.908
8850	850	2.943
8851	851	2.977
8852	852	3.01
8853	853	3.04
8854	854	3.069
8855	855	3.095
8856	856	3.119
8857	857	3.141
8858	858	3.16
8859	859	3.177
8860	860	3.193
8861	861	3.207
8862	862	3.221
8863	863	3.232
8864	864	3.241
8865	865	3.247
8866	866	3.25
8867	867	3.25
8868	868	3.247
8869	869	3.242
8870	870	3.234
8871	871	3.221
8872	872	3.205
8873	873	3.186
8874	874	3.166
8875	875	3.145
8876	876	3.126
8877	877	3.107
8878	878	3.089
8879	879	3.073
8880	880	3.058
8881	881	3.044
8882	882	3.03
8883	883	3.017
8884	884	3.003
8885	885	2.991
8886	886	2.98
8887	887	2.969
8888	888	2.958
8889	889	2.948
8890	890	2.937
8891	891	2.926
8892	892	2.917
8893	893	2.908
8894	894	2.9
8895	895	2.893
8896	896	2.886
8897	897	2.879
8898	898	2.872
8899	899	2.867
8900	900	2.863
8901	901	2.861
8902	902	2.861
8903	903	2.861
8904	904	2.861
8905	905	2.86
8906	906	2.859
8907	907	2.855
8908	908	2.851
8909	909	2.846
8910	910	2.839
8911	911	2.829
8912	912	2.815
8913	913	2.798
8914	914	2.78
8915	915	2.761
8916	916	2.742
8917	917	2.724
8918	918	2.707
8919	919	2.692
8920	920	2.679
8921	921	2.666
8922	922	2.654
8923	923	2.642
8924	924	2.631
8925	925	2.618
8926	926	2.604
8927	927	2.587
8928	928	2.569
8929	929	2.549
8930	930	2.528
8931	931	2.505
8932	932	2.482
8933	933	2.459
8934	934	2.437
8935	935	2.415
8936	936	2.395
8937	937	2.375
8938	938	2.357
8939	939	2.339
8940	940	2.322
8941	941	2.304
8942	942	2.287
8943	943	2.269
8944	944	2.251
8945	945	2.234
8946	946	2.218
8947	947	2.203
8948	948	2.189
8949	949	2.177
8950	950	2.165
8951	951	2.153
8952	952	2.139
8953	953	2.125
8954	954	2.107
8955	955	2.088
8956	956	2.067
8957	957	2.044
8958	958	2.02
8959	959	1.994
8960	960	1.966
8961	961	1.938
8962	962	1.911
8963	963	1.886
8964	964	1.863
8965	965	1.84
8966	966	1.817
8967	967	1.797
8968	968	1.778
8969	969	1.76
8970	970	1.742
8971	971	1.724
8972	972	1.707
8973	973	1.691
8974	974	1.676
8975	975	1.662
8976	976	1.649
8977	977	1.639
8978	978	1.629
8979	979	1.617
8980	980	1.602
8981	981	1.585
8982	982	1.566
8983	983	1.547
8984	984	1.527
8985	985	1.507
8986	986	1.489
8987	987	1.473
8988	988	1.46
8989	989	1.447
8990	990	1.437
8991	991	1.427
8992	992	1.418
8993	993	1.411
8994	994	1.405
8995	995	1.4
8996	996	1.396
8997	997	1.392
8998	998	1.388
8999	999	1.382
9000	1000	1.374
9001	1001	1.367
9002	1002	1.359
9003	1003	1.349
9004	1004	1.34
9005	1005	1.333
9006	1006	1.325
9007	1007	1.315
9008	1008	1.306
9009	1009	1.297
9010	1010	1.285
9011	1011	1.272
9012	1012	1.259
9013	1013	1.244
9014	1014	1.228
9015	1015	1.212
9016	1016	1.197
9017	1017	1.181
9018	1018	1.165
9019	1019	1.147
9020	1020	1.127
9021	1021	1.103
9022	1022	1.077
9023	1023	1.05
9024	1024	1.023
9025	1025	0.995
9026	1026	0.968
9027	1027	0.942
9028	1028	0.917
9029	1029	0.894
9030	1030	0.872
9031	1031	0.852
9032	1032	0.833
9033	1033	0.814
9034	1034	0.798
9035	1035	0.782
9036	1036	0.768
9037	1037	0.752
9038	1038	0.736
9039	1039	0.719
9040	1040	0.701
9041	1041	0.682
9042	1042	0.662
9043	1043	0.64
9044	1044	0.619
9045	1045	0.6
9046	1046	0.583
9047	1047	0.567
9048	1048	0.554
9049	1049	0.543
9050	1050	0.534
9051	1051	0.526
9052	1052	0.52
9053	1053	0.515
9054	1054	0.508
9055	1055	0.5
9056	1056	0.491
9057	1057	0.482
9058	1058	0.471
9059	1059	0.461
9060	1060	0.452
9061	1061	0.444
9062	1062	0.436
9063	1063	0.429
9064	1064	0.42
9065	1065	0.412
9066	1066	0.403
9067	1067	0.391
9068	1068	0.376
9069	1069	0.36
9070	1070	0.343
9071	1071	0.324
9072	1072	0.303
9073	1073	0.281
9074	1074	0.257
9075	1075	0.232
9076	1076	0.206
9077	1077	0.18
9078	1078	0.154
9079	1079	0.129
9080	1080	0.105
9081	1081	0.083
9082	1082	0.062
9083	1083	0.042
9084	1084	0.023
9085	1085	0.004
9086	1086	-0.016
9087	1087	-0.036
9088	1088	-0.055
9089	1089	-0.074
9090	1090	-0.092
9091	1091	-0.11
9092	1092	-0.129
9093	1093	-0.15
9094	1094	-0.171
9095	1095	-0.193
9096	1096	-0.217
9097	1097	-0.24
9098	1098	-0.263
9099	1099	-0.287
9100	1100	-0.312
9101	1101	-0.338
9102	1102	-0.365
9103	1103	-0.395
9104	1104	-0.428
9105	1105	-0.463
9106	1106	-0.5
9107	1107	-0.539
9108	1108	-0.582
9109	1109	-0.628
9110	1110	-0.676
9111	1111	-0.725
9112	1112	-0.777
9113	1113	-0.828
9114	1114	-0.88
9115	1115	-0.93
9116	1116	-0.978
9117	1117	-1.025
9118	1118	-1.07
9119	1119	-1.114
9120	1120	-1.156
9121	1121	-1.196
9122	1122	-1.234
9123	1123	-1.271
9124	1124	-1.305
9125	1125	-1.339
9126	1126	-1.372
9127	1127	-1.404
9128	1128	-1.433
9129	1129	-1.459
9130	1130	-1.484
9131	1131	-1.506
9132	1132	-1.525
9133	1133	-1.543
9134	1134	-1.559
9135	1135	-1.574
9136	1136	-1.59
9137	1137	-1.607
9138	1138	-1.624
9139	1139	-1.641
9140	1140	-1.657
9141	1141	-1.672
9142	1142	-1.687
9143	1143	-1.699
9144	1144	-1.709
9145	1145	-1.718
9146	1146	-1.727
9147	1147	-1.735
9148	1148	-1.745
9149	1149	-1.756
9150	1150	-1.769
9151	1151	-1.783
9152	1152	-1.798
9153	1153	-1.815
9154	1154	-1.834
9155	1155	-1.853
9156	1156	-1.872
9157	1157	-1.89
9158	1158	-1.909
9159	1159	-1.927
9160	1160	-1.947
9161	1161	-1.966
9162	1162	-1.985
9163	1163	-2.004
9164	1164	-2.022
9165	1165	-2.038
9166	1166	-2.052
9167	1167	-2.065
9168	1168	-2.078
9169	1169	-2.092
9170	1170	-2.108
9171	1171	-2.125
9172	1172	-2.145
9173	1173	-2.167
9174	1174	-2.191
9175	1175	-2.215
9176	1176	-2.24
9177	1177	-2.265
9178	1178	-2.289
9179	1179	-2.314
9180	1180	-2.34
9181	1181	-2.365
9182	1182	-2.389
9183	1183	-2.414
9184	1184	-2.441
9185	1185	-2.47
9186	1186	-2.5
9187	1187	-2.532
9188	1188	-2.564
9189	1189	-2.595
9190	1190	-2.627
9191	1191	-2.659
9192	1192	-2.691
9193	1193	-2.724
9194	1194	-2.755
9195	1195	-2.786
9196	1196	-2.818
9197	1197	-2.851
9198	1198	-2.883
9199	1199	-2.914
9200	1200	-2.945
9201	1201	-2.974
9202	1202	-3.003
9203	1203	-3.03
9204	1204	-3.055
9205	1205	-3.077
9206	1206	-3.097
9207	1207	-3.116
9208	1208	-3.138
9209	1209	-3.16
9210	1210	-3.183
9211	1211	-3.206
9212	1212	-3.229
9213	1213	-3.252
9214	1214	-3.276
9215	1215	-3.301
9216	1216	-3.327
9217	1217	-3.354
9218	1218	-3.38
9219	1219	-3.404
9220	1220	-3.428
9221	1221	-3.451
9222	1222	-3.476
9223	1223	-3.505
9224	1224	-3.535
9225	1225	-3.568
9226	1226	-3.601
9227	1227	-3.636
9228	1228	-3.672
9229	1229	-3.709
9230	1230	-3.749
9231	1231	-3.791
9232	1232	-3.833
9233	1233	-3.874
9234	1234	-3.916
9235	1235	-3.958
9236	1236	-4.0
9237	1237	-4.043
9238	1238	-4.086
9239	1239	-4.129
9240	1240	-4.172
9241	1241	-4.216
9242	1242	-4.261
9243	1243	-4.305
9244	1244	-4.349
9245	1245	-4.392
9246	1246	-4.435
9247	1247	-4.477
9248	1248	-4.519
9249	1249	-4.561
9250	1250	-4.604
9251	1251	-4.649
9252	1252	-4.694
9253	1253	-4.741
9254	1254	-4.788
9255	1255	-4.836
9256	1256	-4.887
9257	1257	-4.94
9258	1258	-4.996
9259	1259	-5.051
9260	1260	-5.106
9261	1261	-5.161
9262	1262	-5.216
9263	1263	-5.272
9264	1264	-5.327
9265	1265	-5.379
9266	1266	-5.429
9267	1267	-5.477
9268	1268	-5.524
9269	1269	-5.571
9270	1270	-5.621
9271	1271	-5.672
9272	1272	-5.725
9273	1273	-5.777
9274	1274	-5.828
9275	1275	-5.878
9276	1276	-5.926
9277	1277	-5.974
9278	1278	-6.022
9279	1279	-6.07
9280	1280	-6.118
9281	1281	-6.165
9282	1282	-6.213
9283	1283	-6.262
9284	1284	-6.312
9285	1285	-6.361
9286	1286	-6.41
9287	1287	-6.461
9288	1288	-6.514
9289	1289	-6.568
9290	1290	-6.623
9291	1291	-6.679
9292	1292	-6.736
9293	1293	-6.794
9294	1294	-6.852
9295	1295	-6.91
9296	1296	-6.968
9297	1297	-7.025
9298	1298	-7.082
9299	1299	-7.139
9300	1300	-7.196
9301	1301	-7.252
9302	1302	-7.307
9303	1303	-7.361
9304	1304	-7.414
9305	1305	-7.466
9306	1306	-7.515
9307	1307	-7.563
9308	1308	-7.608
9309	1309	-7.65
9310	1310	-7.691
9311	1311	-7.73
9312	1312	-7.77
9313	1313	-7.809
9314	1314	-7.848
9315	1315	-7.888
9316	1316	-7.927
9317	1317	-7.965
9318	1318	-8.001
9319	1319	-8.034
9320	1320	-8.066
9321	1321	-8.096
9322	1322	-8.125
9323	1323	-8.154
9324	1324	-8.182
9325	1325	-8.21
9326	1326	-8.238
9327	1327	-8.265
9328	1328	-8.289
9329	1329	-8.311
9330	1330	-8.332
9331	1331	-8.35
9332	1332	-8.368
9333	1333	-8.385
9334	1334	-8.399
9335	1335	-8.41
9336	1336	-8.417
9337	1337	-8.42
9338	1338	-8.421
9339	1339	-8.42
9340	1340	-8.416
9341	1341	-8.411
9342	1342	-8.405
9343	1343	-8.4
9344	1344	-8.394
9345	1345	-8.388
9346	1346	-8.381
9347	1347	-8.373
9348	1348	-8.364
9349	1349	-8.355
9350	1350	-8.348
9351	1351	-8.341
9352	1352	-8.335
9353	1353	-8.329
9354	1354	-8.323
9355	1355	-8.317
9356	1356	-8.314
9357	1357	-8.313
9358	1358	-8.316
9359	1359	-8.324
9360	1360	-8.333
9361	1361	-8.344
9362	1362	-8.356
9363	1363	-8.37
9364	1364	-8.385
9365	1365	-8.4
9366	1366	-8.416
9367	1367	-8.432
9368	1368	-8.448
9369	1369	-8.464
9370	1370	-8.481
9371	1371	-8.497
9372	1372	-8.514
9373	1373	-8.53
9374	1374	-8.545
9375	1375	-8.559
9376	1376	-8.571
9377	1377	-8.582
9378	1378	-8.59
9379	1379	-8.595
9380	1380	-8.597
9381	1381	-8.596
9382	1382	-8.593
9383	1383	-8.591
9384	1384	-8.59
9385	1385	-8.591
9386	1386	-8.593
9387	1387	-8.598
9388	1388	-8.604
9389	1389	-8.612
9390	1390	-8.621
9391	1391	-8.631
9392	1392	-8.641
9393	1393	-8.65
9394	1394	-8.657
9395	1395	-8.663
9396	1396	-8.669
9397	1397	-8.676
9398	1398	-8.683
9399	1399	-8.691
9400	1400	-8.697
9401	1401	-8.701
9402	1402	-8.702
9403	1403	-8.7
9404	1404	-8.695
9405	1405	-8.688
9406	1406	-8.68
9407	1407	-8.67
9408	1408	-8.659
9409	1409	-8.646
9410	1410	-8.632
9411	1411	-8.614
9412	1412	-8.593
9413	1413	-8.568
9414	1414	-8.538
9415	1415	-8.503
9416	1416	-8.463
9417	1417	-8.42
9418	1418	-8.374
9419	1419	-8.328
9420	1420	-8.284
9421	1421	-8.242
9422	1422	-8.203
9423	1423	-8.165
9424	1424	-8.128
9425	1425	-8.091
9426	1426	-8.052
9427	1427	-8.015
9428	1428	-7.979
9429	1429	-7.948
9430	1430	-7.92
9431	1431	-7.896
9432	1432	-7.877
9433	1433	-7.862
9434	1434	-7.852
9435	1435	-7.847
9436	1436	-7.847
9437	1437	-7.851
9438	1438	-7.861
9439	1439	-7.875
9440	1440	-7.893
9441	1441	-7.912
9442	1442	-7.932
9443	1443	-7.953
9444	1444	-7.974
9445	1445	-7.995
9446	1446	-8.015
9447	1447	-8.032
9448	1448	-8.047
9449	1449	-8.062
9450	1450	-8.075
9451	1451	-8.09
9452	1452	-8.108
9453	1453	-8.129
9454	1454	-8.15
9455	1455	-8.171
9456	1456	-8.19
9457	1457	-8.208
9458	1458	-8.227
9459	1459	-8.246
9460	1460	-8.262
9461	1461	-8.273
9462	1462	-8.278
9463	1463	-8.279
9464	1464	-8.276
9465	1465	-8.272
9466	1466	-8.27
9467	1467	-8.268
9468	1468	-8.268
9469	1469	-8.271
9470	1470	-8.276
9471	1471	-8.282
9472	1472	-8.289
9473	1473	-8.295
9474	1474	-8.3
9475	1475	-8.307
9476	1476	-8.316
9477	1477	-8.327
9478	1478	-8.34
9479	1479	-8.355
9480	1480	-8.375
9481	1481	-8.397
9482	1482	-8.421
9483	1483	-8.445
9484	1484	-8.466
9485	1485	-8.486
9486	1486	-8.505
9487	1487	-8.521
9488	1488	-8.534
9489	1489	-8.546
9490	1490	-8.557
9491	1491	-8.567
9492	1492	-8.577
9493	1493	-8.587
9494	1494	-8.599
9495	1495	-8.612
9496	1496	-8.626
9497	1497	-8.637
9498	1498	-8.647
9499	1499	-8.653
9500	1500	-8.657
9501	1501	-8.659
9502	1502	-8.658
9503	1503	-8.655
9504	1504	-8.651
9505	1505	-8.646
9506	1506	-8.639
9507	1507	-8.632
9508	1508	-8.621
9509	1509	-8.607
9510	1510	-8.592
9511	1511	-8.578
9512	1512	-8.566
9513	1513	-8.557
9514	1514	-8.551
9515	1515	-8.549
9516	1516	-8.552
9517	1517	-8.558
9518	1518	-8.567
9519	1519	-8.581
9520	1520	-8.599
9521	1521	-8.618
9522	1522	-8.639
9523	1523	-8.66
9524	1524	-8.683
9525	1525	-8.708
9526	1526	-8.734
9527	1527	-8.762
9528	1528	-8.788
9529	1529	-8.813
9530	1530	-8.837
9531	1531	-8.86
9532	1532	-8.882
9533	1533	-8.903
9534	1534	-8.924
9535	1535	-8.944
9536	1536	-8.961
9537	1537	-8.971
9538	1538	-8.978
9539	1539	-8.986
9540	1540	-8.998
9541	1541	-9.01
9542	1542	-9.02
9543	1543	-9.028
9544	1544	-9.033
9545	1545	-9.034
9546	1546	-9.031
9547	1547	-9.025
9548	1548	-9.016
9549	1549	-9.003
9550	1550	-8.987
9551	1551	-8.966
9552	1552	-8.941
9553	1553	-8.913
9554	1554	-8.878
9555	1555	-8.84
9556	1556	-8.801
9557	1557	-8.759
9558	1558	-8.714
9559	1559	-8.667
9560	1560	-8.619
9561	1561	-8.569
9562	1562	-8.518
9563	1563	-8.465
9564	1564	-8.41
9565	1565	-8.354
9566	1566	-8.298
9567	1567	-8.242
9568	1568	-8.186
9569	1569	-8.131
9570	1570	-8.077
9571	1571	-8.025
9572	1572	-7.976
9573	1573	-7.929
9574	1574	-7.884
9575	1575	-7.841
9576	1576	-7.802
9577	1577	-7.765
9578	1578	-7.731
9579	1579	-7.702
9580	1580	-7.676
9581	1581	-7.653
9582	1582	-7.633
9583	1583	-7.613
9584	1584	-7.596
9585	1585	-7.58
9586	1586	-7.566
9587	1587	-7.553
9588	1588	-7.539
9589	1589	-7.524
9590	1590	-7.509
9591	1591	-7.495
9592	1592	-7.479
9593	1593	-7.463
9594	1594	-7.447
9595	1595	-7.433
9596	1596	-7.419
9597	1597	-7.407
9598	1598	-7.397
9599	1599	-7.387
9600	1600	-7.377
9601	1601	-7.368
9602	1602	-7.36
9603	1603	-7.352
9604	1604	-7.345
9605	1605	-7.339
9606	1606	-7.333
9607	1607	-7.327
9608	1608	-7.319
9609	1609	-7.312
9610	1610	-7.305
9611	1611	-7.3
9612	1612	-7.296
9613	1613	-7.294
9614	1614	-7.292
9615	1615	-7.289
9616	1616	-7.286
9617	1617	-7.282
9618	1618	-7.277
9619	1619	-7.272
9620	1620	-7.267
9621	1621	-7.264
9622	1622	-7.261
9623	1623	-7.258
9624	1624	-7.256
9625	1625	-7.252
9626	1626	-7.247
9627	1627	-7.241
9628	1628	-7.235
9629	1629	-7.229
9630	1630	-7.223
9631	1631	-7.217
9632	1632	-7.21
9633	1633	-7.205
9634	1634	-7.202
9635	1635	-7.2
9636	1636	-7.2
9637	1637	-7.2
9638	1638	-7.201
9639	1639	-7.202
9640	1640	-7.206
9641	1641	-7.213
9642	1642	-7.225
9643	1643	-7.244
9644	1644	-7.269
9645	1645	-7.298
9646	1646	-7.332
9647	1647	-7.372
9648	1648	-7.415
9649	1649	-7.459
9650	1650	-7.502
9651	1651	-7.545
9652	1652	-7.588
9653	1653	-7.63
9654	1654	-7.671
9655	1655	-7.712
9656	1656	-7.753
9657	1657	-7.793
9658	1658	-7.833
9659	1659	-7.87
9660	1660	-7.905
9661	1661	-7.936
9662	1662	-7.963
9663	1663	-7.986
9664	1664	-8.002
9665	1665	-8.012
9666	1666	-8.015
9667	1667	-8.012
9668	1668	-8.003
9669	1669	-7.99
9670	1670	-7.975
9671	1671	-7.956
9672	1672	-7.936
9673	1673	-7.913
9674	1674	-7.888
9675	1675	-7.862
9676	1676	-7.835
9677	1677	-7.81
9678	1678	-7.786
9679	1679	-7.766
9680	1680	-7.747
9681	1681	-7.729
9682	1682	-7.711
9683	1683	-7.693
9684	1684	-7.674
9685	1685	-7.654
9686	1686	-7.633
9687	1687	-7.607
9688	1688	-7.58
9689	1689	-7.553
9690	1690	-7.529
9691	1691	-7.506
9692	1692	-7.482
9693	1693	-7.458
9694	1694	-7.432
9695	1695	-7.406
9696	1696	-7.378
9697	1697	-7.348
9698	1698	-7.316
9699	1699	-7.284
9700	1700	-7.253
9701	1701	-7.223
9702	1702	-7.195
9703	1703	-7.168
9704	1704	-7.143
9705	1705	-7.117
9706	1706	-7.09
9707	1707	-7.063
9708	1708	-7.036
9709	1709	-7.009
9710	1710	-6.981
9711	1711	-6.954
9712	1712	-6.929
9713	1713	-6.908
9714	1714	-6.891
9715	1715	-6.877
9716	1716	-6.865
9717	1717	-6.858
9718	1718	-6.853
9719	1719	-6.85
9720	1720	-6.844
9721	1721	-6.833
9722	1722	-6.817
9723	1723	-6.796
9724	1724	-6.77
9725	1725	-6.742
9726	1726	-6.712
9727	1727	-6.679
9728	1728	-6.647
9729	1729	-6.619
9730	1730	-6.595
9731	1731	-6.576
9732	1732	-6.56
9733	1733	-6.548
9734	1734	-6.538
9735	1735	-6.53
9736	1736	-6.524
9737	1737	-6.519
9738	1738	-6.515
9739	1739	-6.511
9740	1740	-6.507
9741	1741	-6.5
9742	1742	-6.49
9743	1743	-6.477
9744	1744	-6.461
9745	1745	-6.441
9746	1746	-6.419
9747	1747	-6.396
9748	1748	-6.371
9749	1749	-6.346
9750	1750	-6.321
9751	1751	-6.296
9752	1752	-6.271
9753	1753	-6.245
9754	1754	-6.219
9755	1755	-6.194
9756	1756	-6.167
9757	1757	-6.138
9758	1758	-6.107
9759	1759	-6.071
9760	1760	-6.03
9761	1761	-5.986
9762	1762	-5.939
9763	1763	-5.89
9764	1764	-5.841
9765	1765	-5.79
9766	1766	-5.738
9767	1767	-5.686
9768	1768	-5.634
9769	1769	-5.58
9770	1770	-5.525
9771	1771	-5.47
9772	1772	-5.416
9773	1773	-5.363
9774	1774	-5.313
9775	1775	-5.265
9776	1776	-5.22
9777	1777	-5.176
9778	1778	-5.135
9779	1779	-5.096
9780	1780	-5.059
9781	1781	-5.024
9782	1782	-4.99
9783	1783	-4.957
9784	1784	-4.925
9785	1785	-4.894
9786	1786	-4.864
9787	1787	-4.835
9788	1788	-4.808
9789	1789	-4.782
9790	1790	-4.757
9791	1791	-4.732
9792	1792	-4.708
9793	1793	-4.688
9794	1794	-4.673
9795	1795	-4.664
9796	1796	-4.662
9797	1797	-4.666
9798	1798	-4.674
9799	1799	-4.685
9800	1800	-4.7
9801	1801	-4.718
9802	1802	-4.737
9803	1803	-4.757
9804	1804	-4.777
9805	1805	-4.797
9806	1806	-4.817
9807	1807	-4.837
9808	1808	-4.858
9809	1809	-4.879
9810	1810	-4.9
9811	1811	-4.919
9812	1812	-4.936
9813	1813	-4.95
9814	1814	-4.96
9815	1815	-4.967
9816	1816	-4.971
9817	1817	-4.973
9818	1818	-4.973
9819	1819	-4.973
9820	1820	-4.97
9821	1821	-4.964
9822	1822	-4.954
9823	1823	-4.941
9824	1824	-4.923
9825	1825	-4.902
9826	1826	-4.878
9827	1827	-4.853
9828	1828	-4.826
9829	1829	-4.8
9830	1830	-4.774
9831	1831	-4.748
9832	1832	-4.72
9833	1833	-4.693
9834	1834	-4.669
9835	1835	-4.648
9836	1836	-4.63
9837	1837	-4.615
9838	1838	-4.602
9839	1839	-4.593
9840	1840	-4.584
9841	1841	-4.576
9842	1842	-4.57
9843	1843	-4.564
9844	1844	-4.56
9845	1845	-4.558
9846	1846	-4.556
9847	1847	-4.555
9848	1848	-4.555
9849	1849	-4.556
9850	1850	-4.558
9851	1851	-4.561
9852	1852	-4.565
9853	1853	-4.569
9854	1854	-4.573
9855	1855	-4.577
9856	1856	-4.58
9857	1857	-4.582
9858	1858	-4.582
9859	1859	-4.582
9860	1860	-4.581
9861	1861	-4.58
9862	1862	-4.58
9863	1863	-4.582
9864	1864	-4.585
9865	1865	-4.587
9866	1866	-4.589
9867	1867	-4.592
9868	1868	-4.594
9869	1869	-4.598
9870	1870	-4.603
9871	1871	-4.611
9872	1872	-4.621
9873	1873	-4.634
9874	1874	-4.649
9875	1875	-4.665
9876	1876	-4.682
9877	1877	-4.699
9878	1878	-4.718
9879	1879	-4.738
9880	1880	-4.758
9881	1881	-4.778
9882	1882	-4.796
9883	1883	-4.813
9884	1884	-4.827
9885	1885	-4.842
9886	1886	-4.856
9887	1887	-4.87
9888	1888	-4.885
9889	1889	-4.902
9890	1890	-4.921
9891	1891	-4.945
9892	1892	-4.971
9893	1893	-4.999
9894	1894	-5.029
9895	1895	-5.06
9896	1896	-5.092
9897	1897	-5.127
9898	1898	-5.162
9899	1899	-5.197
9900	1900	-5.23
9901	1901	-5.261
9902	1902	-5.289
9903	1903	-5.315
9904	1904	-5.34
9905	1905	-5.364
9906	1906	-5.388
9907	1907	-5.415
9908	1908	-5.444
9909	1909	-5.473
9910	1910	-5.501
9911	1911	-5.524
9912	1912	-5.543
9913	1913	-5.56
9914	1914	-5.575
9915	1915	-5.589
9916	1916	-5.601
9917	1917	-5.612
9918	1918	-5.624
9919	1919	-5.635
9920	1920	-5.644
9921	1921	-5.654
9922	1922	-5.664
9923	1923	-5.67
9924	1924	-5.671
9925	1925	-5.668
9926	1926	-5.662
9927	1927	-5.652
9928	1928	-5.641
9929	1929	-5.629
9930	1930	-5.616
9931	1931	-5.601
9932	1932	-5.583
9933	1933	-5.564
9934	1934	-5.544
9935	1935	-5.524
9936	1936	-5.506
9937	1937	-5.488
9938	1938	-5.47
9939	1939	-5.453
9940	1940	-5.439
9941	1941	-5.427
9942	1942	-5.419
9943	1943	-5.415
9944	1944	-5.416
9945	1945	-5.419
9946	1946	-5.424
9947	1947	-5.431
9948	1948	-5.439
9949	1949	-5.447
9950	1950	-5.454
9951	1951	-5.462
9952	1952	-5.471
9953	1953	-5.481
9954	1954	-5.49
9955	1955	-5.496
9956	1956	-5.501
9957	1957	-5.504
9958	1958	-5.506
9959	1959	-5.506
9960	1960	-5.506
9961	1961	-5.507
9962	1962	-5.511
9963	1963	-5.516
9964	1964	-5.524
9965	1965	-5.533
9966	1966	-5.542
9967	1967	-5.553
9968	1968	-5.563
9969	1969	-5.572
9970	1970	-5.582
9971	1971	-5.591
9972	1972	-5.599
9973	1973	-5.607
9974	1974	-5.61
9975	1975	-5.605
9976	1976	-5.595
9977	1977	-5.581
9978	1978	-5.565
9979	1979	-5.549
9980	1980	-5.535
9981	1981	-5.522
9982	1982	-5.507
9983	1983	-5.491
9984	1984	-5.478
9985	1985	-5.469
9986	1986	-5.464
9987	1987	-5.464
9988	1988	-5.469
9989	1989	-5.48
9990	1990	-5.495
9991	1991	-5.516
9992	1992	-5.543
9993	1993	-5.574
9994	1994	-5.607
9995	1995	-5.64
9996	1996	-5.676
9997	1997	-5.715
9998	1998	-5.758
9999	1999	-5.807
10000	2000	-5.86
