	Year	ref
0	-8000	57.663
1	-7999	57.639
2	-7998	57.614
3	-7997	57.589
4	-7996	57.563
5	-7995	57.536
6	-7994	57.51
7	-7993	57.482
8	-7992	57.453
9	-7991	57.427
10	-7990	57.406
11	-7989	57.391
12	-7988	57.381
13	-7987	57.372
14	-7986	57.364
15	-7985	57.354
16	-7984	57.344
17	-7983	57.329
18	-7982	57.31
19	-7981	57.288
20	-7980	57.264
21	-7979	57.237
22	-7978	57.21
23	-7977	57.181
24	-7976	57.151
25	-7975	57.12
26	-7974	57.088
27	-7973	57.053
28	-7972	57.017
29	-7971	56.979
30	-7970	56.939
31	-7969	56.897
32	-7968	56.852
33	-7967	56.804
34	-7966	56.755
35	-7965	56.707
36	-7964	56.66
37	-7963	56.613
38	-7962	56.566
39	-7961	56.522
40	-7960	56.479
41	-7959	56.438
42	-7958	56.4
43	-7957	56.368
44	-7956	56.341
45	-7955	56.32
46	-7954	56.301
47	-7953	56.283
48	-7952	56.267
49	-7951	56.25
50	-7950	56.233
51	-7949	56.214
52	-7948	56.195
53	-7947	56.175
54	-7946	56.155
55	-7945	56.135
56	-7944	56.116
57	-7943	56.099
58	-7942	56.084
59	-7941	56.069
60	-7940	56.055
61	-7939	56.042
62	-7938	56.029
63	-7937	56.017
64	-7936	56.008
65	-7935	56.003
66	-7934	56.003
67	-7933	56.006
68	-7932	56.012
69	-7931	56.021
70	-7930	56.033
71	-7929	56.047
72	-7928	56.063
73	-7927	56.082
74	-7926	56.104
75	-7925	56.127
76	-7924	56.148
77	-7923	56.164
78	-7922	56.174
79	-7921	56.179
80	-7920	56.18
81	-7919	56.179
82	-7918	56.177
83	-7917	56.173
84	-7916	56.168
85	-7915	56.159
86	-7914	56.147
87	-7913	56.134
88	-7912	56.121
89	-7911	56.108
90	-7910	56.096
91	-7909	56.085
92	-7908	56.076
93	-7907	56.071
94	-7906	56.069
95	-7905	56.07
96	-7904	56.073
97	-7903	56.076
98	-7902	56.078
99	-7901	56.078
100	-7900	56.077
101	-7899	56.077
102	-7898	56.08
103	-7897	56.088
104	-7896	56.101
105	-7895	56.117
106	-7894	56.136
107	-7893	56.158
108	-7892	56.184
109	-7891	56.209
110	-7890	56.234
111	-7889	56.26
112	-7888	56.288
113	-7887	56.316
114	-7886	56.345
115	-7885	56.373
116	-7884	56.397
117	-7883	56.416
118	-7882	56.432
119	-7881	56.444
120	-7880	56.455
121	-7879	56.464
122	-7878	56.471
123	-7877	56.475
124	-7876	56.475
125	-7875	56.47
126	-7874	56.459
127	-7873	56.442
128	-7872	56.422
129	-7871	56.401
130	-7870	56.381
131	-7869	56.362
132	-7868	56.343
133	-7867	56.323
134	-7866	56.302
135	-7865	56.28
136	-7864	56.259
137	-7863	56.238
138	-7862	56.215
139	-7861	56.192
140	-7860	56.169
141	-7859	56.148
142	-7858	56.13
143	-7857	56.115
144	-7856	56.104
145	-7855	56.099
146	-7854	56.098
147	-7853	56.1
148	-7852	56.104
149	-7851	56.111
150	-7850	56.12
151	-7849	56.131
152	-7848	56.147
153	-7847	56.165
154	-7846	56.183
155	-7845	56.201
156	-7844	56.22
157	-7843	56.238
158	-7842	56.256
159	-7841	56.274
160	-7840	56.289
161	-7839	56.302
162	-7838	56.312
163	-7837	56.318
164	-7836	56.323
165	-7835	56.327
166	-7834	56.33
167	-7833	56.332
168	-7832	56.334
169	-7831	56.336
170	-7830	56.338
171	-7829	56.34
172	-7828	56.343
173	-7827	56.349
174	-7826	56.356
175	-7825	56.367
176	-7824	56.381
177	-7823	56.399
178	-7822	56.419
179	-7821	56.441
180	-7820	56.466
181	-7819	56.491
182	-7818	56.518
183	-7817	56.546
184	-7816	56.575
185	-7815	56.604
186	-7814	56.631
187	-7813	56.657
188	-7812	56.68
189	-7811	56.702
190	-7810	56.723
191	-7809	56.743
192	-7808	56.763
193	-7807	56.783
194	-7806	56.802
195	-7805	56.821
196	-7804	56.839
197	-7803	56.856
198	-7802	56.872
199	-7801	56.886
200	-7800	56.898
201	-7799	56.908
202	-7798	56.916
203	-7797	56.923
204	-7796	56.928
205	-7795	56.932
206	-7794	56.936
207	-7793	56.939
208	-7792	56.942
209	-7791	56.945
210	-7790	56.946
211	-7789	56.946
212	-7788	56.945
213	-7787	56.946
214	-7786	56.947
215	-7785	56.951
216	-7784	56.956
217	-7783	56.962
218	-7782	56.97
219	-7781	56.979
220	-7780	56.99
221	-7779	57.004
222	-7778	57.018
223	-7777	57.033
224	-7776	57.047
225	-7775	57.061
226	-7774	57.074
227	-7773	57.086
228	-7772	57.097
229	-7771	57.106
230	-7770	57.113
231	-7769	57.117
232	-7768	57.12
233	-7767	57.121
234	-7766	57.121
235	-7765	57.121
236	-7764	57.12
237	-7763	57.119
238	-7762	57.116
239	-7761	57.113
240	-7760	57.109
241	-7759	57.105
242	-7758	57.101
243	-7757	57.097
244	-7756	57.093
245	-7755	57.09
246	-7754	57.086
247	-7753	57.081
248	-7752	57.074
249	-7751	57.067
250	-7750	57.058
251	-7749	57.048
252	-7748	57.036
253	-7747	57.025
254	-7746	57.015
255	-7745	57.005
256	-7744	56.994
257	-7743	56.982
258	-7742	56.967
259	-7741	56.949
260	-7740	56.929
261	-7739	56.909
262	-7738	56.891
263	-7737	56.875
264	-7736	56.862
265	-7735	56.85
266	-7734	56.84
267	-7733	56.831
268	-7732	56.824
269	-7731	56.818
270	-7730	56.814
271	-7729	56.811
272	-7728	56.809
273	-7727	56.808
274	-7726	56.808
275	-7725	56.81
276	-7724	56.814
277	-7723	56.822
278	-7722	56.835
279	-7721	56.85
280	-7720	56.867
281	-7719	56.883
282	-7718	56.897
283	-7717	56.909
284	-7716	56.919
285	-7715	56.926
286	-7714	56.932
287	-7713	56.936
288	-7712	56.939
289	-7711	56.941
290	-7710	56.941
291	-7709	56.939
292	-7708	56.934
293	-7707	56.928
294	-7706	56.921
295	-7705	56.911
296	-7704	56.9
297	-7703	56.887
298	-7702	56.872
299	-7701	56.855
300	-7700	56.836
301	-7699	56.814
302	-7698	56.789
303	-7697	56.762
304	-7696	56.733
305	-7695	56.702
306	-7694	56.669
307	-7693	56.634
308	-7692	56.598
309	-7691	56.565
310	-7690	56.535
311	-7689	56.507
312	-7688	56.478
313	-7687	56.447
314	-7686	56.412
315	-7685	56.375
316	-7684	56.336
317	-7683	56.294
318	-7682	56.253
319	-7681	56.212
320	-7680	56.171
321	-7679	56.131
322	-7678	56.094
323	-7677	56.06
324	-7676	56.03
325	-7675	56.002
326	-7674	55.975
327	-7673	55.95
328	-7672	55.925
329	-7671	55.902
330	-7670	55.878
331	-7669	55.853
332	-7668	55.83
333	-7667	55.807
334	-7666	55.786
335	-7665	55.766
336	-7664	55.748
337	-7663	55.729
338	-7662	55.711
339	-7661	55.693
340	-7660	55.674
341	-7659	55.657
342	-7658	55.643
343	-7657	55.632
344	-7656	55.625
345	-7655	55.617
346	-7654	55.611
347	-7653	55.607
348	-7652	55.608
349	-7651	55.611
350	-7650	55.617
351	-7649	55.626
352	-7648	55.639
353	-7647	55.652
354	-7646	55.665
355	-7645	55.675
356	-7644	55.685
357	-7643	55.695
358	-7642	55.702
359	-7641	55.705
360	-7640	55.702
361	-7639	55.696
362	-7638	55.689
363	-7637	55.68
364	-7636	55.672
365	-7635	55.665
366	-7634	55.658
367	-7633	55.652
368	-7632	55.644
369	-7631	55.633
370	-7630	55.621
371	-7629	55.61
372	-7628	55.603
373	-7627	55.6
374	-7626	55.6
375	-7625	55.605
376	-7624	55.615
377	-7623	55.629
378	-7622	55.648
379	-7621	55.668
380	-7620	55.69
381	-7619	55.712
382	-7618	55.733
383	-7617	55.752
384	-7616	55.77
385	-7615	55.786
386	-7614	55.801
387	-7613	55.816
388	-7612	55.83
389	-7611	55.843
390	-7610	55.856
391	-7609	55.869
392	-7608	55.882
393	-7607	55.894
394	-7606	55.905
395	-7605	55.915
396	-7604	55.923
397	-7603	55.929
398	-7602	55.931
399	-7601	55.933
400	-7600	55.934
401	-7599	55.935
402	-7598	55.935
403	-7597	55.934
404	-7596	55.932
405	-7595	55.93
406	-7594	55.927
407	-7593	55.92
408	-7592	55.911
409	-7591	55.898
410	-7590	55.885
411	-7589	55.871
412	-7588	55.857
413	-7587	55.843
414	-7586	55.829
415	-7585	55.815
416	-7584	55.799
417	-7583	55.783
418	-7582	55.765
419	-7581	55.748
420	-7580	55.731
421	-7579	55.714
422	-7578	55.698
423	-7577	55.682
424	-7576	55.664
425	-7575	55.643
426	-7574	55.62
427	-7573	55.594
428	-7572	55.567
429	-7571	55.54
430	-7570	55.512
431	-7569	55.484
432	-7568	55.457
433	-7567	55.432
434	-7566	55.407
435	-7565	55.384
436	-7564	55.362
437	-7563	55.34
438	-7562	55.32
439	-7561	55.299
440	-7560	55.28
441	-7559	55.262
442	-7558	55.246
443	-7557	55.233
444	-7556	55.222
445	-7555	55.212
446	-7554	55.204
447	-7553	55.197
448	-7552	55.19
449	-7551	55.183
450	-7550	55.179
451	-7549	55.177
452	-7548	55.178
453	-7547	55.182
454	-7546	55.191
455	-7545	55.204
456	-7544	55.222
457	-7543	55.243
458	-7542	55.268
459	-7541	55.293
460	-7540	55.319
461	-7539	55.346
462	-7538	55.376
463	-7537	55.406
464	-7536	55.437
465	-7535	55.471
466	-7534	55.507
467	-7533	55.544
468	-7532	55.583
469	-7531	55.624
470	-7530	55.667
471	-7529	55.711
472	-7528	55.757
473	-7527	55.801
474	-7526	55.844
475	-7525	55.883
476	-7524	55.921
477	-7523	55.958
478	-7522	55.993
479	-7521	56.027
480	-7520	56.06
481	-7519	56.093
482	-7518	56.125
483	-7517	56.157
484	-7516	56.186
485	-7515	56.214
486	-7514	56.24
487	-7513	56.264
488	-7512	56.285
489	-7511	56.302
490	-7510	56.316
491	-7509	56.325
492	-7508	56.331
493	-7507	56.334
494	-7506	56.337
495	-7505	56.342
496	-7504	56.351
497	-7503	56.364
498	-7502	56.379
499	-7501	56.395
500	-7500	56.411
501	-7499	56.427
502	-7498	56.445
503	-7497	56.464
504	-7496	56.485
505	-7495	56.507
506	-7494	56.529
507	-7493	56.55
508	-7492	56.569
509	-7491	56.588
510	-7490	56.608
511	-7489	56.629
512	-7488	56.652
513	-7487	56.678
514	-7486	56.705
515	-7485	56.735
516	-7484	56.767
517	-7483	56.799
518	-7482	56.831
519	-7481	56.862
520	-7480	56.894
521	-7479	56.929
522	-7478	56.965
523	-7477	57.002
524	-7476	57.04
525	-7475	57.079
526	-7474	57.118
527	-7473	57.155
528	-7472	57.189
529	-7471	57.219
530	-7470	57.247
531	-7469	57.273
532	-7468	57.298
533	-7467	57.323
534	-7466	57.346
535	-7465	57.364
536	-7464	57.379
537	-7463	57.389
538	-7462	57.397
539	-7461	57.402
540	-7460	57.406
541	-7459	57.409
542	-7458	57.413
543	-7457	57.418
544	-7456	57.425
545	-7455	57.435
546	-7454	57.448
547	-7453	57.463
548	-7452	57.478
549	-7451	57.492
550	-7450	57.504
551	-7449	57.514
552	-7448	57.522
553	-7447	57.528
554	-7446	57.532
555	-7445	57.533
556	-7444	57.534
557	-7443	57.535
558	-7442	57.54
559	-7441	57.549
560	-7440	57.565
561	-7439	57.586
562	-7438	57.61
563	-7437	57.636
564	-7436	57.661
565	-7435	57.686
566	-7434	57.711
567	-7433	57.736
568	-7432	57.763
569	-7431	57.789
570	-7430	57.814
571	-7429	57.839
572	-7428	57.861
573	-7427	57.882
574	-7426	57.9
575	-7425	57.917
576	-7424	57.932
577	-7423	57.947
578	-7422	57.961
579	-7421	57.974
580	-7420	57.986
581	-7419	57.997
582	-7418	58.008
583	-7417	58.019
584	-7416	58.029
585	-7415	58.039
586	-7414	58.048
587	-7413	58.057
588	-7412	58.064
589	-7411	58.07
590	-7410	58.076
591	-7409	58.082
592	-7408	58.088
593	-7407	58.095
594	-7406	58.101
595	-7405	58.106
596	-7404	58.111
597	-7403	58.114
598	-7402	58.118
599	-7401	58.121
600	-7400	58.124
601	-7399	58.126
602	-7398	58.128
603	-7397	58.129
604	-7396	58.13
605	-7395	58.131
606	-7394	58.132
607	-7393	58.134
608	-7392	58.137
609	-7391	58.14
610	-7390	58.143
611	-7389	58.145
612	-7388	58.145
613	-7387	58.144
614	-7386	58.141
615	-7385	58.138
616	-7384	58.135
617	-7383	58.132
618	-7382	58.13
619	-7381	58.129
620	-7380	58.128
621	-7379	58.127
622	-7378	58.126
623	-7377	58.126
624	-7376	58.126
625	-7375	58.126
626	-7374	58.127
627	-7373	58.129
628	-7372	58.132
629	-7371	58.134
630	-7370	58.136
631	-7369	58.137
632	-7368	58.135
633	-7367	58.13
634	-7366	58.122
635	-7365	58.112
636	-7364	58.098
637	-7363	58.081
638	-7362	58.061
639	-7361	58.039
640	-7360	58.015
641	-7359	57.989
642	-7358	57.963
643	-7357	57.937
644	-7356	57.91
645	-7355	57.885
646	-7354	57.861
647	-7353	57.837
648	-7352	57.813
649	-7351	57.788
650	-7350	57.759
651	-7349	57.725
652	-7348	57.686
653	-7347	57.644
654	-7346	57.597
655	-7345	57.545
656	-7344	57.49
657	-7343	57.427
658	-7342	57.359
659	-7341	57.283
660	-7340	57.199
661	-7339	57.109
662	-7338	57.016
663	-7337	56.918
664	-7336	56.816
665	-7335	56.713
666	-7334	56.609
667	-7333	56.506
668	-7332	56.407
669	-7331	56.311
670	-7330	56.217
671	-7329	56.127
672	-7328	56.042
673	-7327	55.962
674	-7326	55.886
675	-7325	55.816
676	-7324	55.751
677	-7323	55.69
678	-7322	55.634
679	-7321	55.581
680	-7320	55.532
681	-7319	55.487
682	-7318	55.444
683	-7317	55.404
684	-7316	55.367
685	-7315	55.331
686	-7314	55.296
687	-7313	55.261
688	-7312	55.227
689	-7311	55.192
690	-7310	55.157
691	-7309	55.12
692	-7308	55.082
693	-7307	55.043
694	-7306	55.004
695	-7305	54.966
696	-7304	54.929
697	-7303	54.894
698	-7302	54.86
699	-7301	54.827
700	-7300	54.797
701	-7299	54.767
702	-7298	54.739
703	-7297	54.712
704	-7296	54.687
705	-7295	54.663
706	-7294	54.641
707	-7293	54.622
708	-7292	54.603
709	-7291	54.586
710	-7290	54.571
711	-7289	54.558
712	-7288	54.546
713	-7287	54.534
714	-7286	54.522
715	-7285	54.511
716	-7284	54.501
717	-7283	54.492
718	-7282	54.483
719	-7281	54.475
720	-7280	54.467
721	-7279	54.46
722	-7278	54.453
723	-7277	54.448
724	-7276	54.443
725	-7275	54.44
726	-7274	54.438
727	-7273	54.44
728	-7272	54.446
729	-7271	54.454
730	-7270	54.464
731	-7269	54.475
732	-7268	54.487
733	-7267	54.5
734	-7266	54.516
735	-7265	54.536
736	-7264	54.56
737	-7263	54.589
738	-7262	54.623
739	-7261	54.66
740	-7260	54.701
741	-7259	54.743
742	-7258	54.787
743	-7257	54.833
744	-7256	54.88
745	-7255	54.927
746	-7254	54.973
747	-7253	55.017
748	-7252	55.06
749	-7251	55.101
750	-7250	55.14
751	-7249	55.18
752	-7248	55.22
753	-7247	55.263
754	-7246	55.307
755	-7245	55.351
756	-7244	55.397
757	-7243	55.443
758	-7242	55.49
759	-7241	55.536
760	-7240	55.581
761	-7239	55.624
762	-7238	55.666
763	-7237	55.707
764	-7236	55.746
765	-7235	55.785
766	-7234	55.823
767	-7233	55.862
768	-7232	55.902
769	-7231	55.944
770	-7230	55.988
771	-7229	56.032
772	-7228	56.077
773	-7227	56.121
774	-7226	56.165
775	-7225	56.208
776	-7224	56.251
777	-7223	56.292
778	-7222	56.334
779	-7221	56.375
780	-7220	56.416
781	-7219	56.455
782	-7218	56.493
783	-7217	56.531
784	-7216	56.568
785	-7215	56.604
786	-7214	56.64
787	-7213	56.676
788	-7212	56.711
789	-7211	56.745
790	-7210	56.777
791	-7209	56.807
792	-7208	56.835
793	-7207	56.861
794	-7206	56.885
795	-7205	56.909
796	-7204	56.93
797	-7203	56.95
798	-7202	56.967
799	-7201	56.983
800	-7200	56.996
801	-7199	57.007
802	-7198	57.015
803	-7197	57.021
804	-7196	57.026
805	-7195	57.032
806	-7194	57.036
807	-7193	57.039
808	-7192	57.04
809	-7191	57.04
810	-7190	57.037
811	-7189	57.033
812	-7188	57.027
813	-7187	57.02
814	-7186	57.013
815	-7185	57.006
816	-7184	57.0
817	-7183	56.995
818	-7182	56.992
819	-7181	56.991
820	-7180	56.992
821	-7179	56.994
822	-7178	56.999
823	-7177	57.007
824	-7176	57.018
825	-7175	57.033
826	-7174	57.05
827	-7173	57.07
828	-7172	57.091
829	-7171	57.113
830	-7170	57.135
831	-7169	57.158
832	-7168	57.179
833	-7167	57.199
834	-7166	57.219
835	-7165	57.238
836	-7164	57.256
837	-7163	57.273
838	-7162	57.289
839	-7161	57.305
840	-7160	57.32
841	-7159	57.335
842	-7158	57.348
843	-7157	57.361
844	-7156	57.375
845	-7155	57.388
846	-7154	57.4
847	-7153	57.41
848	-7152	57.419
849	-7151	57.426
850	-7150	57.432
851	-7149	57.437
852	-7148	57.442
853	-7147	57.445
854	-7146	57.447
855	-7145	57.446
856	-7144	57.445
857	-7143	57.441
858	-7142	57.437
859	-7141	57.434
860	-7140	57.433
861	-7139	57.435
862	-7138	57.439
863	-7137	57.446
864	-7136	57.458
865	-7135	57.473
866	-7134	57.491
867	-7133	57.512
868	-7132	57.535
869	-7131	57.559
870	-7130	57.582
871	-7129	57.605
872	-7128	57.626
873	-7127	57.646
874	-7126	57.665
875	-7125	57.682
876	-7124	57.7
877	-7123	57.717
878	-7122	57.733
879	-7121	57.748
880	-7120	57.765
881	-7119	57.782
882	-7118	57.799
883	-7117	57.818
884	-7116	57.836
885	-7115	57.853
886	-7114	57.87
887	-7113	57.886
888	-7112	57.903
889	-7111	57.92
890	-7110	57.937
891	-7109	57.953
892	-7108	57.969
893	-7107	57.984
894	-7106	58.0
895	-7105	58.015
896	-7104	58.028
897	-7103	58.041
898	-7102	58.053
899	-7101	58.061
900	-7100	58.064
901	-7099	58.062
902	-7098	58.054
903	-7097	58.041
904	-7096	58.024
905	-7095	58.005
906	-7094	57.983
907	-7093	57.962
908	-7092	57.939
909	-7091	57.918
910	-7090	57.898
911	-7089	57.882
912	-7088	57.869
913	-7087	57.862
914	-7086	57.86
915	-7085	57.865
916	-7084	57.875
917	-7083	57.891
918	-7082	57.91
919	-7081	57.933
920	-7080	57.959
921	-7079	57.988
922	-7078	58.019
923	-7077	58.05
924	-7076	58.08
925	-7075	58.109
926	-7074	58.136
927	-7073	58.161
928	-7072	58.185
929	-7071	58.208
930	-7070	58.23
931	-7069	58.251
932	-7068	58.272
933	-7067	58.293
934	-7066	58.314
935	-7065	58.333
936	-7064	58.352
937	-7063	58.369
938	-7062	58.386
939	-7061	58.401
940	-7060	58.415
941	-7059	58.427
942	-7058	58.439
943	-7057	58.451
944	-7056	58.463
945	-7055	58.475
946	-7054	58.488
947	-7053	58.502
948	-7052	58.516
949	-7051	58.531
950	-7050	58.545
951	-7049	58.56
952	-7048	58.575
953	-7047	58.591
954	-7046	58.608
955	-7045	58.626
956	-7044	58.644
957	-7043	58.664
958	-7042	58.684
959	-7041	58.704
960	-7040	58.722
961	-7039	58.739
962	-7038	58.755
963	-7037	58.768
964	-7036	58.781
965	-7035	58.792
966	-7034	58.803
967	-7033	58.813
968	-7032	58.823
969	-7031	58.832
970	-7030	58.839
971	-7029	58.846
972	-7028	58.85
973	-7027	58.852
974	-7026	58.853
975	-7025	58.851
976	-7024	58.848
977	-7023	58.845
978	-7022	58.843
979	-7021	58.842
980	-7020	58.843
981	-7019	58.847
982	-7018	58.853
983	-7017	58.86
984	-7016	58.868
985	-7015	58.876
986	-7014	58.885
987	-7013	58.894
988	-7012	58.903
989	-7011	58.91
990	-7010	58.917
991	-7009	58.922
992	-7008	58.924
993	-7007	58.924
994	-7006	58.921
995	-7005	58.916
996	-7004	58.91
997	-7003	58.902
998	-7002	58.894
999	-7001	58.886
1000	-7000	58.876
1001	-6999	58.867
1002	-6998	58.858
1003	-6997	58.848
1004	-6996	58.838
1005	-6995	58.828
1006	-6994	58.818
1007	-6993	58.809
1008	-6992	58.801
1009	-6991	58.794
1010	-6990	58.787
1011	-6989	58.78
1012	-6988	58.774
1013	-6987	58.766
1014	-6986	58.758
1015	-6985	58.75
1016	-6984	58.739
1017	-6983	58.726
1018	-6982	58.712
1019	-6981	58.695
1020	-6980	58.677
1021	-6979	58.659
1022	-6978	58.642
1023	-6977	58.626
1024	-6976	58.61
1025	-6975	58.595
1026	-6974	58.581
1027	-6973	58.568
1028	-6972	58.556
1029	-6971	58.545
1030	-6970	58.533
1031	-6969	58.522
1032	-6968	58.512
1033	-6967	58.505
1034	-6966	58.498
1035	-6965	58.492
1036	-6964	58.487
1037	-6963	58.482
1038	-6962	58.477
1039	-6961	58.474
1040	-6960	58.472
1041	-6959	58.473
1042	-6958	58.474
1043	-6957	58.476
1044	-6956	58.482
1045	-6955	58.49
1046	-6954	58.499
1047	-6953	58.506
1048	-6952	58.515
1049	-6951	58.525
1050	-6950	58.536
1051	-6949	58.55
1052	-6948	58.565
1053	-6947	58.579
1054	-6946	58.593
1055	-6945	58.607
1056	-6944	58.622
1057	-6943	58.638
1058	-6942	58.655
1059	-6941	58.671
1060	-6940	58.686
1061	-6939	58.701
1062	-6938	58.716
1063	-6937	58.73
1064	-6936	58.744
1065	-6935	58.759
1066	-6934	58.774
1067	-6933	58.79
1068	-6932	58.806
1069	-6931	58.822
1070	-6930	58.84
1071	-6929	58.86
1072	-6928	58.879
1073	-6927	58.897
1074	-6926	58.914
1075	-6925	58.929
1076	-6924	58.943
1077	-6923	58.956
1078	-6922	58.968
1079	-6921	58.977
1080	-6920	58.983
1081	-6919	58.988
1082	-6918	58.991
1083	-6917	58.994
1084	-6916	58.995
1085	-6915	58.993
1086	-6914	58.989
1087	-6913	58.984
1088	-6912	58.978
1089	-6911	58.97
1090	-6910	58.962
1091	-6909	58.955
1092	-6908	58.947
1093	-6907	58.94
1094	-6906	58.933
1095	-6905	58.929
1096	-6904	58.925
1097	-6903	58.924
1098	-6902	58.926
1099	-6901	58.932
1100	-6900	58.942
1101	-6899	58.954
1102	-6898	58.968
1103	-6897	58.984
1104	-6896	59.003
1105	-6895	59.025
1106	-6894	59.05
1107	-6893	59.079
1108	-6892	59.11
1109	-6891	59.144
1110	-6890	59.179
1111	-6889	59.217
1112	-6888	59.256
1113	-6887	59.297
1114	-6886	59.335
1115	-6885	59.372
1116	-6884	59.407
1117	-6883	59.44
1118	-6882	59.469
1119	-6881	59.497
1120	-6880	59.523
1121	-6879	59.548
1122	-6878	59.571
1123	-6877	59.593
1124	-6876	59.614
1125	-6875	59.633
1126	-6874	59.651
1127	-6873	59.669
1128	-6872	59.685
1129	-6871	59.699
1130	-6870	59.71
1131	-6869	59.719
1132	-6868	59.726
1133	-6867	59.733
1134	-6866	59.739
1135	-6865	59.746
1136	-6864	59.753
1137	-6863	59.761
1138	-6862	59.767
1139	-6861	59.772
1140	-6860	59.775
1141	-6859	59.777
1142	-6858	59.777
1143	-6857	59.775
1144	-6856	59.771
1145	-6855	59.766
1146	-6854	59.761
1147	-6853	59.756
1148	-6852	59.75
1149	-6851	59.745
1150	-6850	59.74
1151	-6849	59.735
1152	-6848	59.729
1153	-6847	59.723
1154	-6846	59.717
1155	-6845	59.712
1156	-6844	59.706
1157	-6843	59.702
1158	-6842	59.697
1159	-6841	59.693
1160	-6840	59.689
1161	-6839	59.686
1162	-6838	59.682
1163	-6837	59.679
1164	-6836	59.675
1165	-6835	59.67
1166	-6834	59.667
1167	-6833	59.664
1168	-6832	59.662
1169	-6831	59.661
1170	-6830	59.66
1171	-6829	59.66
1172	-6828	59.661
1173	-6827	59.663
1174	-6826	59.664
1175	-6825	59.666
1176	-6824	59.667
1177	-6823	59.667
1178	-6822	59.665
1179	-6821	59.662
1180	-6820	59.658
1181	-6819	59.651
1182	-6818	59.643
1183	-6817	59.634
1184	-6816	59.626
1185	-6815	59.617
1186	-6814	59.609
1187	-6813	59.602
1188	-6812	59.593
1189	-6811	59.585
1190	-6810	59.578
1191	-6809	59.572
1192	-6808	59.565
1193	-6807	59.558
1194	-6806	59.55
1195	-6805	59.542
1196	-6804	59.532
1197	-6803	59.517
1198	-6802	59.5
1199	-6801	59.48
1200	-6800	59.458
1201	-6799	59.434
1202	-6798	59.409
1203	-6797	59.383
1204	-6796	59.357
1205	-6795	59.331
1206	-6794	59.305
1207	-6793	59.276
1208	-6792	59.245
1209	-6791	59.21
1210	-6790	59.175
1211	-6789	59.14
1212	-6788	59.105
1213	-6787	59.071
1214	-6786	59.036
1215	-6785	59.001
1216	-6784	58.965
1217	-6783	58.93
1218	-6782	58.898
1219	-6781	58.868
1220	-6780	58.841
1221	-6779	58.813
1222	-6778	58.786
1223	-6777	58.756
1224	-6776	58.726
1225	-6775	58.696
1226	-6774	58.664
1227	-6773	58.632
1228	-6772	58.598
1229	-6771	58.562
1230	-6770	58.523
1231	-6769	58.482
1232	-6768	58.438
1233	-6767	58.394
1234	-6766	58.348
1235	-6765	58.302
1236	-6764	58.256
1237	-6763	58.213
1238	-6762	58.172
1239	-6761	58.133
1240	-6760	58.099
1241	-6759	58.068
1242	-6758	58.038
1243	-6757	58.01
1244	-6756	57.983
1245	-6755	57.957
1246	-6754	57.931
1247	-6753	57.904
1248	-6752	57.878
1249	-6751	57.853
1250	-6750	57.829
1251	-6749	57.805
1252	-6748	57.781
1253	-6747	57.758
1254	-6746	57.733
1255	-6745	57.707
1256	-6744	57.68
1257	-6743	57.652
1258	-6742	57.623
1259	-6741	57.594
1260	-6740	57.566
1261	-6739	57.538
1262	-6738	57.509
1263	-6737	57.479
1264	-6736	57.449
1265	-6735	57.42
1266	-6734	57.393
1267	-6733	57.37
1268	-6732	57.349
1269	-6731	57.332
1270	-6730	57.32
1271	-6729	57.313
1272	-6728	57.308
1273	-6727	57.307
1274	-6726	57.309
1275	-6725	57.314
1276	-6724	57.323
1277	-6723	57.335
1278	-6722	57.351
1279	-6721	57.37
1280	-6720	57.393
1281	-6719	57.419
1282	-6718	57.447
1283	-6717	57.478
1284	-6716	57.508
1285	-6715	57.536
1286	-6714	57.562
1287	-6713	57.584
1288	-6712	57.601
1289	-6711	57.611
1290	-6710	57.615
1291	-6709	57.614
1292	-6708	57.61
1293	-6707	57.602
1294	-6706	57.592
1295	-6705	57.578
1296	-6704	57.562
1297	-6703	57.543
1298	-6702	57.525
1299	-6701	57.506
1300	-6700	57.488
1301	-6699	57.471
1302	-6698	57.453
1303	-6697	57.436
1304	-6696	57.422
1305	-6695	57.411
1306	-6694	57.405
1307	-6693	57.405
1308	-6692	57.411
1309	-6691	57.424
1310	-6690	57.443
1311	-6689	57.47
1312	-6688	57.502
1313	-6687	57.538
1314	-6686	57.573
1315	-6685	57.605
1316	-6684	57.634
1317	-6683	57.658
1318	-6682	57.681
1319	-6681	57.701
1320	-6680	57.72
1321	-6679	57.737
1322	-6678	57.755
1323	-6677	57.773
1324	-6676	57.792
1325	-6675	57.81
1326	-6674	57.829
1327	-6673	57.847
1328	-6672	57.866
1329	-6671	57.885
1330	-6670	57.904
1331	-6669	57.92
1332	-6668	57.933
1333	-6667	57.945
1334	-6666	57.957
1335	-6665	57.967
1336	-6664	57.978
1337	-6663	57.988
1338	-6662	57.999
1339	-6661	58.009
1340	-6660	58.019
1341	-6659	58.028
1342	-6658	58.037
1343	-6657	58.046
1344	-6656	58.055
1345	-6655	58.065
1346	-6654	58.076
1347	-6653	58.086
1348	-6652	58.094
1349	-6651	58.1
1350	-6650	58.102
1351	-6649	58.101
1352	-6648	58.099
1353	-6647	58.094
1354	-6646	58.089
1355	-6645	58.085
1356	-6644	58.085
1357	-6643	58.09
1358	-6642	58.098
1359	-6641	58.107
1360	-6640	58.114
1361	-6639	58.121
1362	-6638	58.125
1363	-6637	58.129
1364	-6636	58.131
1365	-6635	58.134
1366	-6634	58.138
1367	-6633	58.145
1368	-6632	58.154
1369	-6631	58.166
1370	-6630	58.18
1371	-6629	58.193
1372	-6628	58.206
1373	-6627	58.217
1374	-6626	58.227
1375	-6625	58.233
1376	-6624	58.237
1377	-6623	58.235
1378	-6622	58.227
1379	-6621	58.21
1380	-6620	58.189
1381	-6619	58.168
1382	-6618	58.149
1383	-6617	58.131
1384	-6616	58.115
1385	-6615	58.098
1386	-6614	58.081
1387	-6613	58.065
1388	-6612	58.048
1389	-6611	58.03
1390	-6610	58.011
1391	-6609	57.992
1392	-6608	57.974
1393	-6607	57.957
1394	-6606	57.942
1395	-6605	57.93
1396	-6604	57.92
1397	-6603	57.91
1398	-6602	57.9
1399	-6601	57.89
1400	-6600	57.881
1401	-6599	57.875
1402	-6598	57.874
1403	-6597	57.876
1404	-6596	57.881
1405	-6595	57.889
1406	-6594	57.898
1407	-6593	57.907
1408	-6592	57.917
1409	-6591	57.927
1410	-6590	57.937
1411	-6589	57.944
1412	-6588	57.949
1413	-6587	57.95
1414	-6586	57.949
1415	-6585	57.942
1416	-6584	57.931
1417	-6583	57.915
1418	-6582	57.894
1419	-6581	57.869
1420	-6580	57.84
1421	-6579	57.809
1422	-6578	57.777
1423	-6577	57.743
1424	-6576	57.711
1425	-6575	57.679
1426	-6574	57.647
1427	-6573	57.613
1428	-6572	57.576
1429	-6571	57.536
1430	-6570	57.496
1431	-6569	57.458
1432	-6568	57.422
1433	-6567	57.39
1434	-6566	57.362
1435	-6565	57.337
1436	-6564	57.316
1437	-6563	57.297
1438	-6562	57.279
1439	-6561	57.259
1440	-6560	57.236
1441	-6559	57.21
1442	-6558	57.183
1443	-6557	57.154
1444	-6556	57.124
1445	-6555	57.093
1446	-6554	57.064
1447	-6553	57.037
1448	-6552	57.009
1449	-6551	56.98
1450	-6550	56.952
1451	-6549	56.922
1452	-6548	56.892
1453	-6547	56.862
1454	-6546	56.831
1455	-6545	56.8
1456	-6544	56.768
1457	-6543	56.732
1458	-6542	56.692
1459	-6541	56.647
1460	-6540	56.595
1461	-6539	56.537
1462	-6538	56.475
1463	-6537	56.409
1464	-6536	56.342
1465	-6535	56.274
1466	-6534	56.204
1467	-6533	56.13
1468	-6532	56.053
1469	-6531	55.972
1470	-6530	55.889
1471	-6529	55.803
1472	-6528	55.714
1473	-6527	55.626
1474	-6526	55.539
1475	-6525	55.456
1476	-6524	55.376
1477	-6523	55.3
1478	-6522	55.233
1479	-6521	55.171
1480	-6520	55.113
1481	-6519	55.055
1482	-6518	54.998
1483	-6517	54.942
1484	-6516	54.886
1485	-6515	54.832
1486	-6514	54.78
1487	-6513	54.731
1488	-6512	54.685
1489	-6511	54.64
1490	-6510	54.595
1491	-6509	54.55
1492	-6508	54.505
1493	-6507	54.461
1494	-6506	54.419
1495	-6505	54.377
1496	-6504	54.333
1497	-6503	54.289
1498	-6502	54.247
1499	-6501	54.208
1500	-6500	54.17
1501	-6499	54.132
1502	-6498	54.094
1503	-6497	54.054
1504	-6496	54.014
1505	-6495	53.975
1506	-6494	53.936
1507	-6493	53.897
1508	-6492	53.859
1509	-6491	53.822
1510	-6490	53.785
1511	-6489	53.748
1512	-6488	53.712
1513	-6487	53.679
1514	-6486	53.645
1515	-6485	53.612
1516	-6484	53.58
1517	-6483	53.552
1518	-6482	53.525
1519	-6481	53.5
1520	-6480	53.479
1521	-6479	53.462
1522	-6478	53.448
1523	-6477	53.439
1524	-6476	53.433
1525	-6475	53.431
1526	-6474	53.43
1527	-6473	53.432
1528	-6472	53.436
1529	-6471	53.442
1530	-6470	53.447
1531	-6469	53.451
1532	-6468	53.455
1533	-6467	53.457
1534	-6466	53.457
1535	-6465	53.456
1536	-6464	53.454
1537	-6463	53.451
1538	-6462	53.447
1539	-6461	53.444
1540	-6460	53.442
1541	-6459	53.44
1542	-6458	53.436
1543	-6457	53.433
1544	-6456	53.431
1545	-6455	53.429
1546	-6454	53.429
1547	-6453	53.431
1548	-6452	53.436
1549	-6451	53.441
1550	-6450	53.447
1551	-6449	53.454
1552	-6448	53.46
1553	-6447	53.468
1554	-6446	53.477
1555	-6445	53.487
1556	-6444	53.499
1557	-6443	53.511
1558	-6442	53.524
1559	-6441	53.538
1560	-6440	53.551
1561	-6439	53.564
1562	-6438	53.577
1563	-6437	53.591
1564	-6436	53.608
1565	-6435	53.626
1566	-6434	53.646
1567	-6433	53.667
1568	-6432	53.689
1569	-6431	53.712
1570	-6430	53.736
1571	-6429	53.76
1572	-6428	53.786
1573	-6427	53.813
1574	-6426	53.841
1575	-6425	53.872
1576	-6424	53.903
1577	-6423	53.934
1578	-6422	53.964
1579	-6421	53.994
1580	-6420	54.024
1581	-6419	54.052
1582	-6418	54.079
1583	-6417	54.104
1584	-6416	54.126
1585	-6415	54.145
1586	-6414	54.158
1587	-6413	54.167
1588	-6412	54.169
1589	-6411	54.165
1590	-6410	54.153
1591	-6409	54.136
1592	-6408	54.112
1593	-6407	54.081
1594	-6406	54.044
1595	-6405	54.002
1596	-6404	53.955
1597	-6403	53.905
1598	-6402	53.851
1599	-6401	53.795
1600	-6400	53.737
1601	-6399	53.677
1602	-6398	53.616
1603	-6397	53.554
1604	-6396	53.492
1605	-6395	53.43
1606	-6394	53.37
1607	-6393	53.31
1608	-6392	53.252
1609	-6391	53.195
1610	-6390	53.138
1611	-6389	53.082
1612	-6388	53.027
1613	-6387	52.972
1614	-6386	52.918
1615	-6385	52.864
1616	-6384	52.812
1617	-6383	52.762
1618	-6382	52.712
1619	-6381	52.66
1620	-6380	52.607
1621	-6379	52.552
1622	-6378	52.495
1623	-6377	52.438
1624	-6376	52.381
1625	-6375	52.323
1626	-6374	52.266
1627	-6373	52.21
1628	-6372	52.155
1629	-6371	52.1
1630	-6370	52.046
1631	-6369	51.992
1632	-6368	51.938
1633	-6367	51.883
1634	-6366	51.827
1635	-6365	51.771
1636	-6364	51.714
1637	-6363	51.657
1638	-6362	51.599
1639	-6361	51.539
1640	-6360	51.478
1641	-6359	51.414
1642	-6358	51.352
1643	-6357	51.29
1644	-6356	51.23
1645	-6355	51.171
1646	-6354	51.115
1647	-6353	51.061
1648	-6352	51.008
1649	-6351	50.953
1650	-6350	50.898
1651	-6349	50.844
1652	-6348	50.793
1653	-6347	50.747
1654	-6346	50.707
1655	-6345	50.674
1656	-6344	50.645
1657	-6343	50.618
1658	-6342	50.593
1659	-6341	50.57
1660	-6340	50.55
1661	-6339	50.532
1662	-6338	50.515
1663	-6337	50.498
1664	-6336	50.478
1665	-6335	50.457
1666	-6334	50.437
1667	-6333	50.417
1668	-6332	50.399
1669	-6331	50.382
1670	-6330	50.368
1671	-6329	50.357
1672	-6328	50.349
1673	-6327	50.344
1674	-6326	50.339
1675	-6325	50.335
1676	-6324	50.327
1677	-6323	50.32
1678	-6322	50.313
1679	-6321	50.307
1680	-6320	50.3
1681	-6319	50.289
1682	-6318	50.273
1683	-6317	50.25
1684	-6316	50.221
1685	-6315	50.188
1686	-6314	50.153
1687	-6313	50.119
1688	-6312	50.085
1689	-6311	50.052
1690	-6310	50.021
1691	-6309	49.993
1692	-6308	49.967
1693	-6307	49.943
1694	-6306	49.92
1695	-6305	49.896
1696	-6304	49.87
1697	-6303	49.842
1698	-6302	49.808
1699	-6301	49.769
1700	-6300	49.726
1701	-6299	49.678
1702	-6298	49.629
1703	-6297	49.587
1704	-6296	49.555
1705	-6295	49.53
1706	-6294	49.511
1707	-6293	49.496
1708	-6292	49.488
1709	-6291	49.489
1710	-6290	49.5
1711	-6289	49.519
1712	-6288	49.546
1713	-6287	49.577
1714	-6286	49.61
1715	-6285	49.643
1716	-6284	49.672
1717	-6283	49.697
1718	-6282	49.718
1719	-6281	49.736
1720	-6280	49.749
1721	-6279	49.758
1722	-6278	49.765
1723	-6277	49.771
1724	-6276	49.778
1725	-6275	49.785
1726	-6274	49.792
1727	-6273	49.797
1728	-6272	49.803
1729	-6271	49.809
1730	-6270	49.817
1731	-6269	49.823
1732	-6268	49.829
1733	-6267	49.834
1734	-6266	49.838
1735	-6265	49.84
1736	-6264	49.838
1737	-6263	49.832
1738	-6262	49.824
1739	-6261	49.816
1740	-6260	49.808
1741	-6259	49.801
1742	-6258	49.794
1743	-6257	49.788
1744	-6256	49.784
1745	-6255	49.783
1746	-6254	49.782
1747	-6253	49.78
1748	-6252	49.776
1749	-6251	49.771
1750	-6250	49.766
1751	-6249	49.761
1752	-6248	49.755
1753	-6247	49.749
1754	-6246	49.743
1755	-6245	49.739
1756	-6244	49.736
1757	-6243	49.732
1758	-6242	49.727
1759	-6241	49.72
1760	-6240	49.712
1761	-6239	49.703
1762	-6238	49.694
1763	-6237	49.688
1764	-6236	49.681
1765	-6235	49.675
1766	-6234	49.667
1767	-6233	49.659
1768	-6232	49.651
1769	-6231	49.644
1770	-6230	49.638
1771	-6229	49.633
1772	-6228	49.626
1773	-6227	49.615
1774	-6226	49.602
1775	-6225	49.587
1776	-6224	49.571
1777	-6223	49.554
1778	-6222	49.537
1779	-6221	49.522
1780	-6220	49.509
1781	-6219	49.5
1782	-6218	49.495
1783	-6217	49.494
1784	-6216	49.493
1785	-6215	49.49
1786	-6214	49.484
1787	-6213	49.474
1788	-6212	49.464
1789	-6211	49.452
1790	-6210	49.44
1791	-6209	49.43
1792	-6208	49.422
1793	-6207	49.414
1794	-6206	49.405
1795	-6205	49.393
1796	-6204	49.383
1797	-6203	49.372
1798	-6202	49.359
1799	-6201	49.346
1800	-6200	49.336
1801	-6199	49.326
1802	-6198	49.32
1803	-6197	49.317
1804	-6196	49.316
1805	-6195	49.317
1806	-6194	49.319
1807	-6193	49.319
1808	-6192	49.321
1809	-6191	49.326
1810	-6190	49.333
1811	-6189	49.343
1812	-6188	49.352
1813	-6187	49.362
1814	-6186	49.371
1815	-6185	49.379
1816	-6184	49.383
1817	-6183	49.382
1818	-6182	49.378
1819	-6181	49.37
1820	-6180	49.362
1821	-6179	49.353
1822	-6178	49.344
1823	-6177	49.335
1824	-6176	49.325
1825	-6175	49.314
1826	-6174	49.3
1827	-6173	49.282
1828	-6172	49.262
1829	-6171	49.244
1830	-6170	49.231
1831	-6169	49.221
1832	-6168	49.215
1833	-6167	49.209
1834	-6166	49.204
1835	-6165	49.199
1836	-6164	49.195
1837	-6163	49.191
1838	-6162	49.188
1839	-6161	49.185
1840	-6160	49.184
1841	-6159	49.184
1842	-6158	49.184
1843	-6157	49.183
1844	-6156	49.185
1845	-6155	49.19
1846	-6154	49.199
1847	-6153	49.209
1848	-6152	49.223
1849	-6151	49.238
1850	-6150	49.254
1851	-6149	49.27
1852	-6148	49.289
1853	-6147	49.308
1854	-6146	49.326
1855	-6145	49.344
1856	-6144	49.363
1857	-6143	49.382
1858	-6142	49.402
1859	-6141	49.422
1860	-6140	49.442
1861	-6139	49.461
1862	-6138	49.481
1863	-6137	49.503
1864	-6136	49.528
1865	-6135	49.555
1866	-6134	49.582
1867	-6133	49.608
1868	-6132	49.633
1869	-6131	49.656
1870	-6130	49.677
1871	-6129	49.695
1872	-6128	49.711
1873	-6127	49.725
1874	-6126	49.739
1875	-6125	49.752
1876	-6124	49.766
1877	-6123	49.78
1878	-6122	49.794
1879	-6121	49.81
1880	-6120	49.826
1881	-6119	49.841
1882	-6118	49.855
1883	-6117	49.869
1884	-6116	49.881
1885	-6115	49.892
1886	-6114	49.901
1887	-6113	49.909
1888	-6112	49.916
1889	-6111	49.923
1890	-6110	49.931
1891	-6109	49.937
1892	-6108	49.943
1893	-6107	49.949
1894	-6106	49.955
1895	-6105	49.96
1896	-6104	49.965
1897	-6103	49.97
1898	-6102	49.974
1899	-6101	49.979
1900	-6100	49.984
1901	-6099	49.989
1902	-6098	49.993
1903	-6097	49.998
1904	-6096	50.003
1905	-6095	50.011
1906	-6094	50.021
1907	-6093	50.032
1908	-6092	50.045
1909	-6091	50.06
1910	-6090	50.075
1911	-6089	50.093
1912	-6088	50.111
1913	-6087	50.13
1914	-6086	50.148
1915	-6085	50.165
1916	-6084	50.182
1917	-6083	50.198
1918	-6082	50.214
1919	-6081	50.232
1920	-6080	50.25
1921	-6079	50.269
1922	-6078	50.287
1923	-6077	50.303
1924	-6076	50.319
1925	-6075	50.335
1926	-6074	50.35
1927	-6073	50.365
1928	-6072	50.379
1929	-6071	50.391
1930	-6070	50.401
1931	-6069	50.41
1932	-6068	50.416
1933	-6067	50.421
1934	-6066	50.425
1935	-6065	50.429
1936	-6064	50.432
1937	-6063	50.434
1938	-6062	50.437
1939	-6061	50.441
1940	-6060	50.446
1941	-6059	50.453
1942	-6058	50.46
1943	-6057	50.469
1944	-6056	50.478
1945	-6055	50.488
1946	-6054	50.498
1947	-6053	50.509
1948	-6052	50.52
1949	-6051	50.529
1950	-6050	50.538
1951	-6049	50.546
1952	-6048	50.554
1953	-6047	50.561
1954	-6046	50.568
1955	-6045	50.575
1956	-6044	50.583
1957	-6043	50.591
1958	-6042	50.599
1959	-6041	50.608
1960	-6040	50.617
1961	-6039	50.626
1962	-6038	50.636
1963	-6037	50.646
1964	-6036	50.657
1965	-6035	50.67
1966	-6034	50.683
1967	-6033	50.696
1968	-6032	50.707
1969	-6031	50.717
1970	-6030	50.726
1971	-6029	50.736
1972	-6028	50.747
1973	-6027	50.758
1974	-6026	50.771
1975	-6025	50.783
1976	-6024	50.797
1977	-6023	50.812
1978	-6022	50.827
1979	-6021	50.84
1980	-6020	50.852
1981	-6019	50.862
1982	-6018	50.869
1983	-6017	50.875
1984	-6016	50.88
1985	-6015	50.883
1986	-6014	50.887
1987	-6013	50.89
1988	-6012	50.893
1989	-6011	50.897
1990	-6010	50.902
1991	-6009	50.906
1992	-6008	50.909
1993	-6007	50.912
1994	-6006	50.914
1995	-6005	50.916
1996	-6004	50.917
1997	-6003	50.919
1998	-6002	50.92
1999	-6001	50.92
2000	-6000	50.921
2001	-5999	50.922
2002	-5998	50.924
2003	-5997	50.927
2004	-5996	50.932
2005	-5995	50.937
2006	-5994	50.942
2007	-5993	50.948
2008	-5992	50.956
2009	-5991	50.962
2010	-5990	50.969
2011	-5989	50.976
2012	-5988	50.981
2013	-5987	50.987
2014	-5986	50.992
2015	-5985	50.996
2016	-5984	50.998
2017	-5983	51.0
2018	-5982	51.003
2019	-5981	51.008
2020	-5980	51.013
2021	-5979	51.019
2022	-5978	51.025
2023	-5977	51.033
2024	-5976	51.042
2025	-5975	51.052
2026	-5974	51.065
2027	-5973	51.079
2028	-5972	51.095
2029	-5971	51.111
2030	-5970	51.127
2031	-5969	51.144
2032	-5968	51.162
2033	-5967	51.182
2034	-5966	51.202
2035	-5965	51.224
2036	-5964	51.247
2037	-5963	51.268
2038	-5962	51.289
2039	-5961	51.308
2040	-5960	51.326
2041	-5959	51.342
2042	-5958	51.354
2043	-5957	51.362
2044	-5956	51.367
2045	-5955	51.368
2046	-5954	51.368
2047	-5953	51.368
2048	-5952	51.367
2049	-5951	51.368
2050	-5950	51.369
2051	-5949	51.37
2052	-5948	51.372
2053	-5947	51.373
2054	-5946	51.376
2055	-5945	51.381
2056	-5944	51.389
2057	-5943	51.399
2058	-5942	51.41
2059	-5941	51.422
2060	-5940	51.436
2061	-5939	51.449
2062	-5938	51.464
2063	-5937	51.479
2064	-5936	51.496
2065	-5935	51.517
2066	-5934	51.541
2067	-5933	51.57
2068	-5932	51.604
2069	-5931	51.642
2070	-5930	51.683
2071	-5929	51.726
2072	-5928	51.771
2073	-5927	51.817
2074	-5926	51.866
2075	-5925	51.916
2076	-5924	51.966
2077	-5923	52.016
2078	-5922	52.066
2079	-5921	52.115
2080	-5920	52.164
2081	-5919	52.215
2082	-5918	52.267
2083	-5917	52.32
2084	-5916	52.374
2085	-5915	52.43
2086	-5914	52.486
2087	-5913	52.543
2088	-5912	52.599
2089	-5911	52.654
2090	-5910	52.708
2091	-5909	52.762
2092	-5908	52.814
2093	-5907	52.864
2094	-5906	52.913
2095	-5905	52.961
2096	-5904	53.007
2097	-5903	53.053
2098	-5902	53.099
2099	-5901	53.146
2100	-5900	53.192
2101	-5899	53.236
2102	-5898	53.278
2103	-5897	53.318
2104	-5896	53.357
2105	-5895	53.396
2106	-5894	53.435
2107	-5893	53.476
2108	-5892	53.517
2109	-5891	53.558
2110	-5890	53.6
2111	-5889	53.641
2112	-5888	53.682
2113	-5887	53.723
2114	-5886	53.765
2115	-5885	53.806
2116	-5884	53.847
2117	-5883	53.888
2118	-5882	53.928
2119	-5881	53.966
2120	-5880	54.003
2121	-5879	54.039
2122	-5878	54.073
2123	-5877	54.104
2124	-5876	54.133
2125	-5875	54.16
2126	-5874	54.186
2127	-5873	54.213
2128	-5872	54.24
2129	-5871	54.266
2130	-5870	54.291
2131	-5869	54.316
2132	-5868	54.339
2133	-5867	54.364
2134	-5866	54.389
2135	-5865	54.415
2136	-5864	54.44
2137	-5863	54.465
2138	-5862	54.488
2139	-5861	54.51
2140	-5860	54.531
2141	-5859	54.55
2142	-5858	54.568
2143	-5857	54.585
2144	-5856	54.601
2145	-5855	54.617
2146	-5854	54.633
2147	-5853	54.648
2148	-5852	54.661
2149	-5851	54.672
2150	-5850	54.681
2151	-5849	54.688
2152	-5848	54.695
2153	-5847	54.701
2154	-5846	54.707
2155	-5845	54.712
2156	-5844	54.716
2157	-5843	54.721
2158	-5842	54.728
2159	-5841	54.738
2160	-5840	54.753
2161	-5839	54.773
2162	-5838	54.795
2163	-5837	54.819
2164	-5836	54.844
2165	-5835	54.873
2166	-5834	54.905
2167	-5833	54.938
2168	-5832	54.971
2169	-5831	55.007
2170	-5830	55.046
2171	-5829	55.085
2172	-5828	55.123
2173	-5827	55.157
2174	-5826	55.187
2175	-5825	55.21
2176	-5824	55.228
2177	-5823	55.246
2178	-5822	55.264
2179	-5821	55.283
2180	-5820	55.302
2181	-5819	55.323
2182	-5818	55.343
2183	-5817	55.36
2184	-5816	55.376
2185	-5815	55.39
2186	-5814	55.403
2187	-5813	55.414
2188	-5812	55.424
2189	-5811	55.433
2190	-5810	55.44
2191	-5809	55.447
2192	-5808	55.456
2193	-5807	55.465
2194	-5806	55.475
2195	-5805	55.484
2196	-5804	55.495
2197	-5803	55.506
2198	-5802	55.52
2199	-5801	55.533
2200	-5800	55.545
2201	-5799	55.555
2202	-5798	55.562
2203	-5797	55.565
2204	-5796	55.564
2205	-5795	55.556
2206	-5794	55.543
2207	-5793	55.524
2208	-5792	55.501
2209	-5791	55.475
2210	-5790	55.447
2211	-5789	55.418
2212	-5788	55.389
2213	-5787	55.356
2214	-5786	55.32
2215	-5785	55.281
2216	-5784	55.239
2217	-5783	55.195
2218	-5782	55.151
2219	-5781	55.107
2220	-5780	55.066
2221	-5779	55.026
2222	-5778	54.987
2223	-5777	54.95
2224	-5776	54.916
2225	-5775	54.884
2226	-5774	54.852
2227	-5773	54.82
2228	-5772	54.784
2229	-5771	54.746
2230	-5770	54.706
2231	-5769	54.664
2232	-5768	54.624
2233	-5767	54.585
2234	-5766	54.549
2235	-5765	54.514
2236	-5764	54.481
2237	-5763	54.449
2238	-5762	54.418
2239	-5761	54.389
2240	-5760	54.361
2241	-5759	54.335
2242	-5758	54.307
2243	-5757	54.28
2244	-5756	54.252
2245	-5755	54.222
2246	-5754	54.192
2247	-5753	54.163
2248	-5752	54.135
2249	-5751	54.107
2250	-5750	54.078
2251	-5749	54.047
2252	-5748	54.012
2253	-5747	53.975
2254	-5746	53.938
2255	-5745	53.903
2256	-5744	53.871
2257	-5743	53.84
2258	-5742	53.81
2259	-5741	53.781
2260	-5740	53.751
2261	-5739	53.721
2262	-5738	53.692
2263	-5737	53.664
2264	-5736	53.635
2265	-5735	53.607
2266	-5734	53.578
2267	-5733	53.55
2268	-5732	53.522
2269	-5731	53.495
2270	-5730	53.467
2271	-5729	53.439
2272	-5728	53.411
2273	-5727	53.379
2274	-5726	53.346
2275	-5725	53.31
2276	-5724	53.272
2277	-5723	53.234
2278	-5722	53.195
2279	-5721	53.154
2280	-5720	53.112
2281	-5719	53.068
2282	-5718	53.026
2283	-5717	52.985
2284	-5716	52.945
2285	-5715	52.907
2286	-5714	52.87
2287	-5713	52.835
2288	-5712	52.803
2289	-5711	52.773
2290	-5710	52.747
2291	-5709	52.722
2292	-5708	52.699
2293	-5707	52.675
2294	-5706	52.652
2295	-5705	52.631
2296	-5704	52.612
2297	-5703	52.596
2298	-5702	52.581
2299	-5701	52.567
2300	-5700	52.553
2301	-5699	52.542
2302	-5698	52.531
2303	-5697	52.522
2304	-5696	52.514
2305	-5695	52.506
2306	-5694	52.499
2307	-5693	52.494
2308	-5692	52.491
2309	-5691	52.488
2310	-5690	52.486
2311	-5689	52.486
2312	-5688	52.488
2313	-5687	52.491
2314	-5686	52.496
2315	-5685	52.502
2316	-5684	52.508
2317	-5683	52.515
2318	-5682	52.522
2319	-5681	52.529
2320	-5680	52.536
2321	-5679	52.543
2322	-5678	52.552
2323	-5677	52.561
2324	-5676	52.568
2325	-5675	52.571
2326	-5674	52.572
2327	-5673	52.573
2328	-5672	52.569
2329	-5671	52.562
2330	-5670	52.551
2331	-5669	52.538
2332	-5668	52.524
2333	-5667	52.509
2334	-5666	52.493
2335	-5665	52.476
2336	-5664	52.46
2337	-5663	52.445
2338	-5662	52.43
2339	-5661	52.416
2340	-5660	52.403
2341	-5659	52.392
2342	-5658	52.382
2343	-5657	52.373
2344	-5656	52.361
2345	-5655	52.348
2346	-5654	52.332
2347	-5653	52.314
2348	-5652	52.295
2349	-5651	52.274
2350	-5650	52.253
2351	-5649	52.233
2352	-5648	52.215
2353	-5647	52.198
2354	-5646	52.183
2355	-5645	52.171
2356	-5644	52.161
2357	-5643	52.155
2358	-5642	52.153
2359	-5641	52.156
2360	-5640	52.163
2361	-5639	52.173
2362	-5638	52.186
2363	-5637	52.201
2364	-5636	52.218
2365	-5635	52.236
2366	-5634	52.255
2367	-5633	52.274
2368	-5632	52.293
2369	-5631	52.312
2370	-5630	52.332
2371	-5629	52.351
2372	-5628	52.368
2373	-5627	52.385
2374	-5626	52.4
2375	-5625	52.414
2376	-5624	52.427
2377	-5623	52.44
2378	-5622	52.452
2379	-5621	52.464
2380	-5620	52.477
2381	-5619	52.49
2382	-5618	52.505
2383	-5617	52.521
2384	-5616	52.539
2385	-5615	52.559
2386	-5614	52.58
2387	-5613	52.603
2388	-5612	52.626
2389	-5611	52.648
2390	-5610	52.672
2391	-5609	52.696
2392	-5608	52.72
2393	-5607	52.745
2394	-5606	52.771
2395	-5605	52.799
2396	-5604	52.826
2397	-5603	52.854
2398	-5602	52.884
2399	-5601	52.914
2400	-5600	52.944
2401	-5599	52.973
2402	-5598	53.0
2403	-5597	53.027
2404	-5596	53.054
2405	-5595	53.081
2406	-5594	53.107
2407	-5593	53.132
2408	-5592	53.156
2409	-5591	53.181
2410	-5590	53.205
2411	-5589	53.23
2412	-5588	53.254
2413	-5587	53.277
2414	-5586	53.3
2415	-5585	53.323
2416	-5584	53.346
2417	-5583	53.37
2418	-5582	53.395
2419	-5581	53.422
2420	-5580	53.448
2421	-5579	53.473
2422	-5578	53.495
2423	-5577	53.514
2424	-5576	53.532
2425	-5575	53.551
2426	-5574	53.569
2427	-5573	53.587
2428	-5572	53.606
2429	-5571	53.625
2430	-5570	53.644
2431	-5569	53.664
2432	-5568	53.682
2433	-5567	53.699
2434	-5566	53.715
2435	-5565	53.731
2436	-5564	53.748
2437	-5563	53.765
2438	-5562	53.782
2439	-5561	53.801
2440	-5560	53.822
2441	-5559	53.846
2442	-5558	53.871
2443	-5557	53.899
2444	-5556	53.927
2445	-5555	53.956
2446	-5554	53.987
2447	-5553	54.019
2448	-5552	54.052
2449	-5551	54.083
2450	-5550	54.115
2451	-5549	54.148
2452	-5548	54.181
2453	-5547	54.216
2454	-5546	54.249
2455	-5545	54.28
2456	-5544	54.311
2457	-5543	54.342
2458	-5542	54.374
2459	-5541	54.406
2460	-5540	54.438
2461	-5539	54.472
2462	-5538	54.506
2463	-5537	54.539
2464	-5536	54.571
2465	-5535	54.601
2466	-5534	54.629
2467	-5533	54.655
2468	-5532	54.68
2469	-5531	54.703
2470	-5530	54.724
2471	-5529	54.745
2472	-5528	54.767
2473	-5527	54.788
2474	-5526	54.809
2475	-5525	54.828
2476	-5524	54.847
2477	-5523	54.865
2478	-5522	54.883
2479	-5521	54.902
2480	-5520	54.923
2481	-5519	54.944
2482	-5518	54.966
2483	-5517	54.99
2484	-5516	55.015
2485	-5515	55.042
2486	-5514	55.068
2487	-5513	55.095
2488	-5512	55.122
2489	-5511	55.148
2490	-5510	55.175
2491	-5509	55.202
2492	-5508	55.231
2493	-5507	55.259
2494	-5506	55.287
2495	-5505	55.317
2496	-5504	55.349
2497	-5503	55.382
2498	-5502	55.417
2499	-5501	55.454
2500	-5500	55.493
2501	-5499	55.531
2502	-5498	55.569
2503	-5497	55.607
2504	-5496	55.643
2505	-5495	55.677
2506	-5494	55.711
2507	-5493	55.745
2508	-5492	55.78
2509	-5491	55.817
2510	-5490	55.856
2511	-5489	55.897
2512	-5488	55.938
2513	-5487	55.978
2514	-5486	56.017
2515	-5485	56.055
2516	-5484	56.091
2517	-5483	56.125
2518	-5482	56.156
2519	-5481	56.185
2520	-5480	56.214
2521	-5479	56.245
2522	-5478	56.277
2523	-5477	56.312
2524	-5476	56.349
2525	-5475	56.387
2526	-5474	56.424
2527	-5473	56.46
2528	-5472	56.493
2529	-5471	56.524
2530	-5470	56.552
2531	-5469	56.577
2532	-5468	56.601
2533	-5467	56.623
2534	-5466	56.644
2535	-5465	56.663
2536	-5464	56.681
2537	-5463	56.696
2538	-5462	56.708
2539	-5461	56.717
2540	-5460	56.725
2541	-5459	56.731
2542	-5458	56.736
2543	-5457	56.741
2544	-5456	56.746
2545	-5455	56.751
2546	-5454	56.757
2547	-5453	56.763
2548	-5452	56.77
2549	-5451	56.776
2550	-5450	56.782
2551	-5449	56.789
2552	-5448	56.796
2553	-5447	56.805
2554	-5446	56.815
2555	-5445	56.826
2556	-5444	56.837
2557	-5443	56.847
2558	-5442	56.856
2559	-5441	56.865
2560	-5440	56.874
2561	-5439	56.883
2562	-5438	56.892
2563	-5437	56.901
2564	-5436	56.91
2565	-5435	56.919
2566	-5434	56.927
2567	-5433	56.934
2568	-5432	56.94
2569	-5431	56.944
2570	-5430	56.947
2571	-5429	56.948
2572	-5428	56.948
2573	-5427	56.945
2574	-5426	56.94
2575	-5425	56.931
2576	-5424	56.919
2577	-5423	56.905
2578	-5422	56.89
2579	-5421	56.876
2580	-5420	56.863
2581	-5419	56.854
2582	-5418	56.847
2583	-5417	56.843
2584	-5416	56.841
2585	-5415	56.84
2586	-5414	56.84
2587	-5413	56.84
2588	-5412	56.842
2589	-5411	56.847
2590	-5410	56.856
2591	-5409	56.867
2592	-5408	56.879
2593	-5407	56.892
2594	-5406	56.904
2595	-5405	56.917
2596	-5404	56.93
2597	-5403	56.945
2598	-5402	56.962
2599	-5401	56.979
2600	-5400	56.996
2601	-5399	57.012
2602	-5398	57.028
2603	-5397	57.043
2604	-5396	57.058
2605	-5395	57.071
2606	-5394	57.084
2607	-5393	57.095
2608	-5392	57.104
2609	-5391	57.112
2610	-5390	57.119
2611	-5389	57.124
2612	-5388	57.128
2613	-5387	57.132
2614	-5386	57.136
2615	-5385	57.14
2616	-5384	57.144
2617	-5383	57.147
2618	-5382	57.151
2619	-5381	57.154
2620	-5380	57.157
2621	-5379	57.16
2622	-5378	57.162
2623	-5377	57.166
2624	-5376	57.17
2625	-5375	57.174
2626	-5374	57.179
2627	-5373	57.184
2628	-5372	57.19
2629	-5371	57.197
2630	-5370	57.206
2631	-5369	57.215
2632	-5368	57.226
2633	-5367	57.239
2634	-5366	57.254
2635	-5365	57.269
2636	-5364	57.284
2637	-5363	57.3
2638	-5362	57.317
2639	-5361	57.335
2640	-5360	57.353
2641	-5359	57.37
2642	-5358	57.386
2643	-5357	57.4
2644	-5356	57.411
2645	-5355	57.421
2646	-5354	57.43
2647	-5353	57.439
2648	-5352	57.447
2649	-5351	57.455
2650	-5350	57.462
2651	-5349	57.47
2652	-5348	57.478
2653	-5347	57.487
2654	-5346	57.496
2655	-5345	57.504
2656	-5344	57.511
2657	-5343	57.518
2658	-5342	57.524
2659	-5341	57.529
2660	-5340	57.534
2661	-5339	57.538
2662	-5338	57.543
2663	-5337	57.547
2664	-5336	57.552
2665	-5335	57.558
2666	-5334	57.565
2667	-5333	57.574
2668	-5332	57.585
2669	-5331	57.598
2670	-5330	57.611
2671	-5329	57.625
2672	-5328	57.637
2673	-5327	57.649
2674	-5326	57.661
2675	-5325	57.671
2676	-5324	57.681
2677	-5323	57.692
2678	-5322	57.702
2679	-5321	57.715
2680	-5320	57.729
2681	-5319	57.744
2682	-5318	57.76
2683	-5317	57.779
2684	-5316	57.799
2685	-5315	57.822
2686	-5314	57.846
2687	-5313	57.873
2688	-5312	57.901
2689	-5311	57.931
2690	-5310	57.961
2691	-5309	57.994
2692	-5308	58.028
2693	-5307	58.064
2694	-5306	58.101
2695	-5305	58.14
2696	-5304	58.18
2697	-5303	58.221
2698	-5302	58.261
2699	-5301	58.301
2700	-5300	58.34
2701	-5299	58.379
2702	-5298	58.415
2703	-5297	58.45
2704	-5296	58.483
2705	-5295	58.513
2706	-5294	58.54
2707	-5293	58.565
2708	-5292	58.588
2709	-5291	58.608
2710	-5290	58.627
2711	-5289	58.645
2712	-5288	58.663
2713	-5287	58.682
2714	-5286	58.702
2715	-5285	58.722
2716	-5284	58.74
2717	-5283	58.758
2718	-5282	58.776
2719	-5281	58.794
2720	-5280	58.811
2721	-5279	58.828
2722	-5278	58.845
2723	-5277	58.861
2724	-5276	58.876
2725	-5275	58.89
2726	-5274	58.903
2727	-5273	58.916
2728	-5272	58.929
2729	-5271	58.942
2730	-5270	58.955
2731	-5269	58.968
2732	-5268	58.981
2733	-5267	58.994
2734	-5266	59.004
2735	-5265	59.011
2736	-5264	59.013
2737	-5263	59.012
2738	-5262	59.009
2739	-5261	59.003
2740	-5260	58.996
2741	-5259	58.988
2742	-5258	58.979
2743	-5257	58.97
2744	-5256	58.96
2745	-5255	58.947
2746	-5254	58.932
2747	-5253	58.915
2748	-5252	58.894
2749	-5251	58.872
2750	-5250	58.849
2751	-5249	58.826
2752	-5248	58.802
2753	-5247	58.779
2754	-5246	58.756
2755	-5245	58.733
2756	-5244	58.711
2757	-5243	58.69
2758	-5242	58.669
2759	-5241	58.651
2760	-5240	58.636
2761	-5239	58.621
2762	-5238	58.606
2763	-5237	58.591
2764	-5236	58.579
2765	-5235	58.568
2766	-5234	58.562
2767	-5233	58.56
2768	-5232	58.564
2769	-5231	58.57
2770	-5230	58.578
2771	-5229	58.584
2772	-5228	58.59
2773	-5227	58.595
2774	-5226	58.599
2775	-5225	58.601
2776	-5224	58.601
2777	-5223	58.599
2778	-5222	58.595
2779	-5221	58.588
2780	-5220	58.58
2781	-5219	58.57
2782	-5218	58.558
2783	-5217	58.544
2784	-5216	58.529
2785	-5215	58.514
2786	-5214	58.501
2787	-5213	58.49
2788	-5212	58.483
2789	-5211	58.479
2790	-5210	58.478
2791	-5209	58.479
2792	-5208	58.482
2793	-5207	58.488
2794	-5206	58.498
2795	-5205	58.511
2796	-5204	58.529
2797	-5203	58.548
2798	-5202	58.569
2799	-5201	58.591
2800	-5200	58.612
2801	-5199	58.633
2802	-5198	58.652
2803	-5197	58.667
2804	-5196	58.679
2805	-5195	58.689
2806	-5194	58.699
2807	-5193	58.707
2808	-5192	58.716
2809	-5191	58.726
2810	-5190	58.738
2811	-5189	58.752
2812	-5188	58.767
2813	-5187	58.783
2814	-5186	58.801
2815	-5185	58.818
2816	-5184	58.835
2817	-5183	58.85
2818	-5182	58.863
2819	-5181	58.875
2820	-5180	58.886
2821	-5179	58.897
2822	-5178	58.908
2823	-5177	58.919
2824	-5176	58.928
2825	-5175	58.937
2826	-5174	58.945
2827	-5173	58.952
2828	-5172	58.958
2829	-5171	58.962
2830	-5170	58.965
2831	-5169	58.965
2832	-5168	58.965
2833	-5167	58.963
2834	-5166	58.958
2835	-5165	58.954
2836	-5164	58.949
2837	-5163	58.945
2838	-5162	58.94
2839	-5161	58.936
2840	-5160	58.931
2841	-5159	58.926
2842	-5158	58.921
2843	-5157	58.918
2844	-5156	58.915
2845	-5155	58.912
2846	-5154	58.908
2847	-5153	58.904
2848	-5152	58.899
2849	-5151	58.894
2850	-5150	58.89
2851	-5149	58.885
2852	-5148	58.88
2853	-5147	58.876
2854	-5146	58.871
2855	-5145	58.864
2856	-5144	58.856
2857	-5143	58.845
2858	-5142	58.834
2859	-5141	58.822
2860	-5140	58.81
2861	-5139	58.797
2862	-5138	58.785
2863	-5137	58.774
2864	-5136	58.764
2865	-5135	58.754
2866	-5134	58.746
2867	-5133	58.737
2868	-5132	58.728
2869	-5131	58.717
2870	-5130	58.702
2871	-5129	58.683
2872	-5128	58.663
2873	-5127	58.64
2874	-5126	58.616
2875	-5125	58.591
2876	-5124	58.565
2877	-5123	58.54
2878	-5122	58.516
2879	-5121	58.494
2880	-5120	58.475
2881	-5119	58.457
2882	-5118	58.442
2883	-5117	58.428
2884	-5116	58.416
2885	-5115	58.408
2886	-5114	58.401
2887	-5113	58.396
2888	-5112	58.392
2889	-5111	58.389
2890	-5110	58.387
2891	-5109	58.386
2892	-5108	58.384
2893	-5107	58.381
2894	-5106	58.377
2895	-5105	58.372
2896	-5104	58.367
2897	-5103	58.359
2898	-5102	58.349
2899	-5101	58.336
2900	-5100	58.321
2901	-5099	58.304
2902	-5098	58.286
2903	-5097	58.269
2904	-5096	58.252
2905	-5095	58.235
2906	-5094	58.217
2907	-5093	58.198
2908	-5092	58.176
2909	-5091	58.153
2910	-5090	58.128
2911	-5089	58.1
2912	-5088	58.069
2913	-5087	58.034
2914	-5086	57.995
2915	-5085	57.954
2916	-5084	57.912
2917	-5083	57.869
2918	-5082	57.828
2919	-5081	57.788
2920	-5080	57.749
2921	-5079	57.713
2922	-5078	57.677
2923	-5077	57.643
2924	-5076	57.613
2925	-5075	57.586
2926	-5074	57.561
2927	-5073	57.54
2928	-5072	57.521
2929	-5071	57.504
2930	-5070	57.49
2931	-5069	57.478
2932	-5068	57.469
2933	-5067	57.461
2934	-5066	57.455
2935	-5065	57.449
2936	-5064	57.445
2937	-5063	57.442
2938	-5062	57.439
2939	-5061	57.436
2940	-5060	57.431
2941	-5059	57.426
2942	-5058	57.42
2943	-5057	57.414
2944	-5056	57.408
2945	-5055	57.403
2946	-5054	57.397
2947	-5053	57.392
2948	-5052	57.388
2949	-5051	57.383
2950	-5050	57.38
2951	-5049	57.376
2952	-5048	57.372
2953	-5047	57.368
2954	-5046	57.364
2955	-5045	57.361
2956	-5044	57.361
2957	-5043	57.364
2958	-5042	57.37
2959	-5041	57.379
2960	-5040	57.389
2961	-5039	57.4
2962	-5038	57.412
2963	-5037	57.422
2964	-5036	57.43
2965	-5035	57.436
2966	-5034	57.443
2967	-5033	57.451
2968	-5032	57.461
2969	-5031	57.473
2970	-5030	57.485
2971	-5029	57.499
2972	-5028	57.514
2973	-5027	57.529
2974	-5026	57.544
2975	-5025	57.56
2976	-5024	57.578
2977	-5023	57.598
2978	-5022	57.62
2979	-5021	57.643
2980	-5020	57.669
2981	-5019	57.697
2982	-5018	57.726
2983	-5017	57.755
2984	-5016	57.78
2985	-5015	57.802
2986	-5014	57.822
2987	-5013	57.838
2988	-5012	57.852
2989	-5011	57.866
2990	-5010	57.879
2991	-5009	57.893
2992	-5008	57.909
2993	-5007	57.929
2994	-5006	57.954
2995	-5005	57.979
2996	-5004	58.005
2997	-5003	58.033
2998	-5002	58.062
2999	-5001	58.092
3000	-5000	58.12
3001	-4999	58.147
3002	-4998	58.174
3003	-4997	58.201
3004	-4996	58.23
3005	-4995	58.26
3006	-4994	58.291
3007	-4993	58.321
3008	-4992	58.347
3009	-4991	58.368
3010	-4990	58.385
3011	-4989	58.4
3012	-4988	58.413
3013	-4987	58.423
3014	-4986	58.431
3015	-4985	58.436
3016	-4984	58.438
3017	-4983	58.44
3018	-4982	58.444
3019	-4981	58.452
3020	-4980	58.463
3021	-4979	58.478
3022	-4978	58.495
3023	-4977	58.515
3024	-4976	58.538
3025	-4975	58.562
3026	-4974	58.589
3027	-4973	58.617
3028	-4972	58.645
3029	-4971	58.673
3030	-4970	58.7
3031	-4969	58.727
3032	-4968	58.755
3033	-4967	58.783
3034	-4966	58.812
3035	-4965	58.839
3036	-4964	58.867
3037	-4963	58.895
3038	-4962	58.923
3039	-4961	58.95
3040	-4960	58.977
3041	-4959	59.002
3042	-4958	59.026
3043	-4957	59.047
3044	-4956	59.067
3045	-4955	59.085
3046	-4954	59.1
3047	-4953	59.113
3048	-4952	59.124
3049	-4951	59.132
3050	-4950	59.14
3051	-4949	59.148
3052	-4948	59.158
3053	-4947	59.169
3054	-4946	59.181
3055	-4945	59.194
3056	-4944	59.208
3057	-4943	59.223
3058	-4942	59.239
3059	-4941	59.256
3060	-4940	59.274
3061	-4939	59.289
3062	-4938	59.303
3063	-4937	59.314
3064	-4936	59.323
3065	-4935	59.331
3066	-4934	59.337
3067	-4933	59.343
3068	-4932	59.348
3069	-4931	59.352
3070	-4930	59.357
3071	-4929	59.364
3072	-4928	59.373
3073	-4927	59.383
3074	-4926	59.392
3075	-4925	59.399
3076	-4924	59.405
3077	-4923	59.41
3078	-4922	59.413
3079	-4921	59.415
3080	-4920	59.418
3081	-4919	59.42
3082	-4918	59.421
3083	-4917	59.423
3084	-4916	59.424
3085	-4915	59.424
3086	-4914	59.423
3087	-4913	59.422
3088	-4912	59.421
3089	-4911	59.42
3090	-4910	59.418
3091	-4909	59.416
3092	-4908	59.414
3093	-4907	59.413
3094	-4906	59.411
3095	-4905	59.41
3096	-4904	59.411
3097	-4903	59.413
3098	-4902	59.415
3099	-4901	59.418
3100	-4900	59.421
3101	-4899	59.424
3102	-4898	59.427
3103	-4897	59.43
3104	-4896	59.433
3105	-4895	59.434
3106	-4894	59.433
3107	-4893	59.429
3108	-4892	59.423
3109	-4891	59.414
3110	-4890	59.404
3111	-4889	59.393
3112	-4888	59.384
3113	-4887	59.375
3114	-4886	59.367
3115	-4885	59.361
3116	-4884	59.354
3117	-4883	59.347
3118	-4882	59.34
3119	-4881	59.331
3120	-4880	59.324
3121	-4879	59.317
3122	-4878	59.311
3123	-4877	59.305
3124	-4876	59.3
3125	-4875	59.296
3126	-4874	59.294
3127	-4873	59.295
3128	-4872	59.299
3129	-4871	59.305
3130	-4870	59.312
3131	-4869	59.321
3132	-4868	59.331
3133	-4867	59.342
3134	-4866	59.352
3135	-4865	59.363
3136	-4864	59.375
3137	-4863	59.388
3138	-4862	59.401
3139	-4861	59.415
3140	-4860	59.428
3141	-4859	59.44
3142	-4858	59.452
3143	-4857	59.463
3144	-4856	59.476
3145	-4855	59.489
3146	-4854	59.505
3147	-4853	59.522
3148	-4852	59.539
3149	-4851	59.555
3150	-4850	59.571
3151	-4849	59.586
3152	-4848	59.6
3153	-4847	59.614
3154	-4846	59.629
3155	-4845	59.646
3156	-4844	59.665
3157	-4843	59.685
3158	-4842	59.706
3159	-4841	59.725
3160	-4840	59.742
3161	-4839	59.757
3162	-4838	59.769
3163	-4837	59.779
3164	-4836	59.789
3165	-4835	59.798
3166	-4834	59.808
3167	-4833	59.821
3168	-4832	59.838
3169	-4831	59.86
3170	-4830	59.888
3171	-4829	59.919
3172	-4828	59.951
3173	-4827	59.985
3174	-4826	60.019
3175	-4825	60.053
3176	-4824	60.086
3177	-4823	60.117
3178	-4822	60.147
3179	-4821	60.175
3180	-4820	60.2
3181	-4819	60.223
3182	-4818	60.242
3183	-4817	60.257
3184	-4816	60.269
3185	-4815	60.28
3186	-4814	60.291
3187	-4813	60.302
3188	-4812	60.313
3189	-4811	60.322
3190	-4810	60.329
3191	-4809	60.333
3192	-4808	60.335
3193	-4807	60.335
3194	-4806	60.334
3195	-4805	60.335
3196	-4804	60.335
3197	-4803	60.334
3198	-4802	60.333
3199	-4801	60.333
3200	-4800	60.335
3201	-4799	60.338
3202	-4798	60.341
3203	-4797	60.345
3204	-4796	60.348
3205	-4795	60.352
3206	-4794	60.358
3207	-4793	60.369
3208	-4792	60.38
3209	-4791	60.391
3210	-4790	60.401
3211	-4789	60.414
3212	-4788	60.429
3213	-4787	60.445
3214	-4786	60.462
3215	-4785	60.479
3216	-4784	60.494
3217	-4783	60.506
3218	-4782	60.516
3219	-4781	60.522
3220	-4780	60.526
3221	-4779	60.525
3222	-4778	60.519
3223	-4777	60.509
3224	-4776	60.495
3225	-4775	60.48
3226	-4774	60.465
3227	-4773	60.45
3228	-4772	60.435
3229	-4771	60.419
3230	-4770	60.403
3231	-4769	60.385
3232	-4768	60.365
3233	-4767	60.344
3234	-4766	60.323
3235	-4765	60.304
3236	-4764	60.287
3237	-4763	60.272
3238	-4762	60.26
3239	-4761	60.251
3240	-4760	60.246
3241	-4759	60.244
3242	-4758	60.243
3243	-4757	60.243
3244	-4756	60.243
3245	-4755	60.244
3246	-4754	60.247
3247	-4753	60.252
3248	-4752	60.257
3249	-4751	60.262
3250	-4750	60.267
3251	-4749	60.272
3252	-4748	60.279
3253	-4747	60.286
3254	-4746	60.293
3255	-4745	60.299
3256	-4744	60.303
3257	-4743	60.307
3258	-4742	60.31
3259	-4741	60.313
3260	-4740	60.318
3261	-4739	60.322
3262	-4738	60.325
3263	-4737	60.328
3264	-4736	60.33
3265	-4735	60.334
3266	-4734	60.338
3267	-4733	60.341
3268	-4732	60.345
3269	-4731	60.349
3270	-4730	60.355
3271	-4729	60.36
3272	-4728	60.366
3273	-4727	60.37
3274	-4726	60.375
3275	-4725	60.379
3276	-4724	60.381
3277	-4723	60.381
3278	-4722	60.38
3279	-4721	60.38
3280	-4720	60.383
3281	-4719	60.387
3282	-4718	60.391
3283	-4717	60.394
3284	-4716	60.396
3285	-4715	60.397
3286	-4714	60.397
3287	-4713	60.397
3288	-4712	60.398
3289	-4711	60.403
3290	-4710	60.41
3291	-4709	60.42
3292	-4708	60.431
3293	-4707	60.442
3294	-4706	60.454
3295	-4705	60.466
3296	-4704	60.477
3297	-4703	60.488
3298	-4702	60.499
3299	-4701	60.511
3300	-4700	60.523
3301	-4699	60.536
3302	-4698	60.547
3303	-4697	60.557
3304	-4696	60.565
3305	-4695	60.571
3306	-4694	60.577
3307	-4693	60.582
3308	-4692	60.586
3309	-4691	60.589
3310	-4690	60.594
3311	-4689	60.599
3312	-4688	60.606
3313	-4687	60.612
3314	-4686	60.617
3315	-4685	60.619
3316	-4684	60.62
3317	-4683	60.619
3318	-4682	60.617
3319	-4681	60.612
3320	-4680	60.606
3321	-4679	60.6
3322	-4678	60.592
3323	-4677	60.584
3324	-4676	60.573
3325	-4675	60.56
3326	-4674	60.545
3327	-4673	60.53
3328	-4672	60.516
3329	-4671	60.505
3330	-4670	60.494
3331	-4669	60.481
3332	-4668	60.467
3333	-4667	60.454
3334	-4666	60.442
3335	-4665	60.429
3336	-4664	60.417
3337	-4663	60.405
3338	-4662	60.392
3339	-4661	60.381
3340	-4660	60.371
3341	-4659	60.364
3342	-4658	60.358
3343	-4657	60.354
3344	-4656	60.352
3345	-4655	60.352
3346	-4654	60.355
3347	-4653	60.359
3348	-4652	60.364
3349	-4651	60.369
3350	-4650	60.376
3351	-4649	60.384
3352	-4648	60.393
3353	-4647	60.403
3354	-4646	60.413
3355	-4645	60.423
3356	-4644	60.434
3357	-4643	60.445
3358	-4642	60.457
3359	-4641	60.47
3360	-4640	60.484
3361	-4639	60.499
3362	-4638	60.514
3363	-4637	60.531
3364	-4636	60.547
3365	-4635	60.563
3366	-4634	60.579
3367	-4633	60.595
3368	-4632	60.613
3369	-4631	60.633
3370	-4630	60.653
3371	-4629	60.674
3372	-4628	60.696
3373	-4627	60.717
3374	-4626	60.738
3375	-4625	60.757
3376	-4624	60.776
3377	-4623	60.794
3378	-4622	60.812
3379	-4621	60.831
3380	-4620	60.852
3381	-4619	60.875
3382	-4618	60.9
3383	-4617	60.928
3384	-4616	60.958
3385	-4615	60.99
3386	-4614	61.024
3387	-4613	61.059
3388	-4612	61.096
3389	-4611	61.132
3390	-4610	61.167
3391	-4609	61.201
3392	-4608	61.234
3393	-4607	61.267
3394	-4606	61.3
3395	-4605	61.331
3396	-4604	61.361
3397	-4603	61.387
3398	-4602	61.413
3399	-4601	61.437
3400	-4600	61.46
3401	-4599	61.482
3402	-4598	61.501
3403	-4597	61.519
3404	-4596	61.536
3405	-4595	61.554
3406	-4594	61.572
3407	-4593	61.591
3408	-4592	61.61
3409	-4591	61.628
3410	-4590	61.645
3411	-4589	61.66
3412	-4588	61.673
3413	-4587	61.684
3414	-4586	61.693
3415	-4585	61.701
3416	-4584	61.707
3417	-4583	61.712
3418	-4582	61.718
3419	-4581	61.724
3420	-4580	61.734
3421	-4579	61.745
3422	-4578	61.759
3423	-4577	61.774
3424	-4576	61.791
3425	-4575	61.811
3426	-4574	61.831
3427	-4573	61.851
3428	-4572	61.869
3429	-4571	61.887
3430	-4570	61.904
3431	-4569	61.921
3432	-4568	61.936
3433	-4567	61.951
3434	-4566	61.965
3435	-4565	61.977
3436	-4564	61.987
3437	-4563	61.996
3438	-4562	62.003
3439	-4561	62.008
3440	-4560	62.011
3441	-4559	62.014
3442	-4558	62.015
3443	-4557	62.015
3444	-4556	62.016
3445	-4555	62.019
3446	-4554	62.022
3447	-4553	62.023
3448	-4552	62.021
3449	-4551	62.017
3450	-4550	62.011
3451	-4549	62.005
3452	-4548	61.999
3453	-4547	61.994
3454	-4546	61.991
3455	-4545	61.987
3456	-4544	61.985
3457	-4543	61.983
3458	-4542	61.981
3459	-4541	61.98
3460	-4540	61.979
3461	-4539	61.977
3462	-4538	61.974
3463	-4537	61.97
3464	-4536	61.965
3465	-4535	61.958
3466	-4534	61.951
3467	-4533	61.945
3468	-4532	61.938
3469	-4531	61.931
3470	-4530	61.926
3471	-4529	61.92
3472	-4528	61.915
3473	-4527	61.91
3474	-4526	61.906
3475	-4525	61.902
3476	-4524	61.898
3477	-4523	61.894
3478	-4522	61.89
3479	-4521	61.886
3480	-4520	61.883
3481	-4519	61.88
3482	-4518	61.877
3483	-4517	61.874
3484	-4516	61.871
3485	-4515	61.869
3486	-4514	61.867
3487	-4513	61.866
3488	-4512	61.865
3489	-4511	61.863
3490	-4510	61.862
3491	-4509	61.86
3492	-4508	61.858
3493	-4507	61.856
3494	-4506	61.853
3495	-4505	61.85
3496	-4504	61.849
3497	-4503	61.849
3498	-4502	61.852
3499	-4501	61.856
3500	-4500	61.861
3501	-4499	61.866
3502	-4498	61.871
3503	-4497	61.875
3504	-4496	61.88
3505	-4495	61.887
3506	-4494	61.895
3507	-4493	61.903
3508	-4492	61.912
3509	-4491	61.922
3510	-4490	61.932
3511	-4489	61.942
3512	-4488	61.954
3513	-4487	61.966
3514	-4486	61.98
3515	-4485	61.994
3516	-4484	62.009
3517	-4483	62.022
3518	-4482	62.035
3519	-4481	62.046
3520	-4480	62.056
3521	-4479	62.065
3522	-4478	62.073
3523	-4477	62.079
3524	-4476	62.085
3525	-4475	62.089
3526	-4474	62.093
3527	-4473	62.096
3528	-4472	62.1
3529	-4471	62.103
3530	-4470	62.106
3531	-4469	62.11
3532	-4468	62.113
3533	-4467	62.115
3534	-4466	62.116
3535	-4465	62.115
3536	-4464	62.113
3537	-4463	62.11
3538	-4462	62.105
3539	-4461	62.1
3540	-4460	62.096
3541	-4459	62.092
3542	-4458	62.089
3543	-4457	62.088
3544	-4456	62.088
3545	-4455	62.09
3546	-4454	62.091
3547	-4453	62.093
3548	-4452	62.094
3549	-4451	62.095
3550	-4450	62.095
3551	-4449	62.096
3552	-4448	62.097
3553	-4447	62.097
3554	-4446	62.097
3555	-4445	62.098
3556	-4444	62.101
3557	-4443	62.104
3558	-4442	62.109
3559	-4441	62.115
3560	-4440	62.122
3561	-4439	62.131
3562	-4438	62.142
3563	-4437	62.154
3564	-4436	62.167
3565	-4435	62.181
3566	-4434	62.195
3567	-4433	62.209
3568	-4432	62.222
3569	-4431	62.235
3570	-4430	62.248
3571	-4429	62.262
3572	-4428	62.275
3573	-4427	62.288
3574	-4426	62.3
3575	-4425	62.311
3576	-4424	62.32
3577	-4423	62.328
3578	-4422	62.334
3579	-4421	62.338
3580	-4420	62.34
3581	-4419	62.34
3582	-4418	62.337
3583	-4417	62.331
3584	-4416	62.322
3585	-4415	62.312
3586	-4414	62.299
3587	-4413	62.286
3588	-4412	62.271
3589	-4411	62.256
3590	-4410	62.239
3591	-4409	62.222
3592	-4408	62.204
3593	-4407	62.184
3594	-4406	62.164
3595	-4405	62.143
3596	-4404	62.121
3597	-4403	62.098
3598	-4402	62.074
3599	-4401	62.05
3600	-4400	62.027
3601	-4399	62.004
3602	-4398	61.981
3603	-4397	61.96
3604	-4396	61.94
3605	-4395	61.922
3606	-4394	61.905
3607	-4393	61.89
3608	-4392	61.877
3609	-4391	61.864
3610	-4390	61.853
3611	-4389	61.843
3612	-4388	61.834
3613	-4387	61.827
3614	-4386	61.82
3615	-4385	61.815
3616	-4384	61.811
3617	-4383	61.807
3618	-4382	61.804
3619	-4381	61.802
3620	-4380	61.802
3621	-4379	61.802
3622	-4378	61.804
3623	-4377	61.807
3624	-4376	61.811
3625	-4375	61.815
3626	-4374	61.819
3627	-4373	61.821
3628	-4372	61.823
3629	-4371	61.824
3630	-4370	61.825
3631	-4369	61.827
3632	-4368	61.831
3633	-4367	61.836
3634	-4366	61.841
3635	-4365	61.847
3636	-4364	61.854
3637	-4363	61.862
3638	-4362	61.871
3639	-4361	61.88
3640	-4360	61.89
3641	-4359	61.9
3642	-4358	61.911
3643	-4357	61.922
3644	-4356	61.933
3645	-4355	61.944
3646	-4354	61.953
3647	-4353	61.962
3648	-4352	61.971
3649	-4351	61.98
3650	-4350	61.989
3651	-4349	62.0
3652	-4348	62.012
3653	-4347	62.026
3654	-4346	62.04
3655	-4345	62.056
3656	-4344	62.074
3657	-4343	62.092
3658	-4342	62.111
3659	-4341	62.131
3660	-4340	62.153
3661	-4339	62.175
3662	-4338	62.197
3663	-4337	62.219
3664	-4336	62.24
3665	-4335	62.26
3666	-4334	62.28
3667	-4333	62.298
3668	-4332	62.316
3669	-4331	62.333
3670	-4330	62.35
3671	-4329	62.368
3672	-4328	62.387
3673	-4327	62.407
3674	-4326	62.428
3675	-4325	62.45
3676	-4324	62.472
3677	-4323	62.493
3678	-4322	62.512
3679	-4321	62.53
3680	-4320	62.547
3681	-4319	62.56
3682	-4318	62.572
3683	-4317	62.583
3684	-4316	62.591
3685	-4315	62.598
3686	-4314	62.6
3687	-4313	62.601
3688	-4312	62.599
3689	-4311	62.596
3690	-4310	62.592
3691	-4309	62.588
3692	-4308	62.585
3693	-4307	62.582
3694	-4306	62.58
3695	-4305	62.578
3696	-4304	62.577
3697	-4303	62.578
3698	-4302	62.582
3699	-4301	62.589
3700	-4300	62.598
3701	-4299	62.61
3702	-4298	62.625
3703	-4297	62.64
3704	-4296	62.657
3705	-4295	62.675
3706	-4294	62.693
3707	-4293	62.711
3708	-4292	62.729
3709	-4291	62.746
3710	-4290	62.763
3711	-4289	62.78
3712	-4288	62.798
3713	-4287	62.814
3714	-4286	62.83
3715	-4285	62.844
3716	-4284	62.857
3717	-4283	62.869
3718	-4282	62.88
3719	-4281	62.892
3720	-4280	62.903
3721	-4279	62.916
3722	-4278	62.928
3723	-4277	62.941
3724	-4276	62.954
3725	-4275	62.965
3726	-4274	62.975
3727	-4273	62.984
3728	-4272	62.99
3729	-4271	62.996
3730	-4270	63.0
3731	-4269	63.003
3732	-4268	63.005
3733	-4267	63.007
3734	-4266	63.007
3735	-4265	63.006
3736	-4264	63.002
3737	-4263	62.996
3738	-4262	62.988
3739	-4261	62.978
3740	-4260	62.967
3741	-4259	62.955
3742	-4258	62.941
3743	-4257	62.926
3744	-4256	62.908
3745	-4255	62.889
3746	-4254	62.869
3747	-4253	62.849
3748	-4252	62.832
3749	-4251	62.815
3750	-4250	62.799
3751	-4249	62.783
3752	-4248	62.766
3753	-4247	62.75
3754	-4246	62.732
3755	-4245	62.713
3756	-4244	62.692
3757	-4243	62.668
3758	-4242	62.643
3759	-4241	62.618
3760	-4240	62.593
3761	-4239	62.569
3762	-4238	62.546
3763	-4237	62.524
3764	-4236	62.503
3765	-4235	62.486
3766	-4234	62.474
3767	-4233	62.468
3768	-4232	62.465
3769	-4231	62.465
3770	-4230	62.465
3771	-4229	62.464
3772	-4228	62.463
3773	-4227	62.462
3774	-4226	62.46
3775	-4225	62.456
3776	-4224	62.449
3777	-4223	62.438
3778	-4222	62.425
3779	-4221	62.411
3780	-4220	62.397
3781	-4219	62.383
3782	-4218	62.37
3783	-4217	62.357
3784	-4216	62.344
3785	-4215	62.332
3786	-4214	62.319
3787	-4213	62.307
3788	-4212	62.294
3789	-4211	62.282
3790	-4210	62.27
3791	-4209	62.261
3792	-4208	62.254
3793	-4207	62.248
3794	-4206	62.244
3795	-4205	62.24
3796	-4204	62.236
3797	-4203	62.234
3798	-4202	62.232
3799	-4201	62.229
3800	-4200	62.226
3801	-4199	62.223
3802	-4198	62.221
3803	-4197	62.22
3804	-4196	62.219
3805	-4195	62.218
3806	-4194	62.216
3807	-4193	62.214
3808	-4192	62.209
3809	-4191	62.205
3810	-4190	62.201
3811	-4189	62.197
3812	-4188	62.195
3813	-4187	62.192
3814	-4186	62.188
3815	-4185	62.184
3816	-4184	62.179
3817	-4183	62.175
3818	-4182	62.173
3819	-4181	62.172
3820	-4180	62.173
3821	-4179	62.176
3822	-4178	62.179
3823	-4177	62.183
3824	-4176	62.189
3825	-4175	62.195
3826	-4174	62.201
3827	-4173	62.208
3828	-4172	62.214
3829	-4171	62.221
3830	-4170	62.228
3831	-4169	62.235
3832	-4168	62.241
3833	-4167	62.246
3834	-4166	62.251
3835	-4165	62.256
3836	-4164	62.263
3837	-4163	62.272
3838	-4162	62.282
3839	-4161	62.293
3840	-4160	62.305
3841	-4159	62.318
3842	-4158	62.334
3843	-4157	62.351
3844	-4156	62.371
3845	-4155	62.392
3846	-4154	62.415
3847	-4153	62.439
3848	-4152	62.464
3849	-4151	62.489
3850	-4150	62.513
3851	-4149	62.535
3852	-4148	62.555
3853	-4147	62.572
3854	-4146	62.588
3855	-4145	62.602
3856	-4144	62.615
3857	-4143	62.627
3858	-4142	62.639
3859	-4141	62.651
3860	-4140	62.664
3861	-4139	62.677
3862	-4138	62.689
3863	-4137	62.701
3864	-4136	62.712
3865	-4135	62.724
3866	-4134	62.736
3867	-4133	62.75
3868	-4132	62.765
3869	-4131	62.783
3870	-4130	62.803
3871	-4129	62.825
3872	-4128	62.847
3873	-4127	62.87
3874	-4126	62.893
3875	-4125	62.916
3876	-4124	62.94
3877	-4123	62.966
3878	-4122	62.993
3879	-4121	63.02
3880	-4120	63.046
3881	-4119	63.071
3882	-4118	63.093
3883	-4117	63.115
3884	-4116	63.137
3885	-4115	63.162
3886	-4114	63.189
3887	-4113	63.221
3888	-4112	63.255
3889	-4111	63.29
3890	-4110	63.325
3891	-4109	63.36
3892	-4108	63.394
3893	-4107	63.428
3894	-4106	63.46
3895	-4105	63.491
3896	-4104	63.519
3897	-4103	63.542
3898	-4102	63.56
3899	-4101	63.574
3900	-4100	63.585
3901	-4099	63.592
3902	-4098	63.598
3903	-4097	63.601
3904	-4096	63.602
3905	-4095	63.604
3906	-4094	63.604
3907	-4093	63.602
3908	-4092	63.597
3909	-4091	63.587
3910	-4090	63.573
3911	-4089	63.557
3912	-4088	63.546
3913	-4087	63.534
3914	-4086	63.52
3915	-4085	63.505
3916	-4084	63.491
3917	-4083	63.477
3918	-4082	63.461
3919	-4081	63.445
3920	-4080	63.427
3921	-4079	63.408
3922	-4078	63.386
3923	-4077	63.364
3924	-4076	63.341
3925	-4075	63.318
3926	-4074	63.297
3927	-4073	63.278
3928	-4072	63.261
3929	-4071	63.248
3930	-4070	63.237
3931	-4069	63.228
3932	-4068	63.221
3933	-4067	63.218
3934	-4066	63.22
3935	-4065	63.227
3936	-4064	63.235
3937	-4063	63.242
3938	-4062	63.249
3939	-4061	63.255
3940	-4060	63.264
3941	-4059	63.275
3942	-4058	63.293
3943	-4057	63.317
3944	-4056	63.347
3945	-4055	63.38
3946	-4054	63.418
3947	-4053	63.456
3948	-4052	63.489
3949	-4051	63.516
3950	-4050	63.539
3951	-4049	63.557
3952	-4048	63.573
3953	-4047	63.591
3954	-4046	63.612
3955	-4045	63.633
3956	-4044	63.656
3957	-4043	63.677
3958	-4042	63.699
3959	-4041	63.723
3960	-4040	63.751
3961	-4039	63.784
3962	-4038	63.819
3963	-4037	63.857
3964	-4036	63.896
3965	-4035	63.936
3966	-4034	63.976
3967	-4033	64.016
3968	-4032	64.053
3969	-4031	64.089
3970	-4030	64.125
3971	-4029	64.162
3972	-4028	64.202
3973	-4027	64.244
3974	-4026	64.29
3975	-4025	64.341
3976	-4024	64.395
3977	-4023	64.45
3978	-4022	64.506
3979	-4021	64.561
3980	-4020	64.614
3981	-4019	64.665
3982	-4018	64.714
3983	-4017	64.762
3984	-4016	64.811
3985	-4015	64.858
3986	-4014	64.902
3987	-4013	64.942
3988	-4012	64.978
3989	-4011	65.012
3990	-4010	65.044
3991	-4009	65.07
3992	-4008	65.09
3993	-4007	65.101
3994	-4006	65.104
3995	-4005	65.104
3996	-4004	65.101
3997	-4003	65.098
3998	-4002	65.097
3999	-4001	65.097
4000	-4000	65.097
4001	-3999	65.096
4002	-3998	65.095
4003	-3997	65.098
4004	-3996	65.105
4005	-3995	65.111
4006	-3994	65.113
4007	-3993	65.11
4008	-3992	65.104
4009	-3991	65.094
4010	-3990	65.081
4011	-3989	65.067
4012	-3988	65.053
4013	-3987	65.038
4014	-3986	65.023
4015	-3985	65.006
4016	-3984	64.987
4017	-3983	64.968
4018	-3982	64.951
4019	-3981	64.935
4020	-3980	64.92
4021	-3979	64.905
4022	-3978	64.891
4023	-3977	64.877
4024	-3976	64.863
4025	-3975	64.85
4026	-3974	64.839
4027	-3973	64.828
4028	-3972	64.818
4029	-3971	64.807
4030	-3970	64.798
4031	-3969	64.789
4032	-3968	64.779
4033	-3967	64.767
4034	-3966	64.753
4035	-3965	64.737
4036	-3964	64.72
4037	-3963	64.701
4038	-3962	64.683
4039	-3961	64.664
4040	-3960	64.644
4041	-3959	64.62
4042	-3958	64.593
4043	-3957	64.562
4044	-3956	64.528
4045	-3955	64.492
4046	-3954	64.455
4047	-3953	64.417
4048	-3952	64.377
4049	-3951	64.333
4050	-3950	64.286
4051	-3949	64.235
4052	-3948	64.179
4053	-3947	64.119
4054	-3946	64.053
4055	-3945	63.983
4056	-3944	63.911
4057	-3943	63.838
4058	-3942	63.765
4059	-3941	63.692
4060	-3940	63.619
4061	-3939	63.547
4062	-3938	63.476
4063	-3937	63.406
4064	-3936	63.339
4065	-3935	63.274
4066	-3934	63.211
4067	-3933	63.151
4068	-3932	63.094
4069	-3931	63.042
4070	-3930	62.993
4071	-3929	62.947
4072	-3928	62.903
4073	-3927	62.861
4074	-3926	62.819
4075	-3925	62.774
4076	-3924	62.728
4077	-3923	62.681
4078	-3922	62.63
4079	-3921	62.577
4080	-3920	62.522
4081	-3919	62.466
4082	-3918	62.408
4083	-3917	62.351
4084	-3916	62.294
4085	-3915	62.239
4086	-3914	62.187
4087	-3913	62.137
4088	-3912	62.09
4089	-3911	62.043
4090	-3910	61.998
4091	-3909	61.955
4092	-3908	61.915
4093	-3907	61.877
4094	-3906	61.842
4095	-3905	61.808
4096	-3904	61.777
4097	-3903	61.749
4098	-3902	61.724
4099	-3901	61.704
4100	-3900	61.688
4101	-3899	61.676
4102	-3898	61.668
4103	-3897	61.662
4104	-3896	61.659
4105	-3895	61.657
4106	-3894	61.655
4107	-3893	61.65
4108	-3892	61.644
4109	-3891	61.636
4110	-3890	61.627
4111	-3889	61.616
4112	-3888	61.604
4113	-3887	61.588
4114	-3886	61.567
4115	-3885	61.544
4116	-3884	61.518
4117	-3883	61.49
4118	-3882	61.461
4119	-3881	61.432
4120	-3880	61.406
4121	-3879	61.381
4122	-3878	61.36
4123	-3877	61.34
4124	-3876	61.321
4125	-3875	61.302
4126	-3874	61.28
4127	-3873	61.259
4128	-3872	61.235
4129	-3871	61.205
4130	-3870	61.171
4131	-3869	61.133
4132	-3868	61.092
4133	-3867	61.05
4134	-3866	61.007
4135	-3865	60.963
4136	-3864	60.921
4137	-3863	60.879
4138	-3862	60.839
4139	-3861	60.798
4140	-3860	60.756
4141	-3859	60.712
4142	-3858	60.668
4143	-3857	60.625
4144	-3856	60.583
4145	-3855	60.543
4146	-3854	60.505
4147	-3853	60.47
4148	-3852	60.436
4149	-3851	60.406
4150	-3850	60.377
4151	-3849	60.352
4152	-3848	60.329
4153	-3847	60.309
4154	-3846	60.292
4155	-3845	60.277
4156	-3844	60.264
4157	-3843	60.253
4158	-3842	60.244
4159	-3841	60.237
4160	-3840	60.23
4161	-3839	60.226
4162	-3838	60.223
4163	-3837	60.22
4164	-3836	60.217
4165	-3835	60.213
4166	-3834	60.208
4167	-3833	60.202
4168	-3832	60.197
4169	-3831	60.192
4170	-3830	60.188
4171	-3829	60.184
4172	-3828	60.18
4173	-3827	60.177
4174	-3826	60.175
4175	-3825	60.173
4176	-3824	60.172
4177	-3823	60.171
4178	-3822	60.168
4179	-3821	60.165
4180	-3820	60.161
4181	-3819	60.155
4182	-3818	60.146
4183	-3817	60.137
4184	-3816	60.128
4185	-3815	60.118
4186	-3814	60.108
4187	-3813	60.096
4188	-3812	60.083
4189	-3811	60.069
4190	-3810	60.055
4191	-3809	60.042
4192	-3808	60.029
4193	-3807	60.016
4194	-3806	60.003
4195	-3805	59.99
4196	-3804	59.976
4197	-3803	59.963
4198	-3802	59.95
4199	-3801	59.939
4200	-3800	59.929
4201	-3799	59.921
4202	-3798	59.913
4203	-3797	59.907
4204	-3796	59.9
4205	-3795	59.895
4206	-3794	59.891
4207	-3793	59.887
4208	-3792	59.883
4209	-3791	59.881
4210	-3790	59.879
4211	-3789	59.879
4212	-3788	59.879
4213	-3787	59.881
4214	-3786	59.883
4215	-3785	59.885
4216	-3784	59.886
4217	-3783	59.887
4218	-3782	59.885
4219	-3781	59.883
4220	-3780	59.879
4221	-3779	59.875
4222	-3778	59.872
4223	-3777	59.871
4224	-3776	59.873
4225	-3775	59.878
4226	-3774	59.885
4227	-3773	59.895
4228	-3772	59.908
4229	-3771	59.924
4230	-3770	59.94
4231	-3769	59.956
4232	-3768	59.972
4233	-3767	59.987
4234	-3766	59.999
4235	-3765	60.011
4236	-3764	60.021
4237	-3763	60.03
4238	-3762	60.036
4239	-3761	60.041
4240	-3760	60.044
4241	-3759	60.045
4242	-3758	60.043
4243	-3757	60.039
4244	-3756	60.033
4245	-3755	60.025
4246	-3754	60.016
4247	-3753	60.006
4248	-3752	59.996
4249	-3751	59.984
4250	-3750	59.971
4251	-3749	59.955
4252	-3748	59.938
4253	-3747	59.918
4254	-3746	59.897
4255	-3745	59.876
4256	-3744	59.855
4257	-3743	59.835
4258	-3742	59.818
4259	-3741	59.802
4260	-3740	59.789
4261	-3739	59.777
4262	-3738	59.767
4263	-3737	59.759
4264	-3736	59.75
4265	-3735	59.742
4266	-3734	59.733
4267	-3733	59.725
4268	-3732	59.716
4269	-3731	59.708
4270	-3730	59.699
4271	-3729	59.69
4272	-3728	59.682
4273	-3727	59.675
4274	-3726	59.669
4275	-3725	59.664
4276	-3724	59.659
4277	-3723	59.654
4278	-3722	59.65
4279	-3721	59.647
4280	-3720	59.647
4281	-3719	59.649
4282	-3718	59.653
4283	-3717	59.66
4284	-3716	59.67
4285	-3715	59.681
4286	-3714	59.693
4287	-3713	59.705
4288	-3712	59.717
4289	-3711	59.727
4290	-3710	59.736
4291	-3709	59.745
4292	-3708	59.752
4293	-3707	59.759
4294	-3706	59.765
4295	-3705	59.771
4296	-3704	59.777
4297	-3703	59.782
4298	-3702	59.787
4299	-3701	59.792
4300	-3700	59.797
4301	-3699	59.801
4302	-3698	59.806
4303	-3697	59.811
4304	-3696	59.815
4305	-3695	59.82
4306	-3694	59.826
4307	-3693	59.832
4308	-3692	59.84
4309	-3691	59.849
4310	-3690	59.859
4311	-3689	59.869
4312	-3688	59.879
4313	-3687	59.888
4314	-3686	59.896
4315	-3685	59.902
4316	-3684	59.907
4317	-3683	59.912
4318	-3682	59.916
4319	-3681	59.919
4320	-3680	59.921
4321	-3679	59.921
4322	-3678	59.92
4323	-3677	59.917
4324	-3676	59.913
4325	-3675	59.908
4326	-3674	59.904
4327	-3673	59.9
4328	-3672	59.895
4329	-3671	59.889
4330	-3670	59.882
4331	-3669	59.875
4332	-3668	59.866
4333	-3667	59.855
4334	-3666	59.842
4335	-3665	59.826
4336	-3664	59.807
4337	-3663	59.787
4338	-3662	59.765
4339	-3661	59.741
4340	-3660	59.716
4341	-3659	59.687
4342	-3658	59.658
4343	-3657	59.628
4344	-3656	59.599
4345	-3655	59.571
4346	-3654	59.544
4347	-3653	59.518
4348	-3652	59.493
4349	-3651	59.471
4350	-3650	59.45
4351	-3649	59.429
4352	-3648	59.409
4353	-3647	59.387
4354	-3646	59.365
4355	-3645	59.342
4356	-3644	59.319
4357	-3643	59.298
4358	-3642	59.277
4359	-3641	59.258
4360	-3640	59.238
4361	-3639	59.22
4362	-3638	59.202
4363	-3637	59.182
4364	-3636	59.161
4365	-3635	59.138
4366	-3634	59.115
4367	-3633	59.093
4368	-3632	59.072
4369	-3631	59.05
4370	-3630	59.028
4371	-3629	59.004
4372	-3628	58.98
4373	-3627	58.956
4374	-3626	58.933
4375	-3625	58.909
4376	-3624	58.885
4377	-3623	58.861
4378	-3622	58.838
4379	-3621	58.817
4380	-3620	58.798
4381	-3619	58.781
4382	-3618	58.767
4383	-3617	58.753
4384	-3616	58.741
4385	-3615	58.728
4386	-3614	58.716
4387	-3613	58.703
4388	-3612	58.691
4389	-3611	58.677
4390	-3610	58.664
4391	-3609	58.65
4392	-3608	58.638
4393	-3607	58.626
4394	-3606	58.614
4395	-3605	58.602
4396	-3604	58.591
4397	-3603	58.579
4398	-3602	58.567
4399	-3601	58.553
4400	-3600	58.539
4401	-3599	58.524
4402	-3598	58.509
4403	-3597	58.495
4404	-3596	58.482
4405	-3595	58.47
4406	-3594	58.459
4407	-3593	58.45
4408	-3592	58.443
4409	-3591	58.438
4410	-3590	58.435
4411	-3589	58.434
4412	-3588	58.434
4413	-3587	58.434
4414	-3586	58.434
4415	-3585	58.433
4416	-3584	58.429
4417	-3583	58.421
4418	-3582	58.409
4419	-3581	58.393
4420	-3580	58.371
4421	-3579	58.344
4422	-3578	58.311
4423	-3577	58.274
4424	-3576	58.234
4425	-3575	58.193
4426	-3574	58.15
4427	-3573	58.107
4428	-3572	58.065
4429	-3571	58.023
4430	-3570	57.983
4431	-3569	57.943
4432	-3568	57.903
4433	-3567	57.864
4434	-3566	57.826
4435	-3565	57.789
4436	-3564	57.755
4437	-3563	57.721
4438	-3562	57.688
4439	-3561	57.655
4440	-3560	57.622
4441	-3559	57.589
4442	-3558	57.556
4443	-3557	57.524
4444	-3556	57.491
4445	-3555	57.459
4446	-3554	57.426
4447	-3553	57.394
4448	-3552	57.362
4449	-3551	57.328
4450	-3550	57.295
4451	-3549	57.262
4452	-3548	57.231
4453	-3547	57.202
4454	-3546	57.174
4455	-3545	57.148
4456	-3544	57.123
4457	-3543	57.1
4458	-3542	57.079
4459	-3541	57.06
4460	-3540	57.043
4461	-3539	57.027
4462	-3538	57.013
4463	-3537	56.999
4464	-3536	56.987
4465	-3535	56.976
4466	-3534	56.966
4467	-3533	56.957
4468	-3532	56.95
4469	-3531	56.943
4470	-3530	56.937
4471	-3529	56.93
4472	-3528	56.924
4473	-3527	56.917
4474	-3526	56.91
4475	-3525	56.903
4476	-3524	56.896
4477	-3523	56.889
4478	-3522	56.883
4479	-3521	56.877
4480	-3520	56.87
4481	-3519	56.862
4482	-3518	56.852
4483	-3517	56.841
4484	-3516	56.829
4485	-3515	56.816
4486	-3514	56.802
4487	-3513	56.789
4488	-3512	56.774
4489	-3511	56.759
4490	-3510	56.743
4491	-3509	56.727
4492	-3508	56.71
4493	-3507	56.692
4494	-3506	56.674
4495	-3505	56.655
4496	-3504	56.636
4497	-3503	56.617
4498	-3502	56.598
4499	-3501	56.58
4500	-3500	56.564
4501	-3499	56.549
4502	-3498	56.536
4503	-3497	56.522
4504	-3496	56.51
4505	-3495	56.5
4506	-3494	56.491
4507	-3493	56.481
4508	-3492	56.473
4509	-3491	56.466
4510	-3490	56.458
4511	-3489	56.452
4512	-3488	56.447
4513	-3487	56.444
4514	-3486	56.442
4515	-3485	56.443
4516	-3484	56.445
4517	-3483	56.449
4518	-3482	56.453
4519	-3481	56.457
4520	-3480	56.46
4521	-3479	56.462
4522	-3478	56.463
4523	-3477	56.462
4524	-3476	56.461
4525	-3475	56.458
4526	-3474	56.452
4527	-3473	56.445
4528	-3472	56.436
4529	-3471	56.426
4530	-3470	56.414
4531	-3469	56.4
4532	-3468	56.383
4533	-3467	56.363
4534	-3466	56.339
4535	-3465	56.311
4536	-3464	56.279
4537	-3463	56.244
4538	-3462	56.206
4539	-3461	56.167
4540	-3460	56.126
4541	-3459	56.085
4542	-3458	56.044
4543	-3457	56.002
4544	-3456	55.961
4545	-3455	55.92
4546	-3454	55.879
4547	-3453	55.838
4548	-3452	55.797
4549	-3451	55.756
4550	-3450	55.717
4551	-3449	55.679
4552	-3448	55.644
4553	-3447	55.612
4554	-3446	55.583
4555	-3445	55.56
4556	-3444	55.541
4557	-3443	55.525
4558	-3442	55.511
4559	-3441	55.498
4560	-3440	55.484
4561	-3439	55.47
4562	-3438	55.454
4563	-3437	55.437
4564	-3436	55.417
4565	-3435	55.395
4566	-3434	55.37
4567	-3433	55.343
4568	-3432	55.315
4569	-3431	55.286
4570	-3430	55.256
4571	-3429	55.225
4572	-3428	55.193
4573	-3427	55.159
4574	-3426	55.124
4575	-3425	55.089
4576	-3424	55.053
4577	-3423	55.019
4578	-3422	54.987
4579	-3421	54.954
4580	-3420	54.921
4581	-3419	54.888
4582	-3418	54.855
4583	-3417	54.823
4584	-3416	54.79
4585	-3415	54.756
4586	-3414	54.722
4587	-3413	54.688
4588	-3412	54.655
4589	-3411	54.622
4590	-3410	54.59
4591	-3409	54.557
4592	-3408	54.525
4593	-3407	54.492
4594	-3406	54.458
4595	-3405	54.424
4596	-3404	54.387
4597	-3403	54.347
4598	-3402	54.304
4599	-3401	54.259
4600	-3400	54.213
4601	-3399	54.167
4602	-3398	54.119
4603	-3397	54.07
4604	-3396	54.019
4605	-3395	53.968
4606	-3394	53.915
4607	-3393	53.863
4608	-3392	53.811
4609	-3391	53.76
4610	-3390	53.712
4611	-3389	53.667
4612	-3388	53.627
4613	-3387	53.59
4614	-3386	53.556
4615	-3385	53.525
4616	-3384	53.497
4617	-3383	53.472
4618	-3382	53.448
4619	-3381	53.426
4620	-3380	53.405
4621	-3379	53.385
4622	-3378	53.365
4623	-3377	53.342
4624	-3376	53.319
4625	-3375	53.297
4626	-3374	53.274
4627	-3373	53.252
4628	-3372	53.23
4629	-3371	53.21
4630	-3370	53.191
4631	-3369	53.173
4632	-3368	53.156
4633	-3367	53.137
4634	-3366	53.118
4635	-3365	53.098
4636	-3364	53.078
4637	-3363	53.057
4638	-3362	53.036
4639	-3361	53.016
4640	-3360	52.997
4641	-3359	52.979
4642	-3358	52.96
4643	-3357	52.939
4644	-3356	52.915
4645	-3355	52.888
4646	-3354	52.858
4647	-3353	52.826
4648	-3352	52.791
4649	-3351	52.755
4650	-3350	52.719
4651	-3349	52.684
4652	-3348	52.65
4653	-3347	52.617
4654	-3346	52.585
4655	-3345	52.554
4656	-3344	52.524
4657	-3343	52.496
4658	-3342	52.47
4659	-3341	52.447
4660	-3340	52.426
4661	-3339	52.407
4662	-3338	52.391
4663	-3337	52.376
4664	-3336	52.361
4665	-3335	52.347
4666	-3334	52.334
4667	-3333	52.32
4668	-3332	52.307
4669	-3331	52.296
4670	-3330	52.285
4671	-3329	52.275
4672	-3328	52.266
4673	-3327	52.257
4674	-3326	52.249
4675	-3325	52.238
4676	-3324	52.226
4677	-3323	52.211
4678	-3322	52.192
4679	-3321	52.168
4680	-3320	52.14
4681	-3319	52.11
4682	-3318	52.079
4683	-3317	52.047
4684	-3316	52.015
4685	-3315	51.984
4686	-3314	51.952
4687	-3313	51.92
4688	-3312	51.89
4689	-3311	51.863
4690	-3310	51.839
4691	-3309	51.818
4692	-3308	51.8
4693	-3307	51.783
4694	-3306	51.767
4695	-3305	51.751
4696	-3304	51.737
4697	-3303	51.724
4698	-3302	51.712
4699	-3301	51.7
4700	-3300	51.689
4701	-3299	51.676
4702	-3298	51.664
4703	-3297	51.651
4704	-3296	51.638
4705	-3295	51.627
4706	-3294	51.616
4707	-3293	51.607
4708	-3292	51.598
4709	-3291	51.591
4710	-3290	51.583
4711	-3289	51.575
4712	-3288	51.566
4713	-3287	51.557
4714	-3286	51.549
4715	-3285	51.544
4716	-3284	51.541
4717	-3283	51.542
4718	-3282	51.544
4719	-3281	51.549
4720	-3280	51.556
4721	-3279	51.565
4722	-3278	51.579
4723	-3277	51.595
4724	-3276	51.613
4725	-3275	51.634
4726	-3274	51.659
4727	-3273	51.687
4728	-3272	51.716
4729	-3271	51.746
4730	-3270	51.777
4731	-3269	51.81
4732	-3268	51.847
4733	-3267	51.887
4734	-3266	51.931
4735	-3265	51.976
4736	-3264	52.024
4737	-3263	52.073
4738	-3262	52.126
4739	-3261	52.182
4740	-3260	52.241
4741	-3259	52.302
4742	-3258	52.363
4743	-3257	52.424
4744	-3256	52.485
4745	-3255	52.546
4746	-3254	52.606
4747	-3253	52.662
4748	-3252	52.714
4749	-3251	52.759
4750	-3250	52.799
4751	-3249	52.834
4752	-3248	52.862
4753	-3247	52.883
4754	-3246	52.901
4755	-3245	52.915
4756	-3244	52.927
4757	-3243	52.938
4758	-3242	52.947
4759	-3241	52.954
4760	-3240	52.96
4761	-3239	52.965
4762	-3238	52.969
4763	-3237	52.974
4764	-3236	52.977
4765	-3235	52.979
4766	-3234	52.979
4767	-3233	52.976
4768	-3232	52.971
4769	-3231	52.963
4770	-3230	52.952
4771	-3229	52.937
4772	-3228	52.921
4773	-3227	52.904
4774	-3226	52.886
4775	-3225	52.865
4776	-3224	52.843
4777	-3223	52.819
4778	-3222	52.792
4779	-3221	52.765
4780	-3220	52.74
4781	-3219	52.715
4782	-3218	52.691
4783	-3217	52.668
4784	-3216	52.646
4785	-3215	52.624
4786	-3214	52.603
4787	-3213	52.582
4788	-3212	52.562
4789	-3211	52.54
4790	-3210	52.519
4791	-3209	52.499
4792	-3208	52.479
4793	-3207	52.462
4794	-3206	52.447
4795	-3205	52.435
4796	-3204	52.426
4797	-3203	52.42
4798	-3202	52.417
4799	-3201	52.417
4800	-3200	52.42
4801	-3199	52.425
4802	-3198	52.431
4803	-3197	52.439
4804	-3196	52.447
4805	-3195	52.454
4806	-3194	52.462
4807	-3193	52.471
4808	-3192	52.481
4809	-3191	52.492
4810	-3190	52.503
4811	-3189	52.514
4812	-3188	52.523
4813	-3187	52.53
4814	-3186	52.534
4815	-3185	52.535
4816	-3184	52.534
4817	-3183	52.532
4818	-3182	52.528
4819	-3181	52.523
4820	-3180	52.518
4821	-3179	52.512
4822	-3178	52.506
4823	-3177	52.501
4824	-3176	52.496
4825	-3175	52.49
4826	-3174	52.484
4827	-3173	52.478
4828	-3172	52.47
4829	-3171	52.463
4830	-3170	52.456
4831	-3169	52.45
4832	-3168	52.445
4833	-3167	52.442
4834	-3166	52.441
4835	-3165	52.441
4836	-3164	52.442
4837	-3163	52.444
4838	-3162	52.447
4839	-3161	52.449
4840	-3160	52.452
4841	-3159	52.455
4842	-3158	52.458
4843	-3157	52.461
4844	-3156	52.465
4845	-3155	52.47
4846	-3154	52.475
4847	-3153	52.482
4848	-3152	52.489
4849	-3151	52.497
4850	-3150	52.506
4851	-3149	52.516
4852	-3148	52.528
4853	-3147	52.541
4854	-3146	52.553
4855	-3145	52.567
4856	-3144	52.58
4857	-3143	52.594
4858	-3142	52.607
4859	-3141	52.618
4860	-3140	52.629
4861	-3139	52.639
4862	-3138	52.65
4863	-3137	52.661
4864	-3136	52.675
4865	-3135	52.691
4866	-3134	52.709
4867	-3133	52.729
4868	-3132	52.75
4869	-3131	52.773
4870	-3130	52.798
4871	-3129	52.826
4872	-3128	52.856
4873	-3127	52.887
4874	-3126	52.92
4875	-3125	52.953
4876	-3124	52.984
4877	-3123	53.015
4878	-3122	53.043
4879	-3121	53.069
4880	-3120	53.091
4881	-3119	53.111
4882	-3118	53.13
4883	-3117	53.146
4884	-3116	53.16
4885	-3115	53.173
4886	-3114	53.186
4887	-3113	53.2
4888	-3112	53.213
4889	-3111	53.228
4890	-3110	53.243
4891	-3109	53.257
4892	-3108	53.271
4893	-3107	53.285
4894	-3106	53.297
4895	-3105	53.307
4896	-3104	53.317
4897	-3103	53.324
4898	-3102	53.33
4899	-3101	53.335
4900	-3100	53.34
4901	-3099	53.345
4902	-3098	53.349
4903	-3097	53.353
4904	-3096	53.356
4905	-3095	53.358
4906	-3094	53.36
4907	-3093	53.362
4908	-3092	53.364
4909	-3091	53.367
4910	-3090	53.369
4911	-3089	53.372
4912	-3088	53.375
4913	-3087	53.378
4914	-3086	53.381
4915	-3085	53.383
4916	-3084	53.384
4917	-3083	53.382
4918	-3082	53.379
4919	-3081	53.375
4920	-3080	53.371
4921	-3079	53.366
4922	-3078	53.362
4923	-3077	53.358
4924	-3076	53.355
4925	-3075	53.353
4926	-3074	53.351
4927	-3073	53.351
4928	-3072	53.353
4929	-3071	53.355
4930	-3070	53.358
4931	-3069	53.362
4932	-3068	53.366
4933	-3067	53.369
4934	-3066	53.371
4935	-3065	53.372
4936	-3064	53.371
4937	-3063	53.369
4938	-3062	53.365
4939	-3061	53.358
4940	-3060	53.35
4941	-3059	53.34
4942	-3058	53.328
4943	-3057	53.316
4944	-3056	53.304
4945	-3055	53.292
4946	-3054	53.281
4947	-3053	53.271
4948	-3052	53.261
4949	-3051	53.253
4950	-3050	53.246
4951	-3049	53.24
4952	-3048	53.234
4953	-3047	53.228
4954	-3046	53.223
4955	-3045	53.22
4956	-3044	53.219
4957	-3043	53.219
4958	-3042	53.22
4959	-3041	53.22
4960	-3040	53.22
4961	-3039	53.217
4962	-3038	53.214
4963	-3037	53.209
4964	-3036	53.203
4965	-3035	53.196
4966	-3034	53.188
4967	-3033	53.18
4968	-3032	53.172
4969	-3031	53.164
4970	-3030	53.156
4971	-3029	53.148
4972	-3028	53.14
4973	-3027	53.132
4974	-3026	53.123
4975	-3025	53.113
4976	-3024	53.104
4977	-3023	53.093
4978	-3022	53.083
4979	-3021	53.073
4980	-3020	53.062
4981	-3019	53.051
4982	-3018	53.038
4983	-3017	53.023
4984	-3016	53.006
4985	-3015	52.987
4986	-3014	52.967
4987	-3013	52.946
4988	-3012	52.925
4989	-3011	52.902
4990	-3010	52.879
4991	-3009	52.855
4992	-3008	52.831
4993	-3007	52.808
4994	-3006	52.784
4995	-3005	52.76
4996	-3004	52.736
4997	-3003	52.713
4998	-3002	52.689
4999	-3001	52.666
5000	-3000	52.642
5001	-2999	52.619
5002	-2998	52.598
5003	-2997	52.578
5004	-2996	52.561
5005	-2995	52.545
5006	-2994	52.53
5007	-2993	52.518
5008	-2992	52.506
5009	-2991	52.495
5010	-2990	52.485
5011	-2989	52.477
5012	-2988	52.47
5013	-2987	52.466
5014	-2986	52.463
5015	-2985	52.459
5016	-2984	52.455
5017	-2983	52.451
5018	-2982	52.446
5019	-2981	52.442
5020	-2980	52.438
5021	-2979	52.435
5022	-2978	52.433
5023	-2977	52.433
5024	-2976	52.435
5025	-2975	52.438
5026	-2974	52.441
5027	-2973	52.441
5028	-2972	52.438
5029	-2971	52.435
5030	-2970	52.43
5031	-2969	52.425
5032	-2968	52.418
5033	-2967	52.409
5034	-2966	52.398
5035	-2965	52.384
5036	-2964	52.368
5037	-2963	52.352
5038	-2962	52.335
5039	-2961	52.317
5040	-2960	52.3
5041	-2959	52.284
5042	-2958	52.269
5043	-2957	52.255
5044	-2956	52.242
5045	-2955	52.23
5046	-2954	52.218
5047	-2953	52.206
5048	-2952	52.194
5049	-2951	52.181
5050	-2950	52.167
5051	-2949	52.153
5052	-2948	52.141
5053	-2947	52.132
5054	-2946	52.126
5055	-2945	52.121
5056	-2944	52.117
5057	-2943	52.114
5058	-2942	52.113
5059	-2941	52.112
5060	-2940	52.113
5061	-2939	52.114
5062	-2938	52.116
5063	-2937	52.118
5064	-2936	52.12
5065	-2935	52.12
5066	-2934	52.119
5067	-2933	52.117
5068	-2932	52.114
5069	-2931	52.112
5070	-2930	52.11
5071	-2929	52.111
5072	-2928	52.115
5073	-2927	52.122
5074	-2926	52.132
5075	-2925	52.144
5076	-2924	52.156
5077	-2923	52.166
5078	-2922	52.175
5079	-2921	52.182
5080	-2920	52.187
5081	-2919	52.192
5082	-2918	52.197
5083	-2917	52.202
5084	-2916	52.207
5085	-2915	52.213
5086	-2914	52.221
5087	-2913	52.229
5088	-2912	52.239
5089	-2911	52.25
5090	-2910	52.262
5091	-2909	52.273
5092	-2908	52.284
5093	-2907	52.296
5094	-2906	52.309
5095	-2905	52.322
5096	-2904	52.334
5097	-2903	52.347
5098	-2902	52.359
5099	-2901	52.37
5100	-2900	52.38
5101	-2899	52.389
5102	-2898	52.396
5103	-2897	52.401
5104	-2896	52.404
5105	-2895	52.407
5106	-2894	52.411
5107	-2893	52.416
5108	-2892	52.421
5109	-2891	52.426
5110	-2890	52.431
5111	-2889	52.437
5112	-2888	52.443
5113	-2887	52.448
5114	-2886	52.454
5115	-2885	52.461
5116	-2884	52.467
5117	-2883	52.474
5118	-2882	52.48
5119	-2881	52.483
5120	-2880	52.484
5121	-2879	52.483
5122	-2878	52.479
5123	-2877	52.475
5124	-2876	52.471
5125	-2875	52.468
5126	-2874	52.467
5127	-2873	52.469
5128	-2872	52.471
5129	-2871	52.474
5130	-2870	52.476
5131	-2869	52.479
5132	-2868	52.481
5133	-2867	52.482
5134	-2866	52.482
5135	-2865	52.478
5136	-2864	52.47
5137	-2863	52.459
5138	-2862	52.447
5139	-2861	52.434
5140	-2860	52.419
5141	-2859	52.402
5142	-2858	52.385
5143	-2857	52.367
5144	-2856	52.349
5145	-2855	52.33
5146	-2854	52.31
5147	-2853	52.29
5148	-2852	52.269
5149	-2851	52.246
5150	-2850	52.222
5151	-2849	52.197
5152	-2848	52.174
5153	-2847	52.154
5154	-2846	52.136
5155	-2845	52.118
5156	-2844	52.098
5157	-2843	52.078
5158	-2842	52.059
5159	-2841	52.044
5160	-2840	52.032
5161	-2839	52.025
5162	-2838	52.017
5163	-2837	52.007
5164	-2836	51.994
5165	-2835	51.977
5166	-2834	51.96
5167	-2833	51.944
5168	-2832	51.93
5169	-2831	51.916
5170	-2830	51.905
5171	-2829	51.897
5172	-2828	51.892
5173	-2827	51.888
5174	-2826	51.885
5175	-2825	51.883
5176	-2824	51.885
5177	-2823	51.89
5178	-2822	51.898
5179	-2821	51.909
5180	-2820	51.919
5181	-2819	51.927
5182	-2818	51.934
5183	-2817	51.939
5184	-2816	51.944
5185	-2815	51.95
5186	-2814	51.958
5187	-2813	51.967
5188	-2812	51.976
5189	-2811	51.982
5190	-2810	51.985
5191	-2809	51.985
5192	-2808	51.983
5193	-2807	51.98
5194	-2806	51.976
5195	-2805	51.971
5196	-2804	51.969
5197	-2803	51.968
5198	-2802	51.967
5199	-2801	51.965
5200	-2800	51.962
5201	-2799	51.958
5202	-2798	51.954
5203	-2797	51.951
5204	-2796	51.951
5205	-2795	51.952
5206	-2794	51.957
5207	-2793	51.963
5208	-2792	51.968
5209	-2791	51.973
5210	-2790	51.977
5211	-2789	51.98
5212	-2788	51.984
5213	-2787	51.99
5214	-2786	51.997
5215	-2785	52.004
5216	-2784	52.011
5217	-2783	52.018
5218	-2782	52.024
5219	-2781	52.03
5220	-2780	52.034
5221	-2779	52.039
5222	-2778	52.044
5223	-2777	52.05
5224	-2776	52.056
5225	-2775	52.063
5226	-2774	52.07
5227	-2773	52.076
5228	-2772	52.079
5229	-2771	52.079
5230	-2770	52.077
5231	-2769	52.071
5232	-2768	52.063
5233	-2767	52.056
5234	-2766	52.049
5235	-2765	52.044
5236	-2764	52.039
5237	-2763	52.035
5238	-2762	52.032
5239	-2761	52.029
5240	-2760	52.027
5241	-2759	52.029
5242	-2758	52.033
5243	-2757	52.039
5244	-2756	52.047
5245	-2755	52.055
5246	-2754	52.066
5247	-2753	52.078
5248	-2752	52.091
5249	-2751	52.104
5250	-2750	52.117
5251	-2749	52.129
5252	-2748	52.14
5253	-2747	52.149
5254	-2746	52.157
5255	-2745	52.164
5256	-2744	52.172
5257	-2743	52.181
5258	-2742	52.19
5259	-2741	52.199
5260	-2740	52.205
5261	-2739	52.211
5262	-2738	52.214
5263	-2737	52.214
5264	-2736	52.213
5265	-2735	52.211
5266	-2734	52.21
5267	-2733	52.21
5268	-2732	52.212
5269	-2731	52.217
5270	-2730	52.224
5271	-2729	52.233
5272	-2728	52.243
5273	-2727	52.255
5274	-2726	52.268
5275	-2725	52.282
5276	-2724	52.297
5277	-2723	52.314
5278	-2722	52.33
5279	-2721	52.346
5280	-2720	52.363
5281	-2719	52.38
5282	-2718	52.396
5283	-2717	52.412
5284	-2716	52.428
5285	-2715	52.442
5286	-2714	52.455
5287	-2713	52.468
5288	-2712	52.479
5289	-2711	52.49
5290	-2710	52.501
5291	-2709	52.513
5292	-2708	52.525
5293	-2707	52.536
5294	-2706	52.547
5295	-2705	52.557
5296	-2704	52.567
5297	-2703	52.577
5298	-2702	52.587
5299	-2701	52.597
5300	-2700	52.607
5301	-2699	52.618
5302	-2698	52.63
5303	-2697	52.645
5304	-2696	52.658
5305	-2695	52.669
5306	-2694	52.677
5307	-2693	52.682
5308	-2692	52.684
5309	-2691	52.684
5310	-2690	52.681
5311	-2689	52.675
5312	-2688	52.668
5313	-2687	52.657
5314	-2686	52.644
5315	-2685	52.631
5316	-2684	52.615
5317	-2683	52.598
5318	-2682	52.58
5319	-2681	52.56
5320	-2680	52.537
5321	-2679	52.512
5322	-2678	52.487
5323	-2677	52.463
5324	-2676	52.439
5325	-2675	52.417
5326	-2674	52.399
5327	-2673	52.382
5328	-2672	52.366
5329	-2671	52.351
5330	-2670	52.337
5331	-2669	52.323
5332	-2668	52.31
5333	-2667	52.298
5334	-2666	52.287
5335	-2665	52.279
5336	-2664	52.27
5337	-2663	52.263
5338	-2662	52.258
5339	-2661	52.254
5340	-2660	52.251
5341	-2659	52.249
5342	-2658	52.248
5343	-2657	52.247
5344	-2656	52.247
5345	-2655	52.249
5346	-2654	52.254
5347	-2653	52.262
5348	-2652	52.273
5349	-2651	52.285
5350	-2650	52.298
5351	-2649	52.312
5352	-2648	52.324
5353	-2647	52.335
5354	-2646	52.345
5355	-2645	52.354
5356	-2644	52.363
5357	-2643	52.37
5358	-2642	52.377
5359	-2641	52.385
5360	-2640	52.395
5361	-2639	52.408
5362	-2638	52.423
5363	-2637	52.442
5364	-2636	52.463
5365	-2635	52.486
5366	-2634	52.511
5367	-2633	52.539
5368	-2632	52.57
5369	-2631	52.605
5370	-2630	52.644
5371	-2629	52.686
5372	-2628	52.732
5373	-2627	52.78
5374	-2626	52.83
5375	-2625	52.879
5376	-2624	52.925
5377	-2623	52.968
5378	-2622	53.009
5379	-2621	53.047
5380	-2620	53.082
5381	-2619	53.116
5382	-2618	53.15
5383	-2617	53.184
5384	-2616	53.218
5385	-2615	53.252
5386	-2614	53.288
5387	-2613	53.324
5388	-2612	53.362
5389	-2611	53.401
5390	-2610	53.442
5391	-2609	53.484
5392	-2608	53.527
5393	-2607	53.571
5394	-2606	53.615
5395	-2605	53.659
5396	-2604	53.702
5397	-2603	53.744
5398	-2602	53.786
5399	-2601	53.828
5400	-2600	53.87
5401	-2599	53.912
5402	-2598	53.955
5403	-2597	53.997
5404	-2596	54.039
5405	-2595	54.079
5406	-2594	54.119
5407	-2593	54.16
5408	-2592	54.202
5409	-2591	54.243
5410	-2590	54.284
5411	-2589	54.324
5412	-2588	54.365
5413	-2587	54.407
5414	-2586	54.449
5415	-2585	54.492
5416	-2584	54.536
5417	-2583	54.579
5418	-2582	54.622
5419	-2581	54.664
5420	-2580	54.706
5421	-2579	54.748
5422	-2578	54.79
5423	-2577	54.831
5424	-2576	54.871
5425	-2575	54.911
5426	-2574	54.949
5427	-2573	54.987
5428	-2572	55.024
5429	-2571	55.059
5430	-2570	55.093
5431	-2569	55.126
5432	-2568	55.158
5433	-2567	55.191
5434	-2566	55.224
5435	-2565	55.255
5436	-2564	55.285
5437	-2563	55.315
5438	-2562	55.344
5439	-2561	55.371
5440	-2560	55.397
5441	-2559	55.423
5442	-2558	55.449
5443	-2557	55.474
5444	-2556	55.499
5445	-2555	55.523
5446	-2554	55.546
5447	-2553	55.568
5448	-2552	55.59
5449	-2551	55.612
5450	-2550	55.634
5451	-2549	55.657
5452	-2548	55.68
5453	-2547	55.703
5454	-2546	55.725
5455	-2545	55.746
5456	-2544	55.764
5457	-2543	55.782
5458	-2542	55.799
5459	-2541	55.816
5460	-2540	55.832
5461	-2539	55.849
5462	-2538	55.867
5463	-2537	55.885
5464	-2536	55.903
5465	-2535	55.922
5466	-2534	55.941
5467	-2533	55.961
5468	-2532	55.979
5469	-2531	55.997
5470	-2530	56.016
5471	-2529	56.034
5472	-2528	56.053
5473	-2527	56.072
5474	-2526	56.091
5475	-2525	56.111
5476	-2524	56.133
5477	-2523	56.156
5478	-2522	56.182
5479	-2521	56.209
5480	-2520	56.237
5481	-2519	56.264
5482	-2518	56.292
5483	-2517	56.318
5484	-2516	56.344
5485	-2515	56.369
5486	-2514	56.393
5487	-2513	56.416
5488	-2512	56.438
5489	-2511	56.459
5490	-2510	56.479
5491	-2509	56.498
5492	-2508	56.515
5493	-2507	56.532
5494	-2506	56.548
5495	-2505	56.563
5496	-2504	56.576
5497	-2503	56.588
5498	-2502	56.6
5499	-2501	56.613
5500	-2500	56.625
5501	-2499	56.637
5502	-2498	56.648
5503	-2497	56.659
5504	-2496	56.67
5505	-2495	56.681
5506	-2494	56.691
5507	-2493	56.703
5508	-2492	56.715
5509	-2491	56.727
5510	-2490	56.739
5511	-2489	56.75
5512	-2488	56.761
5513	-2487	56.773
5514	-2486	56.785
5515	-2485	56.797
5516	-2484	56.809
5517	-2483	56.821
5518	-2482	56.832
5519	-2481	56.842
5520	-2480	56.85
5521	-2479	56.857
5522	-2478	56.864
5523	-2477	56.871
5524	-2476	56.878
5525	-2475	56.886
5526	-2474	56.894
5527	-2473	56.903
5528	-2472	56.912
5529	-2471	56.921
5530	-2470	56.929
5531	-2469	56.938
5532	-2468	56.948
5533	-2467	56.958
5534	-2466	56.97
5535	-2465	56.982
5536	-2464	56.995
5537	-2463	57.009
5538	-2462	57.025
5539	-2461	57.042
5540	-2460	57.062
5541	-2459	57.084
5542	-2458	57.108
5543	-2457	57.133
5544	-2456	57.158
5545	-2455	57.184
5546	-2454	57.21
5547	-2453	57.236
5548	-2452	57.262
5549	-2451	57.286
5550	-2450	57.308
5551	-2449	57.329
5552	-2448	57.348
5553	-2447	57.366
5554	-2446	57.382
5555	-2445	57.399
5556	-2444	57.416
5557	-2443	57.433
5558	-2442	57.451
5559	-2441	57.467
5560	-2440	57.483
5561	-2439	57.497
5562	-2438	57.509
5563	-2437	57.521
5564	-2436	57.532
5565	-2435	57.542
5566	-2434	57.552
5567	-2433	57.561
5568	-2432	57.569
5569	-2431	57.577
5570	-2430	57.586
5571	-2429	57.597
5572	-2428	57.612
5573	-2427	57.627
5574	-2426	57.645
5575	-2425	57.664
5576	-2424	57.684
5577	-2423	57.706
5578	-2422	57.729
5579	-2421	57.754
5580	-2420	57.781
5581	-2419	57.811
5582	-2418	57.842
5583	-2417	57.874
5584	-2416	57.905
5585	-2415	57.936
5586	-2414	57.967
5587	-2413	57.998
5588	-2412	58.029
5589	-2411	58.061
5590	-2410	58.092
5591	-2409	58.124
5592	-2408	58.155
5593	-2407	58.186
5594	-2406	58.217
5595	-2405	58.249
5596	-2404	58.28
5597	-2403	58.313
5598	-2402	58.347
5599	-2401	58.381
5600	-2400	58.415
5601	-2399	58.45
5602	-2398	58.486
5603	-2397	58.525
5604	-2396	58.565
5605	-2395	58.607
5606	-2394	58.65
5607	-2393	58.693
5608	-2392	58.737
5609	-2391	58.78
5610	-2390	58.822
5611	-2389	58.865
5612	-2388	58.908
5613	-2387	58.951
5614	-2386	58.994
5615	-2385	59.036
5616	-2384	59.077
5617	-2383	59.116
5618	-2382	59.154
5619	-2381	59.191
5620	-2380	59.226
5621	-2379	59.261
5622	-2378	59.292
5623	-2377	59.322
5624	-2376	59.349
5625	-2375	59.372
5626	-2374	59.392
5627	-2373	59.409
5628	-2372	59.424
5629	-2371	59.439
5630	-2370	59.453
5631	-2369	59.466
5632	-2368	59.48
5633	-2367	59.497
5634	-2366	59.517
5635	-2365	59.54
5636	-2364	59.566
5637	-2363	59.592
5638	-2362	59.619
5639	-2361	59.644
5640	-2360	59.668
5641	-2359	59.693
5642	-2358	59.716
5643	-2357	59.739
5644	-2356	59.761
5645	-2355	59.784
5646	-2354	59.808
5647	-2353	59.835
5648	-2352	59.864
5649	-2351	59.894
5650	-2350	59.926
5651	-2349	59.959
5652	-2348	59.994
5653	-2347	60.03
5654	-2346	60.068
5655	-2345	60.108
5656	-2344	60.15
5657	-2343	60.193
5658	-2342	60.236
5659	-2341	60.279
5660	-2340	60.32
5661	-2339	60.361
5662	-2338	60.4
5663	-2337	60.439
5664	-2336	60.477
5665	-2335	60.514
5666	-2334	60.551
5667	-2333	60.588
5668	-2332	60.626
5669	-2331	60.664
5670	-2330	60.7
5671	-2329	60.735
5672	-2328	60.768
5673	-2327	60.799
5674	-2326	60.828
5675	-2325	60.856
5676	-2324	60.884
5677	-2323	60.911
5678	-2322	60.938
5679	-2321	60.964
5680	-2320	60.991
5681	-2319	61.019
5682	-2318	61.046
5683	-2317	61.072
5684	-2316	61.098
5685	-2315	61.124
5686	-2314	61.15
5687	-2313	61.176
5688	-2312	61.201
5689	-2311	61.225
5690	-2310	61.246
5691	-2309	61.264
5692	-2308	61.278
5693	-2307	61.292
5694	-2306	61.305
5695	-2305	61.319
5696	-2304	61.334
5697	-2303	61.351
5698	-2302	61.368
5699	-2301	61.385
5700	-2300	61.399
5701	-2299	61.413
5702	-2298	61.426
5703	-2297	61.438
5704	-2296	61.45
5705	-2295	61.463
5706	-2294	61.479
5707	-2293	61.502
5708	-2292	61.531
5709	-2291	61.562
5710	-2290	61.597
5711	-2289	61.635
5712	-2288	61.677
5713	-2287	61.723
5714	-2286	61.77
5715	-2285	61.817
5716	-2284	61.86
5717	-2283	61.899
5718	-2282	61.931
5719	-2281	61.955
5720	-2280	61.971
5721	-2279	61.979
5722	-2278	61.982
5723	-2277	61.981
5724	-2276	61.977
5725	-2275	61.969
5726	-2274	61.958
5727	-2273	61.946
5728	-2272	61.933
5729	-2271	61.918
5730	-2270	61.905
5731	-2269	61.894
5732	-2268	61.885
5733	-2267	61.875
5734	-2266	61.864
5735	-2265	61.853
5736	-2264	61.842
5737	-2263	61.832
5738	-2262	61.823
5739	-2261	61.815
5740	-2260	61.807
5741	-2259	61.801
5742	-2258	61.798
5743	-2257	61.797
5744	-2256	61.798
5745	-2255	61.798
5746	-2254	61.797
5747	-2253	61.797
5748	-2252	61.797
5749	-2251	61.797
5750	-2250	61.796
5751	-2249	61.793
5752	-2248	61.789
5753	-2247	61.784
5754	-2246	61.779
5755	-2245	61.773
5756	-2244	61.767
5757	-2243	61.759
5758	-2242	61.749
5759	-2241	61.738
5760	-2240	61.725
5761	-2239	61.711
5762	-2238	61.697
5763	-2237	61.681
5764	-2236	61.663
5765	-2235	61.644
5766	-2234	61.625
5767	-2233	61.607
5768	-2232	61.589
5769	-2231	61.57
5770	-2230	61.551
5771	-2229	61.531
5772	-2228	61.512
5773	-2227	61.495
5774	-2226	61.482
5775	-2225	61.47
5776	-2224	61.461
5777	-2223	61.454
5778	-2222	61.449
5779	-2221	61.446
5780	-2220	61.446
5781	-2219	61.449
5782	-2218	61.455
5783	-2217	61.463
5784	-2216	61.472
5785	-2215	61.481
5786	-2214	61.492
5787	-2213	61.503
5788	-2212	61.514
5789	-2211	61.528
5790	-2210	61.541
5791	-2209	61.554
5792	-2208	61.565
5793	-2207	61.575
5794	-2206	61.58
5795	-2205	61.583
5796	-2204	61.585
5797	-2203	61.587
5798	-2202	61.589
5799	-2201	61.591
5800	-2200	61.594
5801	-2199	61.597
5802	-2198	61.599
5803	-2197	61.6
5804	-2196	61.601
5805	-2195	61.603
5806	-2194	61.605
5807	-2193	61.608
5808	-2192	61.612
5809	-2191	61.615
5810	-2190	61.619
5811	-2189	61.623
5812	-2188	61.628
5813	-2187	61.634
5814	-2186	61.64
5815	-2185	61.644
5816	-2184	61.648
5817	-2183	61.652
5818	-2182	61.658
5819	-2181	61.665
5820	-2180	61.677
5821	-2179	61.693
5822	-2178	61.713
5823	-2177	61.737
5824	-2176	61.765
5825	-2175	61.796
5826	-2174	61.829
5827	-2173	61.864
5828	-2172	61.9
5829	-2171	61.938
5830	-2170	61.976
5831	-2169	62.015
5832	-2168	62.052
5833	-2167	62.089
5834	-2166	62.125
5835	-2165	62.161
5836	-2164	62.198
5837	-2163	62.233
5838	-2162	62.267
5839	-2161	62.301
5840	-2160	62.333
5841	-2159	62.364
5842	-2158	62.394
5843	-2157	62.425
5844	-2156	62.457
5845	-2155	62.489
5846	-2154	62.52
5847	-2153	62.547
5848	-2152	62.569
5849	-2151	62.586
5850	-2150	62.598
5851	-2149	62.606
5852	-2148	62.611
5853	-2147	62.615
5854	-2146	62.618
5855	-2145	62.62
5856	-2144	62.622
5857	-2143	62.623
5858	-2142	62.624
5859	-2141	62.623
5860	-2140	62.621
5861	-2139	62.617
5862	-2138	62.609
5863	-2137	62.598
5864	-2136	62.586
5865	-2135	62.573
5866	-2134	62.56
5867	-2133	62.546
5868	-2132	62.534
5869	-2131	62.522
5870	-2130	62.511
5871	-2129	62.502
5872	-2128	62.494
5873	-2127	62.485
5874	-2126	62.474
5875	-2125	62.462
5876	-2124	62.45
5877	-2123	62.437
5878	-2122	62.426
5879	-2121	62.416
5880	-2120	62.408
5881	-2119	62.402
5882	-2118	62.397
5883	-2117	62.393
5884	-2116	62.389
5885	-2115	62.387
5886	-2114	62.386
5887	-2113	62.386
5888	-2112	62.388
5889	-2111	62.391
5890	-2110	62.395
5891	-2109	62.4
5892	-2108	62.405
5893	-2107	62.411
5894	-2106	62.418
5895	-2105	62.427
5896	-2104	62.437
5897	-2103	62.449
5898	-2102	62.462
5899	-2101	62.478
5900	-2100	62.494
5901	-2099	62.512
5902	-2098	62.531
5903	-2097	62.551
5904	-2096	62.571
5905	-2095	62.59
5906	-2094	62.607
5907	-2093	62.621
5908	-2092	62.634
5909	-2091	62.645
5910	-2090	62.655
5911	-2089	62.661
5912	-2088	62.665
5913	-2087	62.666
5914	-2086	62.664
5915	-2085	62.662
5916	-2084	62.659
5917	-2083	62.657
5918	-2082	62.655
5919	-2081	62.652
5920	-2080	62.65
5921	-2079	62.649
5922	-2078	62.648
5923	-2077	62.647
5924	-2076	62.644
5925	-2075	62.64
5926	-2074	62.633
5927	-2073	62.623
5928	-2072	62.61
5929	-2071	62.594
5930	-2070	62.576
5931	-2069	62.557
5932	-2068	62.537
5933	-2067	62.515
5934	-2066	62.492
5935	-2065	62.467
5936	-2064	62.438
5937	-2063	62.405
5938	-2062	62.369
5939	-2061	62.331
5940	-2060	62.293
5941	-2059	62.254
5942	-2058	62.216
5943	-2057	62.177
5944	-2056	62.14
5945	-2055	62.102
5946	-2054	62.063
5947	-2053	62.024
5948	-2052	61.985
5949	-2051	61.947
5950	-2050	61.91
5951	-2049	61.874
5952	-2048	61.84
5953	-2047	61.807
5954	-2046	61.776
5955	-2045	61.747
5956	-2044	61.719
5957	-2043	61.69
5958	-2042	61.661
5959	-2041	61.631
5960	-2040	61.601
5961	-2039	61.571
5962	-2038	61.541
5963	-2037	61.511
5964	-2036	61.483
5965	-2035	61.458
5966	-2034	61.436
5967	-2033	61.417
5968	-2032	61.4
5969	-2031	61.385
5970	-2030	61.371
5971	-2029	61.359
5972	-2028	61.349
5973	-2027	61.341
5974	-2026	61.333
5975	-2025	61.327
5976	-2024	61.321
5977	-2023	61.314
5978	-2022	61.308
5979	-2021	61.301
5980	-2020	61.294
5981	-2019	61.287
5982	-2018	61.282
5983	-2017	61.277
5984	-2016	61.273
5985	-2015	61.269
5986	-2014	61.266
5987	-2013	61.264
5988	-2012	61.262
5989	-2011	61.262
5990	-2010	61.261
5991	-2009	61.259
5992	-2008	61.258
5993	-2007	61.257
5994	-2006	61.255
5995	-2005	61.253
5996	-2004	61.249
5997	-2003	61.244
5998	-2002	61.237
5999	-2001	61.23
6000	-2000	61.223
6001	-1999	61.217
6002	-1998	61.211
6003	-1997	61.205
6004	-1996	61.199
6005	-1995	61.192
6006	-1994	61.186
6007	-1993	61.181
6008	-1992	61.175
6009	-1991	61.172
6010	-1990	61.17
6011	-1989	61.17
6012	-1988	61.171
6013	-1987	61.174
6014	-1986	61.178
6015	-1985	61.183
6016	-1984	61.189
6017	-1983	61.194
6018	-1982	61.197
6019	-1981	61.197
6020	-1980	61.195
6021	-1979	61.192
6022	-1978	61.188
6023	-1977	61.185
6024	-1976	61.183
6025	-1975	61.183
6026	-1974	61.183
6027	-1973	61.185
6028	-1972	61.187
6029	-1971	61.19
6030	-1970	61.195
6031	-1969	61.199
6032	-1968	61.204
6033	-1967	61.208
6034	-1966	61.213
6035	-1965	61.219
6036	-1964	61.227
6037	-1963	61.235
6038	-1962	61.244
6039	-1961	61.255
6040	-1960	61.266
6041	-1959	61.278
6042	-1958	61.29
6043	-1957	61.303
6044	-1956	61.317
6045	-1955	61.331
6046	-1954	61.347
6047	-1953	61.363
6048	-1952	61.377
6049	-1951	61.39
6050	-1950	61.402
6051	-1949	61.411
6052	-1948	61.42
6053	-1947	61.428
6054	-1946	61.434
6055	-1945	61.439
6056	-1944	61.443
6057	-1943	61.447
6058	-1942	61.449
6059	-1941	61.451
6060	-1940	61.452
6061	-1939	61.451
6062	-1938	61.45
6063	-1937	61.449
6064	-1936	61.446
6065	-1935	61.443
6066	-1934	61.439
6067	-1933	61.434
6068	-1932	61.428
6069	-1931	61.421
6070	-1930	61.414
6071	-1929	61.407
6072	-1928	61.399
6073	-1927	61.392
6074	-1926	61.383
6075	-1925	61.375
6076	-1924	61.366
6077	-1923	61.357
6078	-1922	61.348
6079	-1921	61.339
6080	-1920	61.33
6081	-1919	61.32
6082	-1918	61.31
6083	-1917	61.297
6084	-1916	61.283
6085	-1915	61.268
6086	-1914	61.252
6087	-1913	61.236
6088	-1912	61.221
6089	-1911	61.207
6090	-1910	61.194
6091	-1909	61.182
6092	-1908	61.171
6093	-1907	61.161
6094	-1906	61.152
6095	-1905	61.144
6096	-1904	61.137
6097	-1903	61.131
6098	-1902	61.126
6099	-1901	61.121
6100	-1900	61.117
6101	-1899	61.113
6102	-1898	61.11
6103	-1897	61.107
6104	-1896	61.106
6105	-1895	61.106
6106	-1894	61.106
6107	-1893	61.107
6108	-1892	61.108
6109	-1891	61.109
6110	-1890	61.109
6111	-1889	61.107
6112	-1888	61.103
6113	-1887	61.096
6114	-1886	61.086
6115	-1885	61.073
6116	-1884	61.059
6117	-1883	61.043
6118	-1882	61.027
6119	-1881	61.009
6120	-1880	60.99
6121	-1879	60.969
6122	-1878	60.947
6123	-1877	60.923
6124	-1876	60.9
6125	-1875	60.876
6126	-1874	60.854
6127	-1873	60.831
6128	-1872	60.808
6129	-1871	60.783
6130	-1870	60.758
6131	-1869	60.731
6132	-1868	60.703
6133	-1867	60.675
6134	-1866	60.648
6135	-1865	60.621
6136	-1864	60.594
6137	-1863	60.566
6138	-1862	60.538
6139	-1861	60.509
6140	-1860	60.48
6141	-1859	60.451
6142	-1858	60.423
6143	-1857	60.394
6144	-1856	60.366
6145	-1855	60.337
6146	-1854	60.308
6147	-1853	60.279
6148	-1852	60.251
6149	-1851	60.222
6150	-1850	60.194
6151	-1849	60.165
6152	-1848	60.136
6153	-1847	60.107
6154	-1846	60.077
6155	-1845	60.047
6156	-1844	60.018
6157	-1843	59.989
6158	-1842	59.961
6159	-1841	59.935
6160	-1840	59.909
6161	-1839	59.885
6162	-1838	59.862
6163	-1837	59.839
6164	-1836	59.817
6165	-1835	59.798
6166	-1834	59.78
6167	-1833	59.764
6168	-1832	59.749
6169	-1831	59.735
6170	-1830	59.722
6171	-1829	59.709
6172	-1828	59.695
6173	-1827	59.68
6174	-1826	59.665
6175	-1825	59.649
6176	-1824	59.633
6177	-1823	59.616
6178	-1822	59.598
6179	-1821	59.579
6180	-1820	59.559
6181	-1819	59.537
6182	-1818	59.513
6183	-1817	59.488
6184	-1816	59.463
6185	-1815	59.437
6186	-1814	59.411
6187	-1813	59.385
6188	-1812	59.359
6189	-1811	59.334
6190	-1810	59.309
6191	-1809	59.284
6192	-1808	59.26
6193	-1807	59.237
6194	-1806	59.214
6195	-1805	59.191
6196	-1804	59.169
6197	-1803	59.146
6198	-1802	59.122
6199	-1801	59.097
6200	-1800	59.071
6201	-1799	59.041
6202	-1798	59.009
6203	-1797	58.973
6204	-1796	58.936
6205	-1795	58.896
6206	-1794	58.853
6207	-1793	58.808
6208	-1792	58.76
6209	-1791	58.71
6210	-1790	58.659
6211	-1789	58.607
6212	-1788	58.553
6213	-1787	58.499
6214	-1786	58.444
6215	-1785	58.389
6216	-1784	58.334
6217	-1783	58.279
6218	-1782	58.224
6219	-1781	58.169
6220	-1780	58.115
6221	-1779	58.061
6222	-1778	58.008
6223	-1777	57.956
6224	-1776	57.907
6225	-1775	57.86
6226	-1774	57.815
6227	-1773	57.773
6228	-1772	57.733
6229	-1771	57.697
6230	-1770	57.662
6231	-1769	57.629
6232	-1768	57.597
6233	-1767	57.566
6234	-1766	57.534
6235	-1765	57.502
6236	-1764	57.47
6237	-1763	57.437
6238	-1762	57.403
6239	-1761	57.368
6240	-1760	57.332
6241	-1759	57.294
6242	-1758	57.256
6243	-1757	57.218
6244	-1756	57.179
6245	-1755	57.14
6246	-1754	57.101
6247	-1753	57.063
6248	-1752	57.025
6249	-1751	56.989
6250	-1750	56.954
6251	-1749	56.919
6252	-1748	56.886
6253	-1747	56.855
6254	-1746	56.824
6255	-1745	56.795
6256	-1744	56.766
6257	-1743	56.737
6258	-1742	56.708
6259	-1741	56.679
6260	-1740	56.648
6261	-1739	56.618
6262	-1738	56.587
6263	-1737	56.556
6264	-1736	56.526
6265	-1735	56.496
6266	-1734	56.467
6267	-1733	56.438
6268	-1732	56.41
6269	-1731	56.384
6270	-1730	56.358
6271	-1729	56.332
6272	-1728	56.308
6273	-1727	56.284
6274	-1726	56.262
6275	-1725	56.241
6276	-1724	56.221
6277	-1723	56.202
6278	-1722	56.185
6279	-1721	56.168
6280	-1720	56.152
6281	-1719	56.136
6282	-1718	56.121
6283	-1717	56.106
6284	-1716	56.092
6285	-1715	56.077
6286	-1714	56.063
6287	-1713	56.05
6288	-1712	56.038
6289	-1711	56.027
6290	-1710	56.017
6291	-1709	56.008
6292	-1708	55.998
6293	-1707	55.989
6294	-1706	55.98
6295	-1705	55.971
6296	-1704	55.961
6297	-1703	55.953
6298	-1702	55.945
6299	-1701	55.938
6300	-1700	55.933
6301	-1699	55.93
6302	-1698	55.931
6303	-1697	55.933
6304	-1696	55.937
6305	-1695	55.942
6306	-1694	55.949
6307	-1693	55.958
6308	-1692	55.969
6309	-1691	55.982
6310	-1690	55.997
6311	-1689	56.013
6312	-1688	56.029
6313	-1687	56.045
6314	-1686	56.06
6315	-1685	56.075
6316	-1684	56.09
6317	-1683	56.104
6318	-1682	56.117
6319	-1681	56.13
6320	-1680	56.141
6321	-1679	56.151
6322	-1678	56.16
6323	-1677	56.168
6324	-1676	56.174
6325	-1675	56.178
6326	-1674	56.181
6327	-1673	56.183
6328	-1672	56.185
6329	-1671	56.186
6330	-1670	56.187
6331	-1669	56.186
6332	-1668	56.185
6333	-1667	56.184
6334	-1666	56.182
6335	-1665	56.181
6336	-1664	56.18
6337	-1663	56.179
6338	-1662	56.18
6339	-1661	56.182
6340	-1660	56.184
6341	-1659	56.186
6342	-1658	56.189
6343	-1657	56.191
6344	-1656	56.193
6345	-1655	56.195
6346	-1654	56.196
6347	-1653	56.197
6348	-1652	56.198
6349	-1651	56.197
6350	-1650	56.197
6351	-1649	56.198
6352	-1648	56.2
6353	-1647	56.203
6354	-1646	56.207
6355	-1645	56.213
6356	-1644	56.22
6357	-1643	56.228
6358	-1642	56.236
6359	-1641	56.247
6360	-1640	56.259
6361	-1639	56.274
6362	-1638	56.29
6363	-1637	56.308
6364	-1636	56.326
6365	-1635	56.345
6366	-1634	56.364
6367	-1633	56.385
6368	-1632	56.406
6369	-1631	56.429
6370	-1630	56.451
6371	-1629	56.474
6372	-1628	56.497
6373	-1627	56.52
6374	-1626	56.544
6375	-1625	56.567
6376	-1624	56.59
6377	-1623	56.612
6378	-1622	56.634
6379	-1621	56.655
6380	-1620	56.676
6381	-1619	56.696
6382	-1618	56.717
6383	-1617	56.738
6384	-1616	56.758
6385	-1615	56.777
6386	-1614	56.794
6387	-1613	56.811
6388	-1612	56.827
6389	-1611	56.843
6390	-1610	56.859
6391	-1609	56.875
6392	-1608	56.891
6393	-1607	56.907
6394	-1606	56.923
6395	-1605	56.94
6396	-1604	56.957
6397	-1603	56.975
6398	-1602	56.992
6399	-1601	57.007
6400	-1600	57.023
6401	-1599	57.037
6402	-1598	57.051
6403	-1597	57.065
6404	-1596	57.079
6405	-1595	57.094
6406	-1594	57.108
6407	-1593	57.122
6408	-1592	57.135
6409	-1591	57.148
6410	-1590	57.159
6411	-1589	57.171
6412	-1588	57.183
6413	-1587	57.196
6414	-1586	57.21
6415	-1585	57.225
6416	-1584	57.241
6417	-1583	57.257
6418	-1582	57.273
6419	-1581	57.288
6420	-1580	57.302
6421	-1579	57.316
6422	-1578	57.328
6423	-1577	57.341
6424	-1576	57.353
6425	-1575	57.364
6426	-1574	57.375
6427	-1573	57.386
6428	-1572	57.396
6429	-1571	57.405
6430	-1570	57.414
6431	-1569	57.423
6432	-1568	57.433
6433	-1567	57.442
6434	-1566	57.452
6435	-1565	57.461
6436	-1564	57.47
6437	-1563	57.48
6438	-1562	57.489
6439	-1561	57.5
6440	-1560	57.512
6441	-1559	57.524
6442	-1558	57.536
6443	-1557	57.548
6444	-1556	57.561
6445	-1555	57.575
6446	-1554	57.59
6447	-1553	57.608
6448	-1552	57.627
6449	-1551	57.649
6450	-1550	57.672
6451	-1549	57.698
6452	-1548	57.725
6453	-1547	57.753
6454	-1546	57.782
6455	-1545	57.811
6456	-1544	57.842
6457	-1543	57.874
6458	-1542	57.908
6459	-1541	57.943
6460	-1540	57.98
6461	-1539	58.019
6462	-1538	58.059
6463	-1537	58.1
6464	-1536	58.143
6465	-1535	58.187
6466	-1534	58.234
6467	-1533	58.282
6468	-1532	58.331
6469	-1531	58.382
6470	-1530	58.433
6471	-1529	58.483
6472	-1528	58.532
6473	-1527	58.581
6474	-1526	58.63
6475	-1525	58.679
6476	-1524	58.728
6477	-1523	58.777
6478	-1522	58.827
6479	-1521	58.875
6480	-1520	58.923
6481	-1519	58.969
6482	-1518	59.013
6483	-1517	59.057
6484	-1516	59.1
6485	-1515	59.142
6486	-1514	59.183
6487	-1513	59.222
6488	-1512	59.26
6489	-1511	59.297
6490	-1510	59.334
6491	-1509	59.371
6492	-1508	59.408
6493	-1507	59.443
6494	-1506	59.478
6495	-1505	59.51
6496	-1504	59.541
6497	-1503	59.571
6498	-1502	59.599
6499	-1501	59.625
6500	-1500	59.65
6501	-1499	59.672
6502	-1498	59.693
6503	-1497	59.712
6504	-1496	59.73
6505	-1495	59.748
6506	-1494	59.765
6507	-1493	59.781
6508	-1492	59.798
6509	-1491	59.815
6510	-1490	59.831
6511	-1489	59.848
6512	-1488	59.866
6513	-1487	59.883
6514	-1486	59.901
6515	-1485	59.917
6516	-1484	59.934
6517	-1483	59.953
6518	-1482	59.974
6519	-1481	59.998
6520	-1480	60.023
6521	-1479	60.048
6522	-1478	60.074
6523	-1477	60.098
6524	-1476	60.123
6525	-1475	60.148
6526	-1474	60.173
6527	-1473	60.197
6528	-1472	60.22
6529	-1471	60.243
6530	-1470	60.264
6531	-1469	60.285
6532	-1468	60.306
6533	-1467	60.325
6534	-1466	60.343
6535	-1465	60.36
6536	-1464	60.376
6537	-1463	60.39
6538	-1462	60.404
6539	-1461	60.416
6540	-1460	60.427
6541	-1459	60.436
6542	-1458	60.444
6543	-1457	60.451
6544	-1456	60.456
6545	-1455	60.459
6546	-1454	60.461
6547	-1453	60.462
6548	-1452	60.463
6549	-1451	60.46
6550	-1450	60.455
6551	-1449	60.446
6552	-1448	60.435
6553	-1447	60.423
6554	-1446	60.411
6555	-1445	60.397
6556	-1444	60.383
6557	-1443	60.367
6558	-1442	60.35
6559	-1441	60.332
6560	-1440	60.315
6561	-1439	60.297
6562	-1438	60.278
6563	-1437	60.26
6564	-1436	60.242
6565	-1435	60.225
6566	-1434	60.21
6567	-1433	60.198
6568	-1432	60.187
6569	-1431	60.179
6570	-1430	60.172
6571	-1429	60.166
6572	-1428	60.163
6573	-1427	60.161
6574	-1426	60.162
6575	-1425	60.165
6576	-1424	60.168
6577	-1423	60.171
6578	-1422	60.174
6579	-1421	60.176
6580	-1420	60.176
6581	-1419	60.175
6582	-1418	60.173
6583	-1417	60.169
6584	-1416	60.164
6585	-1415	60.159
6586	-1414	60.154
6587	-1413	60.15
6588	-1412	60.147
6589	-1411	60.145
6590	-1410	60.142
6591	-1409	60.14
6592	-1408	60.137
6593	-1407	60.132
6594	-1406	60.127
6595	-1405	60.122
6596	-1404	60.115
6597	-1403	60.107
6598	-1402	60.097
6599	-1401	60.086
6600	-1400	60.071
6601	-1399	60.055
6602	-1398	60.038
6603	-1397	60.02
6604	-1396	60.003
6605	-1395	59.986
6606	-1394	59.968
6607	-1393	59.95
6608	-1392	59.931
6609	-1391	59.912
6610	-1390	59.893
6611	-1389	59.873
6612	-1388	59.855
6613	-1387	59.836
6614	-1386	59.816
6615	-1385	59.796
6616	-1384	59.777
6617	-1383	59.758
6618	-1382	59.739
6619	-1381	59.72
6620	-1380	59.703
6621	-1379	59.686
6622	-1378	59.67
6623	-1377	59.655
6624	-1376	59.641
6625	-1375	59.628
6626	-1374	59.615
6627	-1373	59.602
6628	-1372	59.591
6629	-1371	59.58
6630	-1370	59.571
6631	-1369	59.564
6632	-1368	59.559
6633	-1367	59.558
6634	-1366	59.559
6635	-1365	59.562
6636	-1364	59.567
6637	-1363	59.572
6638	-1362	59.575
6639	-1361	59.576
6640	-1360	59.575
6641	-1359	59.573
6642	-1358	59.569
6643	-1357	59.564
6644	-1356	59.557
6645	-1355	59.549
6646	-1354	59.539
6647	-1353	59.529
6648	-1352	59.517
6649	-1351	59.506
6650	-1350	59.493
6651	-1349	59.48
6652	-1348	59.468
6653	-1347	59.457
6654	-1346	59.447
6655	-1345	59.438
6656	-1344	59.431
6657	-1343	59.424
6658	-1342	59.417
6659	-1341	59.41
6660	-1340	59.403
6661	-1339	59.397
6662	-1338	59.393
6663	-1337	59.39
6664	-1336	59.39
6665	-1335	59.392
6666	-1334	59.395
6667	-1333	59.399
6668	-1332	59.407
6669	-1331	59.418
6670	-1330	59.434
6671	-1329	59.454
6672	-1328	59.48
6673	-1327	59.51
6674	-1326	59.545
6675	-1325	59.582
6676	-1324	59.622
6677	-1323	59.663
6678	-1322	59.704
6679	-1321	59.745
6680	-1320	59.787
6681	-1319	59.827
6682	-1318	59.867
6683	-1317	59.905
6684	-1316	59.942
6685	-1315	59.977
6686	-1314	60.01
6687	-1313	60.041
6688	-1312	60.07
6689	-1311	60.097
6690	-1310	60.122
6691	-1309	60.144
6692	-1308	60.165
6693	-1307	60.184
6694	-1306	60.203
6695	-1305	60.221
6696	-1304	60.239
6697	-1303	60.257
6698	-1302	60.275
6699	-1301	60.294
6700	-1300	60.314
6701	-1299	60.334
6702	-1298	60.354
6703	-1297	60.375
6704	-1296	60.395
6705	-1295	60.416
6706	-1294	60.437
6707	-1293	60.458
6708	-1292	60.479
6709	-1291	60.5
6710	-1290	60.519
6711	-1289	60.536
6712	-1288	60.552
6713	-1287	60.566
6714	-1286	60.58
6715	-1285	60.594
6716	-1284	60.607
6717	-1283	60.622
6718	-1282	60.637
6719	-1281	60.653
6720	-1280	60.672
6721	-1279	60.692
6722	-1278	60.713
6723	-1277	60.733
6724	-1276	60.751
6725	-1275	60.768
6726	-1274	60.781
6727	-1273	60.794
6728	-1272	60.805
6729	-1271	60.816
6730	-1270	60.827
6731	-1269	60.84
6732	-1268	60.854
6733	-1267	60.868
6734	-1266	60.882
6735	-1265	60.895
6736	-1264	60.906
6737	-1263	60.916
6738	-1262	60.926
6739	-1261	60.937
6740	-1260	60.947
6741	-1259	60.957
6742	-1258	60.967
6743	-1257	60.976
6744	-1256	60.984
6745	-1255	60.992
6746	-1254	61.001
6747	-1253	61.008
6748	-1252	61.015
6749	-1251	61.02
6750	-1250	61.024
6751	-1249	61.025
6752	-1248	61.024
6753	-1247	61.02
6754	-1246	61.016
6755	-1245	61.01
6756	-1244	61.005
6757	-1243	60.999
6758	-1242	60.992
6759	-1241	60.985
6760	-1240	60.976
6761	-1239	60.967
6762	-1238	60.958
6763	-1237	60.949
6764	-1236	60.94
6765	-1235	60.931
6766	-1234	60.921
6767	-1233	60.908
6768	-1232	60.893
6769	-1231	60.876
6770	-1230	60.858
6771	-1229	60.841
6772	-1228	60.826
6773	-1227	60.811
6774	-1226	60.796
6775	-1225	60.782
6776	-1224	60.767
6777	-1223	60.752
6778	-1222	60.737
6779	-1221	60.723
6780	-1220	60.707
6781	-1219	60.69
6782	-1218	60.672
6783	-1217	60.651
6784	-1216	60.629
6785	-1215	60.607
6786	-1214	60.583
6787	-1213	60.559
6788	-1212	60.535
6789	-1211	60.51
6790	-1210	60.487
6791	-1209	60.467
6792	-1208	60.449
6793	-1207	60.432
6794	-1206	60.414
6795	-1205	60.396
6796	-1204	60.378
6797	-1203	60.361
6798	-1202	60.344
6799	-1201	60.325
6800	-1200	60.306
6801	-1199	60.287
6802	-1198	60.268
6803	-1197	60.25
6804	-1196	60.229
6805	-1195	60.202
6806	-1194	60.169
6807	-1193	60.133
6808	-1192	60.096
6809	-1191	60.059
6810	-1190	60.022
6811	-1189	59.987
6812	-1188	59.953
6813	-1187	59.92
6814	-1186	59.885
6815	-1185	59.85
6816	-1184	59.816
6817	-1183	59.781
6818	-1182	59.746
6819	-1181	59.708
6820	-1180	59.669
6821	-1179	59.628
6822	-1178	59.584
6823	-1177	59.539
6824	-1176	59.494
6825	-1175	59.448
6826	-1174	59.4
6827	-1173	59.353
6828	-1172	59.307
6829	-1171	59.264
6830	-1170	59.221
6831	-1169	59.18
6832	-1168	59.137
6833	-1167	59.094
6834	-1166	59.053
6835	-1165	59.016
6836	-1164	58.982
6837	-1163	58.95
6838	-1162	58.918
6839	-1161	58.888
6840	-1160	58.858
6841	-1159	58.828
6842	-1158	58.798
6843	-1157	58.769
6844	-1156	58.74
6845	-1155	58.711
6846	-1154	58.682
6847	-1153	58.653
6848	-1152	58.623
6849	-1151	58.59
6850	-1150	58.554
6851	-1149	58.514
6852	-1148	58.472
6853	-1147	58.429
6854	-1146	58.385
6855	-1145	58.341
6856	-1144	58.297
6857	-1143	58.251
6858	-1142	58.204
6859	-1141	58.158
6860	-1140	58.112
6861	-1139	58.065
6862	-1138	58.017
6863	-1137	57.97
6864	-1136	57.92
6865	-1135	57.869
6866	-1134	57.816
6867	-1133	57.761
6868	-1132	57.706
6869	-1131	57.65
6870	-1130	57.591
6871	-1129	57.531
6872	-1128	57.47
6873	-1127	57.41
6874	-1126	57.351
6875	-1125	57.293
6876	-1124	57.237
6877	-1123	57.184
6878	-1122	57.133
6879	-1121	57.085
6880	-1120	57.038
6881	-1119	56.993
6882	-1118	56.953
6883	-1117	56.914
6884	-1116	56.873
6885	-1115	56.828
6886	-1114	56.779
6887	-1113	56.726
6888	-1112	56.672
6889	-1111	56.617
6890	-1110	56.561
6891	-1109	56.507
6892	-1108	56.453
6893	-1107	56.396
6894	-1106	56.337
6895	-1105	56.281
6896	-1104	56.23
6897	-1103	56.186
6898	-1102	56.147
6899	-1101	56.105
6900	-1100	56.055
6901	-1099	56.0
6902	-1098	55.943
6903	-1097	55.887
6904	-1096	55.832
6905	-1095	55.779
6906	-1094	55.722
6907	-1093	55.662
6908	-1092	55.601
6909	-1091	55.54
6910	-1090	55.482
6911	-1089	55.429
6912	-1088	55.378
6913	-1087	55.329
6914	-1086	55.281
6915	-1085	55.233
6916	-1084	55.184
6917	-1083	55.134
6918	-1082	55.082
6919	-1081	55.027
6920	-1080	54.971
6921	-1079	54.914
6922	-1078	54.855
6923	-1077	54.796
6924	-1076	54.739
6925	-1075	54.684
6926	-1074	54.632
6927	-1073	54.584
6928	-1072	54.542
6929	-1071	54.502
6930	-1070	54.465
6931	-1069	54.43
6932	-1068	54.398
6933	-1067	54.369
6934	-1066	54.343
6935	-1065	54.319
6936	-1064	54.295
6937	-1063	54.272
6938	-1062	54.248
6939	-1061	54.222
6940	-1060	54.194
6941	-1059	54.163
6942	-1058	54.129
6943	-1057	54.094
6944	-1056	54.06
6945	-1055	54.026
6946	-1054	53.992
6947	-1053	53.957
6948	-1052	53.921
6949	-1051	53.887
6950	-1050	53.854
6951	-1049	53.819
6952	-1048	53.782
6953	-1047	53.741
6954	-1046	53.7
6955	-1045	53.659
6956	-1044	53.617
6957	-1043	53.574
6958	-1042	53.531
6959	-1041	53.488
6960	-1040	53.444
6961	-1039	53.401
6962	-1038	53.36
6963	-1037	53.321
6964	-1036	53.286
6965	-1035	53.253
6966	-1034	53.221
6967	-1033	53.193
6968	-1032	53.168
6969	-1031	53.147
6970	-1030	53.13
6971	-1029	53.116
6972	-1028	53.103
6973	-1027	53.094
6974	-1026	53.087
6975	-1025	53.081
6976	-1024	53.075
6977	-1023	53.069
6978	-1022	53.066
6979	-1021	53.066
6980	-1020	53.068
6981	-1019	53.073
6982	-1018	53.079
6983	-1017	53.086
6984	-1016	53.094
6985	-1015	53.102
6986	-1014	53.11
6987	-1013	53.116
6988	-1012	53.122
6989	-1011	53.125
6990	-1010	53.127
6991	-1009	53.128
6992	-1008	53.127
6993	-1007	53.127
6994	-1006	53.126
6995	-1005	53.126
6996	-1004	53.126
6997	-1003	53.126
6998	-1002	53.126
6999	-1001	53.127
7000	-1000	53.13
7001	-999	53.136
7002	-998	53.145
7003	-997	53.154
7004	-996	53.165
7005	-995	53.175
7006	-994	53.184
7007	-993	53.193
7008	-992	53.2
7009	-991	53.206
7010	-990	53.209
7011	-989	53.209
7012	-988	53.206
7013	-987	53.201
7014	-986	53.194
7015	-985	53.185
7016	-984	53.174
7017	-983	53.163
7018	-982	53.15
7019	-981	53.134
7020	-980	53.115
7021	-979	53.093
7022	-978	53.068
7023	-977	53.042
7024	-976	53.015
7025	-975	52.987
7026	-974	52.957
7027	-973	52.927
7028	-972	52.894
7029	-971	52.858
7030	-970	52.82
7031	-969	52.78
7032	-968	52.737
7033	-967	52.693
7034	-966	52.644
7035	-965	52.592
7036	-964	52.536
7037	-963	52.474
7038	-962	52.408
7039	-961	52.337
7040	-960	52.261
7041	-959	52.179
7042	-958	52.088
7043	-957	51.992
7044	-956	51.893
7045	-955	51.786
7046	-954	51.679
7047	-953	51.571
7048	-952	51.465
7049	-951	51.363
7050	-950	51.267
7051	-949	51.178
7052	-948	51.096
7053	-947	51.021
7054	-946	50.954
7055	-945	50.893
7056	-944	50.835
7057	-943	50.782
7058	-942	50.731
7059	-941	50.683
7060	-940	50.635
7061	-939	50.59
7062	-938	50.546
7063	-937	50.505
7064	-936	50.469
7065	-935	50.437
7066	-934	50.408
7067	-933	50.382
7068	-932	50.359
7069	-931	50.339
7070	-930	50.323
7071	-929	50.31
7072	-928	50.299
7073	-927	50.286
7074	-926	50.274
7075	-925	50.265
7076	-924	50.262
7077	-923	50.264
7078	-922	50.268
7079	-921	50.271
7080	-920	50.274
7081	-919	50.277
7082	-918	50.278
7083	-917	50.276
7084	-916	50.269
7085	-915	50.261
7086	-914	50.252
7087	-913	50.241
7088	-912	50.228
7089	-911	50.213
7090	-910	50.196
7091	-909	50.18
7092	-908	50.165
7093	-907	50.152
7094	-906	50.141
7095	-905	50.127
7096	-904	50.11
7097	-903	50.088
7098	-902	50.06
7099	-901	50.028
7100	-900	49.998
7101	-899	49.969
7102	-898	49.944
7103	-897	49.921
7104	-896	49.902
7105	-895	49.888
7106	-894	49.876
7107	-893	49.864
7108	-892	49.852
7109	-891	49.839
7110	-890	49.827
7111	-889	49.813
7112	-888	49.799
7113	-887	49.783
7114	-886	49.765
7115	-885	49.746
7116	-884	49.728
7117	-883	49.708
7118	-882	49.688
7119	-881	49.665
7120	-880	49.642
7121	-879	49.62
7122	-878	49.599
7123	-877	49.58
7124	-876	49.562
7125	-875	49.543
7126	-874	49.523
7127	-873	49.502
7128	-872	49.481
7129	-871	49.46
7130	-870	49.443
7131	-869	49.428
7132	-868	49.414
7133	-867	49.401
7134	-866	49.391
7135	-865	49.386
7136	-864	49.388
7137	-863	49.394
7138	-862	49.406
7139	-861	49.422
7140	-860	49.444
7141	-859	49.472
7142	-858	49.506
7143	-857	49.544
7144	-856	49.583
7145	-855	49.623
7146	-854	49.663
7147	-853	49.704
7148	-852	49.745
7149	-851	49.788
7150	-850	49.831
7151	-849	49.873
7152	-848	49.913
7153	-847	49.949
7154	-846	49.983
7155	-845	50.014
7156	-844	50.041
7157	-843	50.063
7158	-842	50.08
7159	-841	50.096
7160	-840	50.113
7161	-839	50.131
7162	-838	50.153
7163	-837	50.178
7164	-836	50.205
7165	-835	50.234
7166	-834	50.265
7167	-833	50.298
7168	-832	50.333
7169	-831	50.369
7170	-830	50.407
7171	-829	50.444
7172	-828	50.481
7173	-827	50.519
7174	-826	50.557
7175	-825	50.593
7176	-824	50.627
7177	-823	50.66
7178	-822	50.692
7179	-821	50.722
7180	-820	50.753
7181	-819	50.784
7182	-818	50.813
7183	-817	50.839
7184	-816	50.862
7185	-815	50.882
7186	-814	50.9
7187	-813	50.914
7188	-812	50.928
7189	-811	50.941
7190	-810	50.953
7191	-809	50.964
7192	-808	50.971
7193	-807	50.975
7194	-806	50.977
7195	-805	50.979
7196	-804	50.981
7197	-803	50.984
7198	-802	50.99
7199	-801	51.0
7200	-800	51.015
7201	-799	51.038
7202	-798	51.065
7203	-797	51.096
7204	-796	51.126
7205	-795	51.155
7206	-794	51.184
7207	-793	51.213
7208	-792	51.241
7209	-791	51.269
7210	-790	51.293
7211	-789	51.313
7212	-788	51.332
7213	-787	51.354
7214	-786	51.382
7215	-785	51.414
7216	-784	51.449
7217	-783	51.489
7218	-782	51.534
7219	-781	51.583
7220	-780	51.63
7221	-779	51.673
7222	-778	51.71
7223	-777	51.734
7224	-776	51.749
7225	-775	51.757
7226	-774	51.766
7227	-773	51.775
7228	-772	51.785
7229	-771	51.794
7230	-770	51.796
7231	-769	51.79
7232	-768	51.777
7233	-767	51.758
7234	-766	51.738
7235	-765	51.721
7236	-764	51.711
7237	-763	51.709
7238	-762	51.715
7239	-761	51.727
7240	-760	51.74
7241	-759	51.746
7242	-758	51.746
7243	-757	51.744
7244	-756	51.74
7245	-755	51.736
7246	-754	51.728
7247	-753	51.714
7248	-752	51.696
7249	-751	51.681
7250	-750	51.668
7251	-749	51.658
7252	-748	51.653
7253	-747	51.655
7254	-746	51.663
7255	-745	51.674
7256	-744	51.684
7257	-743	51.689
7258	-742	51.688
7259	-741	51.688
7260	-740	51.69
7261	-739	51.69
7262	-738	51.691
7263	-737	51.692
7264	-736	51.69
7265	-735	51.691
7266	-734	51.693
7267	-733	51.691
7268	-732	51.688
7269	-731	51.686
7270	-730	51.684
7271	-729	51.68
7272	-728	51.67
7273	-727	51.657
7274	-726	51.641
7275	-725	51.622
7276	-724	51.605
7277	-723	51.592
7278	-722	51.582
7279	-721	51.579
7280	-720	51.581
7281	-719	51.589
7282	-718	51.6
7283	-717	51.613
7284	-716	51.628
7285	-715	51.643
7286	-714	51.658
7287	-713	51.672
7288	-712	51.687
7289	-711	51.702
7290	-710	51.72
7291	-709	51.741
7292	-708	51.763
7293	-707	51.786
7294	-706	51.812
7295	-705	51.84
7296	-704	51.871
7297	-703	51.903
7298	-702	51.935
7299	-701	51.964
7300	-700	51.992
7301	-699	52.021
7302	-698	52.052
7303	-697	52.087
7304	-696	52.125
7305	-695	52.167
7306	-694	52.212
7307	-693	52.258
7308	-692	52.304
7309	-691	52.348
7310	-690	52.392
7311	-689	52.436
7312	-688	52.482
7313	-687	52.53
7314	-686	52.581
7315	-685	52.634
7316	-684	52.69
7317	-683	52.747
7318	-682	52.807
7319	-681	52.87
7320	-680	52.934
7321	-679	53.002
7322	-678	53.074
7323	-677	53.146
7324	-676	53.218
7325	-675	53.286
7326	-674	53.351
7327	-673	53.414
7328	-672	53.479
7329	-671	53.548
7330	-670	53.619
7331	-669	53.692
7332	-668	53.764
7333	-667	53.839
7334	-666	53.918
7335	-665	53.998
7336	-664	54.079
7337	-663	54.161
7338	-662	54.242
7339	-661	54.322
7340	-660	54.401
7341	-659	54.479
7342	-658	54.555
7343	-657	54.629
7344	-656	54.701
7345	-655	54.771
7346	-654	54.84
7347	-653	54.908
7348	-652	54.977
7349	-651	55.048
7350	-650	55.12
7351	-649	55.192
7352	-648	55.263
7353	-647	55.333
7354	-646	55.401
7355	-645	55.468
7356	-644	55.534
7357	-643	55.601
7358	-642	55.668
7359	-641	55.733
7360	-640	55.797
7361	-639	55.859
7362	-638	55.921
7363	-637	55.982
7364	-636	56.042
7365	-635	56.1
7366	-634	56.155
7367	-633	56.208
7368	-632	56.259
7369	-631	56.309
7370	-630	56.357
7371	-629	56.403
7372	-628	56.445
7373	-627	56.486
7374	-626	56.526
7375	-625	56.565
7376	-624	56.604
7377	-623	56.642
7378	-622	56.679
7379	-621	56.714
7380	-620	56.747
7381	-619	56.779
7382	-618	56.808
7383	-617	56.835
7384	-616	56.859
7385	-615	56.883
7386	-614	56.906
7387	-613	56.929
7388	-612	56.953
7389	-611	56.977
7390	-610	57.002
7391	-609	57.027
7392	-608	57.052
7393	-607	57.08
7394	-606	57.11
7395	-605	57.141
7396	-604	57.173
7397	-603	57.205
7398	-602	57.238
7399	-601	57.272
7400	-600	57.306
7401	-599	57.34
7402	-598	57.375
7403	-597	57.41
7404	-596	57.441
7405	-595	57.469
7406	-594	57.496
7407	-593	57.523
7408	-592	57.551
7409	-591	57.581
7410	-590	57.613
7411	-589	57.646
7412	-588	57.677
7413	-587	57.707
7414	-586	57.735
7415	-585	57.761
7416	-584	57.785
7417	-583	57.808
7418	-582	57.83
7419	-581	57.85
7420	-580	57.871
7421	-579	57.891
7422	-578	57.909
7423	-577	57.926
7424	-576	57.94
7425	-575	57.952
7426	-574	57.96
7427	-573	57.967
7428	-572	57.974
7429	-571	57.981
7430	-570	57.986
7431	-569	57.989
7432	-568	57.99
7433	-567	57.988
7434	-566	57.986
7435	-565	57.983
7436	-564	57.98
7437	-563	57.978
7438	-562	57.977
7439	-561	57.976
7440	-560	57.974
7441	-559	57.972
7442	-558	57.968
7443	-557	57.961
7444	-556	57.952
7445	-555	57.942
7446	-554	57.931
7447	-553	57.917
7448	-552	57.903
7449	-551	57.889
7450	-550	57.876
7451	-549	57.864
7452	-548	57.852
7453	-547	57.842
7454	-546	57.835
7455	-545	57.83
7456	-544	57.828
7457	-543	57.827
7458	-542	57.828
7459	-541	57.831
7460	-540	57.835
7461	-539	57.839
7462	-538	57.842
7463	-537	57.844
7464	-536	57.844
7465	-535	57.844
7466	-534	57.843
7467	-533	57.841
7468	-532	57.837
7469	-531	57.832
7470	-530	57.827
7471	-529	57.821
7472	-528	57.815
7473	-527	57.809
7474	-526	57.803
7475	-525	57.797
7476	-524	57.791
7477	-523	57.784
7478	-522	57.775
7479	-521	57.766
7480	-520	57.755
7481	-519	57.741
7482	-518	57.723
7483	-517	57.704
7484	-516	57.685
7485	-515	57.663
7486	-514	57.638
7487	-513	57.615
7488	-512	57.597
7489	-511	57.584
7490	-510	57.577
7491	-509	57.574
7492	-508	57.575
7493	-507	57.581
7494	-506	57.59
7495	-505	57.601
7496	-504	57.612
7497	-503	57.622
7498	-502	57.631
7499	-501	57.639
7500	-500	57.646
7501	-499	57.647
7502	-498	57.645
7503	-497	57.642
7504	-496	57.637
7505	-495	57.634
7506	-494	57.631
7507	-493	57.627
7508	-492	57.624
7509	-491	57.62
7510	-490	57.617
7511	-489	57.613
7512	-488	57.61
7513	-487	57.607
7514	-486	57.604
7515	-485	57.603
7516	-484	57.602
7517	-483	57.601
7518	-482	57.6
7519	-481	57.598
7520	-480	57.596
7521	-479	57.592
7522	-478	57.588
7523	-477	57.584
7524	-476	57.579
7525	-475	57.573
7526	-474	57.564
7527	-473	57.553
7528	-472	57.541
7529	-471	57.529
7530	-470	57.518
7531	-469	57.506
7532	-468	57.495
7533	-467	57.484
7534	-466	57.47
7535	-465	57.457
7536	-464	57.443
7537	-463	57.432
7538	-462	57.42
7539	-461	57.408
7540	-460	57.397
7541	-459	57.388
7542	-458	57.382
7543	-457	57.379
7544	-456	57.379
7545	-455	57.383
7546	-454	57.388
7547	-453	57.397
7548	-452	57.406
7549	-451	57.415
7550	-450	57.426
7551	-449	57.439
7552	-448	57.454
7553	-447	57.47
7554	-446	57.488
7555	-445	57.508
7556	-444	57.53
7557	-443	57.552
7558	-442	57.574
7559	-441	57.593
7560	-440	57.612
7561	-439	57.63
7562	-438	57.65
7563	-437	57.671
7564	-436	57.693
7565	-435	57.716
7566	-434	57.737
7567	-433	57.756
7568	-432	57.774
7569	-431	57.792
7570	-430	57.813
7571	-429	57.836
7572	-428	57.863
7573	-427	57.894
7574	-426	57.929
7575	-425	57.966
7576	-424	58.006
7577	-423	58.045
7578	-422	58.084
7579	-421	58.122
7580	-420	58.161
7581	-419	58.198
7582	-418	58.234
7583	-417	58.268
7584	-416	58.3
7585	-415	58.329
7586	-414	58.357
7587	-413	58.383
7588	-412	58.407
7589	-411	58.431
7590	-410	58.454
7591	-409	58.476
7592	-408	58.497
7593	-407	58.516
7594	-406	58.534
7595	-405	58.551
7596	-404	58.568
7597	-403	58.584
7598	-402	58.6
7599	-401	58.615
7600	-400	58.629
7601	-399	58.643
7602	-398	58.657
7603	-397	58.672
7604	-396	58.686
7605	-395	58.701
7606	-394	58.714
7607	-393	58.727
7608	-392	58.74
7609	-391	58.753
7610	-390	58.768
7611	-389	58.784
7612	-388	58.801
7613	-387	58.821
7614	-386	58.842
7615	-385	58.865
7616	-384	58.889
7617	-383	58.914
7618	-382	58.938
7619	-381	58.961
7620	-380	58.982
7621	-379	59.002
7622	-378	59.02
7623	-377	59.038
7624	-376	59.056
7625	-375	59.073
7626	-374	59.091
7627	-373	59.109
7628	-372	59.128
7629	-371	59.146
7630	-370	59.163
7631	-369	59.181
7632	-368	59.198
7633	-367	59.214
7634	-366	59.23
7635	-365	59.245
7636	-364	59.259
7637	-363	59.273
7638	-362	59.287
7639	-361	59.298
7640	-360	59.306
7641	-359	59.311
7642	-358	59.315
7643	-357	59.317
7644	-356	59.321
7645	-355	59.326
7646	-354	59.333
7647	-353	59.342
7648	-352	59.351
7649	-351	59.362
7650	-350	59.372
7651	-349	59.38
7652	-348	59.385
7653	-347	59.386
7654	-346	59.382
7655	-345	59.376
7656	-344	59.368
7657	-343	59.361
7658	-342	59.355
7659	-341	59.354
7660	-340	59.354
7661	-339	59.353
7662	-338	59.352
7663	-337	59.349
7664	-336	59.343
7665	-335	59.333
7666	-334	59.321
7667	-333	59.305
7668	-332	59.287
7669	-331	59.268
7670	-330	59.248
7671	-329	59.228
7672	-328	59.207
7673	-327	59.188
7674	-326	59.172
7675	-325	59.159
7676	-324	59.149
7677	-323	59.142
7678	-322	59.139
7679	-321	59.138
7680	-320	59.138
7681	-319	59.14
7682	-318	59.142
7683	-317	59.145
7684	-316	59.151
7685	-315	59.158
7686	-314	59.167
7687	-313	59.177
7688	-312	59.185
7689	-311	59.194
7690	-310	59.202
7691	-309	59.209
7692	-308	59.215
7693	-307	59.22
7694	-306	59.224
7695	-305	59.228
7696	-304	59.232
7697	-303	59.235
7698	-302	59.238
7699	-301	59.241
7700	-300	59.246
7701	-299	59.251
7702	-298	59.256
7703	-297	59.261
7704	-296	59.266
7705	-295	59.272
7706	-294	59.28
7707	-293	59.289
7708	-292	59.3
7709	-291	59.312
7710	-290	59.325
7711	-289	59.338
7712	-288	59.35
7713	-287	59.361
7714	-286	59.369
7715	-285	59.376
7716	-284	59.379
7717	-283	59.38
7718	-282	59.379
7719	-281	59.376
7720	-280	59.374
7721	-279	59.371
7722	-278	59.37
7723	-277	59.369
7724	-276	59.368
7725	-275	59.368
7726	-274	59.367
7727	-273	59.366
7728	-272	59.364
7729	-271	59.361
7730	-270	59.355
7731	-269	59.348
7732	-268	59.338
7733	-267	59.324
7734	-266	59.308
7735	-265	59.289
7736	-264	59.269
7737	-263	59.246
7738	-262	59.221
7739	-261	59.196
7740	-260	59.168
7741	-259	59.141
7742	-258	59.113
7743	-257	59.085
7744	-256	59.058
7745	-255	59.031
7746	-254	59.005
7747	-253	58.978
7748	-252	58.952
7749	-251	58.926
7750	-250	58.898
7751	-249	58.871
7752	-248	58.844
7753	-247	58.817
7754	-246	58.792
7755	-245	58.768
7756	-244	58.746
7757	-243	58.724
7758	-242	58.704
7759	-241	58.684
7760	-240	58.664
7761	-239	58.645
7762	-238	58.626
7763	-237	58.607
7764	-236	58.589
7765	-235	58.573
7766	-234	58.558
7767	-233	58.543
7768	-232	58.53
7769	-231	58.518
7770	-230	58.506
7771	-229	58.496
7772	-228	58.488
7773	-227	58.482
7774	-226	58.476
7775	-225	58.471
7776	-224	58.467
7777	-223	58.464
7778	-222	58.46
7779	-221	58.455
7780	-220	58.449
7781	-219	58.441
7782	-218	58.432
7783	-217	58.422
7784	-216	58.41
7785	-215	58.397
7786	-214	58.383
7787	-213	58.369
7788	-212	58.353
7789	-211	58.337
7790	-210	58.321
7791	-209	58.303
7792	-208	58.285
7793	-207	58.266
7794	-206	58.246
7795	-205	58.224
7796	-204	58.2
7797	-203	58.175
7798	-202	58.149
7799	-201	58.124
7800	-200	58.098
7801	-199	58.072
7802	-198	58.048
7803	-197	58.023
7804	-196	57.999
7805	-195	57.976
7806	-194	57.955
7807	-193	57.934
7808	-192	57.914
7809	-191	57.895
7810	-190	57.876
7811	-189	57.856
7812	-188	57.834
7813	-187	57.81
7814	-186	57.782
7815	-185	57.752
7816	-184	57.721
7817	-183	57.689
7818	-182	57.655
7819	-181	57.619
7820	-180	57.58
7821	-179	57.538
7822	-178	57.494
7823	-177	57.448
7824	-176	57.397
7825	-175	57.343
7826	-174	57.288
7827	-173	57.232
7828	-172	57.176
7829	-171	57.12
7830	-170	57.063
7831	-169	57.006
7832	-168	56.95
7833	-167	56.894
7834	-166	56.837
7835	-165	56.778
7836	-164	56.72
7837	-163	56.661
7838	-162	56.603
7839	-161	56.545
7840	-160	56.49
7841	-159	56.437
7842	-158	56.387
7843	-157	56.339
7844	-156	56.292
7845	-155	56.246
7846	-154	56.199
7847	-153	56.152
7848	-152	56.107
7849	-151	56.063
7850	-150	56.02
7851	-149	55.978
7852	-148	55.935
7853	-147	55.893
7854	-146	55.854
7855	-145	55.817
7856	-144	55.78
7857	-143	55.744
7858	-142	55.709
7859	-141	55.673
7860	-140	55.636
7861	-139	55.599
7862	-138	55.561
7863	-137	55.523
7864	-136	55.484
7865	-135	55.443
7866	-134	55.4
7867	-133	55.356
7868	-132	55.311
7869	-131	55.265
7870	-130	55.219
7871	-129	55.173
7872	-128	55.126
7873	-127	55.077
7874	-126	55.028
7875	-125	54.981
7876	-124	54.936
7877	-123	54.897
7878	-122	54.863
7879	-121	54.835
7880	-120	54.809
7881	-119	54.781
7882	-118	54.751
7883	-117	54.719
7884	-116	54.685
7885	-115	54.648
7886	-114	54.607
7887	-113	54.563
7888	-112	54.516
7889	-111	54.469
7890	-110	54.421
7891	-109	54.372
7892	-108	54.324
7893	-107	54.276
7894	-106	54.229
7895	-105	54.182
7896	-104	54.136
7897	-103	54.09
7898	-102	54.044
7899	-101	53.999
7900	-100	53.955
7901	-99	53.912
7902	-98	53.867
7903	-97	53.822
7904	-96	53.778
7905	-95	53.735
7906	-94	53.691
7907	-93	53.647
7908	-92	53.603
7909	-91	53.559
7910	-90	53.517
7911	-89	53.478
7912	-88	53.441
7913	-87	53.406
7914	-86	53.375
7915	-85	53.347
7916	-84	53.325
7917	-83	53.306
7918	-82	53.287
7919	-81	53.27
7920	-80	53.251
7921	-79	53.232
7922	-78	53.212
7923	-77	53.191
7924	-76	53.17
7925	-75	53.147
7926	-74	53.121
7927	-73	53.091
7928	-72	53.057
7929	-71	53.02
7930	-70	52.981
7931	-69	52.941
7932	-68	52.899
7933	-67	52.855
7934	-66	52.81
7935	-65	52.764
7936	-64	52.719
7937	-63	52.673
7938	-62	52.627
7939	-61	52.582
7940	-60	52.537
7941	-59	52.492
7942	-58	52.447
7943	-57	52.405
7944	-56	52.363
7945	-55	52.323
7946	-54	52.283
7947	-53	52.246
7948	-52	52.212
7949	-51	52.18
7950	-50	52.15
7951	-49	52.125
7952	-48	52.105
7953	-47	52.088
7954	-46	52.076
7955	-45	52.066
7956	-44	52.058
7957	-43	52.05
7958	-42	52.044
7959	-41	52.038
7960	-40	52.028
7961	-39	52.014
7962	-38	51.997
7963	-37	51.979
7964	-36	51.964
7965	-35	51.951
7966	-34	51.94
7967	-33	51.93
7968	-32	51.919
7969	-31	51.909
7970	-30	51.902
7971	-29	51.899
7972	-28	51.898
7973	-27	51.899
7974	-26	51.9
7975	-25	51.903
7976	-24	51.906
7977	-23	51.906
7978	-22	51.901
7979	-21	51.894
7980	-20	51.884
7981	-19	51.873
7982	-18	51.863
7983	-17	51.856
7984	-16	51.853
7985	-15	51.853
7986	-14	51.856
7987	-13	51.862
7988	-12	51.871
7989	-11	51.882
7990	-10	51.893
7991	-9	51.904
7992	-8	51.915
7993	-7	51.927
7994	-6	51.939
7995	-5	51.952
7996	-4	51.966
7997	-3	51.981
7998	-2	51.997
7999	-1	52.014
8000	0	52.033
8001	1	52.054
8002	2	52.076
8003	3	52.101
8004	4	52.128
8005	5	52.156
8006	6	52.185
8007	7	52.212
8008	8	52.236
8009	9	52.259
8010	10	52.282
8011	11	52.305
8012	12	52.329
8013	13	52.354
8014	14	52.38
8015	15	52.408
8016	16	52.437
8017	17	52.467
8018	18	52.499
8019	19	52.531
8020	20	52.564
8021	21	52.599
8022	22	52.635
8023	23	52.672
8024	24	52.711
8025	25	52.75
8026	26	52.788
8027	27	52.825
8028	28	52.859
8029	29	52.891
8030	30	52.92
8031	31	52.947
8032	32	52.971
8033	33	52.994
8034	34	53.016
8035	35	53.037
8036	36	53.057
8037	37	53.076
8038	38	53.094
8039	39	53.11
8040	40	53.126
8041	41	53.143
8042	42	53.16
8043	43	53.178
8044	44	53.195
8045	45	53.212
8046	46	53.226
8047	47	53.237
8048	48	53.246
8049	49	53.254
8050	50	53.26
8051	51	53.265
8052	52	53.268
8053	53	53.271
8054	54	53.274
8055	55	53.279
8056	56	53.284
8057	57	53.29
8058	58	53.296
8059	59	53.301
8060	60	53.306
8061	61	53.312
8062	62	53.319
8063	63	53.326
8064	64	53.333
8065	65	53.339
8066	66	53.345
8067	67	53.35
8068	68	53.355
8069	69	53.358
8070	70	53.362
8071	71	53.365
8072	72	53.369
8073	73	53.374
8074	74	53.378
8075	75	53.382
8076	76	53.387
8077	77	53.393
8078	78	53.4
8079	79	53.406
8080	80	53.412
8081	81	53.418
8082	82	53.424
8083	83	53.429
8084	84	53.432
8085	85	53.435
8086	86	53.437
8087	87	53.438
8088	88	53.439
8089	89	53.442
8090	90	53.444
8091	91	53.448
8092	92	53.452
8093	93	53.455
8094	94	53.455
8095	95	53.453
8096	96	53.448
8097	97	53.439
8098	98	53.426
8099	99	53.408
8100	100	53.385
8101	101	53.359
8102	102	53.329
8103	103	53.298
8104	104	53.266
8105	105	53.231
8106	106	53.195
8107	107	53.159
8108	108	53.122
8109	109	53.086
8110	110	53.052
8111	111	53.02
8112	112	52.993
8113	113	52.97
8114	114	52.951
8115	115	52.934
8116	116	52.918
8117	117	52.902
8118	118	52.886
8119	119	52.87
8120	120	52.856
8121	121	52.843
8122	122	52.829
8123	123	52.815
8124	124	52.798
8125	125	52.78
8126	126	52.761
8127	127	52.741
8128	128	52.721
8129	129	52.704
8130	130	52.688
8131	131	52.675
8132	132	52.665
8133	133	52.656
8134	134	52.65
8135	135	52.646
8136	136	52.643
8137	137	52.641
8138	138	52.641
8139	139	52.64
8140	140	52.637
8141	141	52.631
8142	142	52.623
8143	143	52.613
8144	144	52.604
8145	145	52.596
8146	146	52.588
8147	147	52.581
8148	148	52.577
8149	149	52.576
8150	150	52.579
8151	151	52.585
8152	152	52.592
8153	153	52.602
8154	154	52.613
8155	155	52.628
8156	156	52.649
8157	157	52.675
8158	158	52.702
8159	159	52.732
8160	160	52.763
8161	161	52.792
8162	162	52.818
8163	163	52.841
8164	164	52.862
8165	165	52.883
8166	166	52.904
8167	167	52.926
8168	168	52.95
8169	169	52.973
8170	170	52.996
8171	171	53.021
8172	172	53.045
8173	173	53.069
8174	174	53.092
8175	175	53.113
8176	176	53.131
8177	177	53.148
8178	178	53.164
8179	179	53.179
8180	180	53.194
8181	181	53.208
8182	182	53.221
8183	183	53.233
8184	184	53.246
8185	185	53.258
8186	186	53.271
8187	187	53.285
8188	188	53.3
8189	189	53.317
8190	190	53.337
8191	191	53.358
8192	192	53.379
8193	193	53.4
8194	194	53.42
8195	195	53.439
8196	196	53.455
8197	197	53.47
8198	198	53.484
8199	199	53.497
8200	200	53.512
8201	201	53.527
8202	202	53.542
8203	203	53.556
8204	204	53.57
8205	205	53.584
8206	206	53.596
8207	207	53.607
8208	208	53.618
8209	209	53.63
8210	210	53.641
8211	211	53.653
8212	212	53.666
8213	213	53.679
8214	214	53.692
8215	215	53.706
8216	216	53.72
8217	217	53.734
8218	218	53.748
8219	219	53.761
8220	220	53.774
8221	221	53.784
8222	222	53.793
8223	223	53.8
8224	224	53.807
8225	225	53.814
8226	226	53.82
8227	227	53.826
8228	228	53.831
8229	229	53.836
8230	230	53.841
8231	231	53.847
8232	232	53.855
8233	233	53.864
8234	234	53.873
8235	235	53.883
8236	236	53.895
8237	237	53.906
8238	238	53.919
8239	239	53.932
8240	240	53.945
8241	241	53.956
8242	242	53.967
8243	243	53.979
8244	244	53.992
8245	245	54.005
8246	246	54.02
8247	247	54.036
8248	248	54.054
8249	249	54.073
8250	250	54.092
8251	251	54.108
8252	252	54.122
8253	253	54.134
8254	254	54.144
8255	255	54.152
8256	256	54.159
8257	257	54.165
8258	258	54.17
8259	259	54.175
8260	260	54.18
8261	261	54.188
8262	262	54.199
8263	263	54.21
8264	264	54.221
8265	265	54.231
8266	266	54.241
8267	267	54.25
8268	268	54.261
8269	269	54.273
8270	270	54.286
8271	271	54.301
8272	272	54.316
8273	273	54.332
8274	274	54.35
8275	275	54.367
8276	276	54.384
8277	277	54.401
8278	278	54.419
8279	279	54.438
8280	280	54.459
8281	281	54.481
8282	282	54.504
8283	283	54.527
8284	284	54.551
8285	285	54.573
8286	286	54.596
8287	287	54.618
8288	288	54.641
8289	289	54.665
8290	290	54.691
8291	291	54.718
8292	292	54.745
8293	293	54.771
8294	294	54.798
8295	295	54.823
8296	296	54.849
8297	297	54.874
8298	298	54.898
8299	299	54.921
8300	300	54.944
8301	301	54.966
8302	302	54.987
8303	303	55.008
8304	304	55.029
8305	305	55.05
8306	306	55.07
8307	307	55.089
8308	308	55.108
8309	309	55.126
8310	310	55.144
8311	311	55.162
8312	312	55.182
8313	313	55.202
8314	314	55.222
8315	315	55.241
8316	316	55.261
8317	317	55.281
8318	318	55.3
8319	319	55.317
8320	320	55.334
8321	321	55.349
8322	322	55.364
8323	323	55.377
8324	324	55.388
8325	325	55.399
8326	326	55.409
8327	327	55.418
8328	328	55.425
8329	329	55.432
8330	330	55.438
8331	331	55.446
8332	332	55.455
8333	333	55.466
8334	334	55.48
8335	335	55.495
8336	336	55.512
8337	337	55.532
8338	338	55.554
8339	339	55.577
8340	340	55.6
8341	341	55.622
8342	342	55.645
8343	343	55.669
8344	344	55.693
8345	345	55.715
8346	346	55.738
8347	347	55.761
8348	348	55.786
8349	349	55.814
8350	350	55.846
8351	351	55.88
8352	352	55.917
8353	353	55.957
8354	354	55.999
8355	355	56.045
8356	356	56.09
8357	357	56.132
8358	358	56.172
8359	359	56.213
8360	360	56.252
8361	361	56.29
8362	362	56.324
8363	363	56.355
8364	364	56.385
8365	365	56.415
8366	366	56.446
8367	367	56.48
8368	368	56.517
8369	369	56.555
8370	370	56.593
8371	371	56.636
8372	372	56.681
8373	373	56.731
8374	374	56.785
8375	375	56.841
8376	376	56.897
8377	377	56.952
8378	378	57.004
8379	379	57.051
8380	380	57.094
8381	381	57.132
8382	382	57.165
8383	383	57.195
8384	384	57.225
8385	385	57.256
8386	386	57.288
8387	387	57.32
8388	388	57.351
8389	389	57.38
8390	390	57.407
8391	391	57.434
8392	392	57.46
8393	393	57.487
8394	394	57.516
8395	395	57.545
8396	396	57.575
8397	397	57.605
8398	398	57.633
8399	399	57.658
8400	400	57.681
8401	401	57.702
8402	402	57.723
8403	403	57.745
8404	404	57.768
8405	405	57.791
8406	406	57.811
8407	407	57.826
8408	408	57.839
8409	409	57.85
8410	410	57.86
8411	411	57.867
8412	412	57.872
8413	413	57.875
8414	414	57.877
8415	415	57.876
8416	416	57.873
8417	417	57.866
8418	418	57.858
8419	419	57.849
8420	420	57.838
8421	421	57.828
8422	422	57.816
8423	423	57.802
8424	424	57.785
8425	425	57.768
8426	426	57.749
8427	427	57.729
8428	428	57.709
8429	429	57.689
8430	430	57.668
8431	431	57.645
8432	432	57.622
8433	433	57.598
8434	434	57.573
8435	435	57.545
8436	436	57.516
8437	437	57.487
8438	438	57.459
8439	439	57.433
8440	440	57.41
8441	441	57.39
8442	442	57.373
8443	443	57.357
8444	444	57.343
8445	445	57.331
8446	446	57.32
8447	447	57.312
8448	448	57.307
8449	449	57.304
8450	450	57.305
8451	451	57.31
8452	452	57.318
8453	453	57.328
8454	454	57.338
8455	455	57.349
8456	456	57.361
8457	457	57.375
8458	458	57.389
8459	459	57.404
8460	460	57.419
8461	461	57.435
8462	462	57.452
8463	463	57.469
8464	464	57.487
8465	465	57.505
8466	466	57.525
8467	467	57.545
8468	468	57.567
8469	469	57.589
8470	470	57.612
8471	471	57.636
8472	472	57.661
8473	473	57.687
8474	474	57.714
8475	475	57.742
8476	476	57.769
8477	477	57.794
8478	478	57.818
8479	479	57.84
8480	480	57.861
8481	481	57.884
8482	482	57.908
8483	483	57.931
8484	484	57.954
8485	485	57.977
8486	486	57.999
8487	487	58.02
8488	488	58.042
8489	489	58.062
8490	490	58.081
8491	491	58.097
8492	492	58.112
8493	493	58.124
8494	494	58.133
8495	495	58.141
8496	496	58.146
8497	497	58.149
8498	498	58.147
8499	499	58.144
8500	500	58.141
8501	501	58.14
8502	502	58.139
8503	503	58.138
8504	504	58.136
8505	505	58.133
8506	506	58.13
8507	507	58.127
8508	508	58.123
8509	509	58.12
8510	510	58.119
8511	511	58.12
8512	512	58.124
8513	513	58.131
8514	514	58.14
8515	515	58.152
8516	516	58.168
8517	517	58.193
8518	518	58.228
8519	519	58.272
8520	520	58.325
8521	521	58.383
8522	522	58.441
8523	523	58.497
8524	524	58.55
8525	525	58.601
8526	526	58.65
8527	527	58.7
8528	528	58.748
8529	529	58.796
8530	530	58.842
8531	531	58.887
8532	532	58.929
8533	533	58.968
8534	534	59.005
8535	535	59.038
8536	536	59.066
8537	537	59.092
8538	538	59.115
8539	539	59.136
8540	540	59.157
8541	541	59.177
8542	542	59.197
8543	543	59.216
8544	544	59.233
8545	545	59.243
8546	546	59.247
8547	547	59.245
8548	548	59.239
8549	549	59.236
8550	550	59.235
8551	551	59.237
8552	552	59.242
8553	553	59.248
8554	554	59.257
8555	555	59.269
8556	556	59.283
8557	557	59.297
8558	558	59.312
8559	559	59.328
8560	560	59.345
8561	561	59.363
8562	562	59.382
8563	563	59.402
8564	564	59.422
8565	565	59.442
8566	566	59.462
8567	567	59.481
8568	568	59.499
8569	569	59.517
8570	570	59.537
8571	571	59.557
8572	572	59.579
8573	573	59.599
8574	574	59.619
8575	575	59.638
8576	576	59.655
8577	577	59.67
8578	578	59.685
8579	579	59.698
8580	580	59.709
8581	581	59.717
8582	582	59.723
8583	583	59.726
8584	584	59.725
8585	585	59.721
8586	586	59.714
8587	587	59.707
8588	588	59.698
8589	589	59.688
8590	590	59.679
8591	591	59.669
8592	592	59.659
8593	593	59.649
8594	594	59.639
8595	595	59.63
8596	596	59.622
8597	597	59.615
8598	598	59.606
8599	599	59.596
8600	600	59.584
8601	601	59.571
8602	602	59.556
8603	603	59.54
8604	604	59.524
8605	605	59.506
8606	606	59.488
8607	607	59.469
8608	608	59.449
8609	609	59.43
8610	610	59.409
8611	611	59.388
8612	612	59.365
8613	613	59.341
8614	614	59.315
8615	615	59.288
8616	616	59.261
8617	617	59.233
8618	618	59.205
8619	619	59.177
8620	620	59.147
8621	621	59.117
8622	622	59.086
8623	623	59.055
8624	624	59.024
8625	625	58.994
8626	626	58.964
8627	627	58.934
8628	628	58.904
8629	629	58.875
8630	630	58.849
8631	631	58.824
8632	632	58.802
8633	633	58.781
8634	634	58.76
8635	635	58.738
8636	636	58.717
8637	637	58.696
8638	638	58.676
8639	639	58.657
8640	640	58.639
8641	641	58.621
8642	642	58.602
8643	643	58.582
8644	644	58.561
8645	645	58.538
8646	646	58.516
8647	647	58.494
8648	648	58.473
8649	649	58.455
8650	650	58.438
8651	651	58.423
8652	652	58.411
8653	653	58.401
8654	654	58.393
8655	655	58.385
8656	656	58.377
8657	657	58.367
8658	658	58.357
8659	659	58.346
8660	660	58.334
8661	661	58.32
8662	662	58.306
8663	663	58.291
8664	664	58.275
8665	665	58.259
8666	666	58.243
8667	667	58.228
8668	668	58.212
8669	669	58.197
8670	670	58.181
8671	671	58.165
8672	672	58.15
8673	673	58.135
8674	674	58.12
8675	675	58.105
8676	676	58.088
8677	677	58.07
8678	678	58.052
8679	679	58.032
8680	680	58.012
8681	681	57.992
8682	682	57.97
8683	683	57.947
8684	684	57.922
8685	685	57.895
8686	686	57.866
8687	687	57.835
8688	688	57.803
8689	689	57.769
8690	690	57.734
8691	691	57.697
8692	692	57.661
8693	693	57.626
8694	694	57.592
8695	695	57.558
8696	696	57.524
8697	697	57.49
8698	698	57.456
8699	699	57.423
8700	700	57.39
8701	701	57.359
8702	702	57.329
8703	703	57.301
8704	704	57.276
8705	705	57.252
8706	706	57.23
8707	707	57.211
8708	708	57.194
8709	709	57.178
8710	710	57.164
8711	711	57.152
8712	712	57.142
8713	713	57.133
8714	714	57.126
8715	715	57.119
8716	716	57.112
8717	717	57.106
8718	718	57.1
8719	719	57.095
8720	720	57.09
8721	721	57.085
8722	722	57.081
8723	723	57.078
8724	724	57.075
8725	725	57.073
8726	726	57.071
8727	727	57.069
8728	728	57.067
8729	729	57.063
8730	730	57.058
8731	731	57.05
8732	732	57.039
8733	733	57.025
8734	734	57.007
8735	735	56.986
8736	736	56.961
8737	737	56.935
8738	738	56.907
8739	739	56.877
8740	740	56.847
8741	741	56.815
8742	742	56.783
8743	743	56.748
8744	744	56.714
8745	745	56.679
8746	746	56.646
8747	747	56.615
8748	748	56.588
8749	749	56.564
8750	750	56.543
8751	751	56.525
8752	752	56.512
8753	753	56.501
8754	754	56.491
8755	755	56.484
8756	756	56.478
8757	757	56.476
8758	758	56.478
8759	759	56.484
8760	760	56.493
8761	761	56.505
8762	762	56.519
8763	763	56.535
8764	764	56.551
8765	765	56.567
8766	766	56.582
8767	767	56.595
8768	768	56.607
8769	769	56.616
8770	770	56.623
8771	771	56.628
8772	772	56.633
8773	773	56.638
8774	774	56.645
8775	775	56.652
8776	776	56.661
8777	777	56.673
8778	778	56.687
8779	779	56.705
8780	780	56.727
8781	781	56.75
8782	782	56.776
8783	783	56.803
8784	784	56.834
8785	785	56.868
8786	786	56.903
8787	787	56.94
8788	788	56.979
8789	789	57.02
8790	790	57.062
8791	791	57.104
8792	792	57.148
8793	793	57.192
8794	794	57.239
8795	795	57.287
8796	796	57.335
8797	797	57.383
8798	798	57.431
8799	799	57.479
8800	800	57.525
8801	801	57.57
8802	802	57.612
8803	803	57.652
8804	804	57.69
8805	805	57.725
8806	806	57.759
8807	807	57.794
8808	808	57.829
8809	809	57.865
8810	810	57.901
8811	811	57.936
8812	812	57.97
8813	813	58.001
8814	814	58.029
8815	815	58.056
8816	816	58.081
8817	817	58.106
8818	818	58.131
8819	819	58.159
8820	820	58.189
8821	821	58.221
8822	822	58.254
8823	823	58.29
8824	824	58.329
8825	825	58.371
8826	826	58.414
8827	827	58.458
8828	828	58.501
8829	829	58.544
8830	830	58.586
8831	831	58.629
8832	832	58.673
8833	833	58.716
8834	834	58.758
8835	835	58.8
8836	836	58.84
8837	837	58.879
8838	838	58.918
8839	839	58.956
8840	840	58.992
8841	841	59.027
8842	842	59.061
8843	843	59.092
8844	844	59.123
8845	845	59.153
8846	846	59.183
8847	847	59.213
8848	848	59.244
8849	849	59.275
8850	850	59.306
8851	851	59.338
8852	852	59.37
8853	853	59.404
8854	854	59.437
8855	855	59.469
8856	856	59.502
8857	857	59.534
8858	858	59.565
8859	859	59.595
8860	860	59.621
8861	861	59.646
8862	862	59.668
8863	863	59.689
8864	864	59.708
8865	865	59.725
8866	866	59.739
8867	867	59.752
8868	868	59.764
8869	869	59.774
8870	870	59.784
8871	871	59.793
8872	872	59.8
8873	873	59.805
8874	874	59.808
8875	875	59.809
8876	876	59.809
8877	877	59.807
8878	878	59.803
8879	879	59.798
8880	880	59.791
8881	881	59.784
8882	882	59.776
8883	883	59.768
8884	884	59.761
8885	885	59.754
8886	886	59.747
8887	887	59.741
8888	888	59.735
8889	889	59.729
8890	890	59.723
8891	891	59.717
8892	892	59.711
8893	893	59.706
8894	894	59.702
8895	895	59.698
8896	896	59.696
8897	897	59.694
8898	898	59.692
8899	899	59.692
8900	900	59.693
8901	901	59.696
8902	902	59.699
8903	903	59.703
8904	904	59.707
8905	905	59.71
8906	906	59.711
8907	907	59.709
8908	908	59.704
8909	909	59.696
8910	910	59.686
8911	911	59.674
8912	912	59.66
8913	913	59.646
8914	914	59.63
8915	915	59.615
8916	916	59.598
8917	917	59.582
8918	918	59.566
8919	919	59.549
8920	920	59.532
8921	921	59.514
8922	922	59.497
8923	923	59.48
8924	924	59.461
8925	925	59.442
8926	926	59.422
8927	927	59.401
8928	928	59.38
8929	929	59.357
8930	930	59.335
8931	931	59.313
8932	932	59.29
8933	933	59.269
8934	934	59.249
8935	935	59.231
8936	936	59.214
8937	937	59.198
8938	938	59.184
8939	939	59.172
8940	940	59.162
8941	941	59.154
8942	942	59.146
8943	943	59.14
8944	944	59.136
8945	945	59.132
8946	946	59.13
8947	947	59.128
8948	948	59.128
8949	949	59.129
8950	950	59.131
8951	951	59.131
8952	952	59.13
8953	953	59.127
8954	954	59.124
8955	955	59.12
8956	956	59.115
8957	957	59.107
8958	958	59.098
8959	959	59.088
8960	960	59.078
8961	961	59.07
8962	962	59.062
8963	963	59.057
8964	964	59.053
8965	965	59.051
8966	966	59.051
8967	967	59.054
8968	968	59.058
8969	969	59.064
8970	970	59.071
8971	971	59.079
8972	972	59.089
8973	973	59.099
8974	974	59.11
8975	975	59.121
8976	976	59.133
8977	977	59.143
8978	978	59.153
8979	979	59.162
8980	980	59.17
8981	981	59.178
8982	982	59.185
8983	983	59.19
8984	984	59.193
8985	985	59.196
8986	986	59.199
8987	987	59.202
8988	988	59.207
8989	989	59.212
8990	990	59.219
8991	991	59.227
8992	992	59.236
8993	993	59.245
8994	994	59.255
8995	995	59.265
8996	996	59.275
8997	997	59.285
8998	998	59.295
8999	999	59.304
9000	1000	59.314
9001	1001	59.325
9002	1002	59.336
9003	1003	59.349
9004	1004	59.363
9005	1005	59.379
9006	1006	59.397
9007	1007	59.415
9008	1008	59.433
9009	1009	59.452
9010	1010	59.47
9011	1011	59.486
9012	1012	59.501
9013	1013	59.514
9014	1014	59.527
9015	1015	59.54
9016	1016	59.552
9017	1017	59.565
9018	1018	59.578
9019	1019	59.593
9020	1020	59.608
9021	1021	59.622
9022	1022	59.635
9023	1023	59.647
9024	1024	59.659
9025	1025	59.668
9026	1026	59.677
9027	1027	59.685
9028	1028	59.692
9029	1029	59.699
9030	1030	59.706
9031	1031	59.713
9032	1032	59.718
9033	1033	59.722
9034	1034	59.724
9035	1035	59.725
9036	1036	59.726
9037	1037	59.726
9038	1038	59.726
9039	1039	59.727
9040	1040	59.728
9041	1041	59.73
9042	1042	59.732
9043	1043	59.734
9044	1044	59.736
9045	1045	59.74
9046	1046	59.744
9047	1047	59.749
9048	1048	59.754
9049	1049	59.76
9050	1050	59.766
9051	1051	59.774
9052	1052	59.783
9053	1053	59.793
9054	1054	59.802
9055	1055	59.813
9056	1056	59.825
9057	1057	59.837
9058	1058	59.85
9059	1059	59.863
9060	1060	59.876
9061	1061	59.888
9062	1062	59.9
9063	1063	59.913
9064	1064	59.925
9065	1065	59.937
9066	1066	59.948
9067	1067	59.959
9068	1068	59.969
9069	1069	59.979
9070	1070	59.987
9071	1071	59.994
9072	1072	60.001
9073	1073	60.008
9074	1074	60.015
9075	1075	60.022
9076	1076	60.03
9077	1077	60.038
9078	1078	60.045
9079	1079	60.053
9080	1080	60.061
9081	1081	60.068
9082	1082	60.074
9083	1083	60.08
9084	1084	60.084
9085	1085	60.087
9086	1086	60.089
9087	1087	60.091
9088	1088	60.093
9089	1089	60.095
9090	1090	60.099
9091	1091	60.103
9092	1092	60.109
9093	1093	60.115
9094	1094	60.123
9095	1095	60.13
9096	1096	60.139
9097	1097	60.147
9098	1098	60.155
9099	1099	60.161
9100	1100	60.165
9101	1101	60.168
9102	1102	60.17
9103	1103	60.172
9104	1104	60.173
9105	1105	60.174
9106	1106	60.174
9107	1107	60.175
9108	1108	60.175
9109	1109	60.175
9110	1110	60.172
9111	1111	60.169
9112	1112	60.163
9113	1113	60.157
9114	1114	60.149
9115	1115	60.14
9116	1116	60.129
9117	1117	60.117
9118	1118	60.106
9119	1119	60.094
9120	1120	60.083
9121	1121	60.071
9122	1122	60.06
9123	1123	60.05
9124	1124	60.041
9125	1125	60.032
9126	1126	60.023
9127	1127	60.015
9128	1128	60.005
9129	1129	59.996
9130	1130	59.987
9131	1131	59.977
9132	1132	59.968
9133	1133	59.96
9134	1134	59.953
9135	1135	59.948
9136	1136	59.944
9137	1137	59.942
9138	1138	59.941
9139	1139	59.941
9140	1140	59.941
9141	1141	59.941
9142	1142	59.942
9143	1143	59.944
9144	1144	59.948
9145	1145	59.953
9146	1146	59.959
9147	1147	59.968
9148	1148	59.977
9149	1149	59.988
9150	1150	59.999
9151	1151	60.011
9152	1152	60.024
9153	1153	60.038
9154	1154	60.052
9155	1155	60.066
9156	1156	60.08
9157	1157	60.093
9158	1158	60.105
9159	1159	60.116
9160	1160	60.125
9161	1161	60.134
9162	1162	60.142
9163	1163	60.149
9164	1164	60.155
9165	1165	60.16
9166	1166	60.165
9167	1167	60.169
9168	1168	60.173
9169	1169	60.177
9170	1170	60.181
9171	1171	60.183
9172	1172	60.185
9173	1173	60.184
9174	1174	60.182
9175	1175	60.179
9176	1176	60.174
9177	1177	60.167
9178	1178	60.158
9179	1179	60.146
9180	1180	60.134
9181	1181	60.12
9182	1182	60.106
9183	1183	60.09
9184	1184	60.074
9185	1185	60.058
9186	1186	60.042
9187	1187	60.025
9188	1188	60.009
9189	1189	59.992
9190	1190	59.974
9191	1191	59.954
9192	1192	59.934
9193	1193	59.913
9194	1194	59.89
9195	1195	59.868
9196	1196	59.846
9197	1197	59.823
9198	1198	59.802
9199	1199	59.78
9200	1200	59.76
9201	1201	59.741
9202	1202	59.723
9203	1203	59.706
9204	1204	59.691
9205	1205	59.679
9206	1206	59.669
9207	1207	59.661
9208	1208	59.652
9209	1209	59.642
9210	1210	59.632
9211	1211	59.621
9212	1212	59.61
9213	1213	59.599
9214	1214	59.587
9215	1215	59.574
9216	1216	59.56
9217	1217	59.547
9218	1218	59.535
9219	1219	59.521
9220	1220	59.507
9221	1221	59.491
9222	1222	59.474
9223	1223	59.455
9224	1224	59.434
9225	1225	59.409
9226	1226	59.383
9227	1227	59.355
9228	1228	59.326
9229	1229	59.297
9230	1230	59.266
9231	1231	59.234
9232	1232	59.202
9233	1233	59.169
9234	1234	59.135
9235	1235	59.101
9236	1236	59.068
9237	1237	59.035
9238	1238	59.002
9239	1239	58.969
9240	1240	58.937
9241	1241	58.905
9242	1242	58.875
9243	1243	58.846
9244	1244	58.819
9245	1245	58.792
9246	1246	58.766
9247	1247	58.741
9248	1248	58.717
9249	1249	58.694
9250	1250	58.672
9251	1251	58.65
9252	1252	58.627
9253	1253	58.603
9254	1254	58.575
9255	1255	58.545
9256	1256	58.51
9257	1257	58.471
9258	1258	58.431
9259	1259	58.389
9260	1260	58.347
9261	1261	58.302
9262	1262	58.256
9263	1263	58.208
9264	1264	58.159
9265	1265	58.111
9266	1266	58.064
9267	1267	58.019
9268	1268	57.977
9269	1269	57.935
9270	1270	57.895
9271	1271	57.855
9272	1272	57.816
9273	1273	57.776
9274	1274	57.735
9275	1275	57.694
9276	1276	57.652
9277	1277	57.609
9278	1278	57.565
9279	1279	57.519
9280	1280	57.471
9281	1281	57.421
9282	1282	57.37
9283	1283	57.317
9284	1284	57.263
9285	1285	57.208
9286	1286	57.153
9287	1287	57.096
9288	1288	57.038
9289	1289	56.98
9290	1290	56.922
9291	1291	56.866
9292	1292	56.81
9293	1293	56.755
9294	1294	56.701
9295	1295	56.648
9296	1296	56.596
9297	1297	56.544
9298	1298	56.492
9299	1299	56.441
9300	1300	56.39
9301	1301	56.339
9302	1302	56.289
9303	1303	56.24
9304	1304	56.19
9305	1305	56.14
9306	1306	56.09
9307	1307	56.041
9308	1308	55.991
9309	1309	55.94
9310	1310	55.89
9311	1311	55.84
9312	1312	55.789
9313	1313	55.738
9314	1314	55.687
9315	1315	55.637
9316	1316	55.586
9317	1317	55.536
9318	1318	55.487
9319	1319	55.438
9320	1320	55.391
9321	1321	55.344
9322	1322	55.298
9323	1323	55.255
9324	1324	55.213
9325	1325	55.172
9326	1326	55.134
9327	1327	55.095
9328	1328	55.057
9329	1329	55.017
9330	1330	54.976
9331	1331	54.936
9332	1332	54.897
9333	1333	54.86
9334	1334	54.825
9335	1335	54.79
9336	1336	54.755
9337	1337	54.721
9338	1338	54.688
9339	1339	54.656
9340	1340	54.627
9341	1341	54.6
9342	1342	54.576
9343	1343	54.553
9344	1344	54.53
9345	1345	54.509
9346	1346	54.488
9347	1347	54.47
9348	1348	54.453
9349	1349	54.438
9350	1350	54.425
9351	1351	54.415
9352	1352	54.403
9353	1353	54.392
9354	1354	54.382
9355	1355	54.373
9356	1356	54.364
9357	1357	54.356
9358	1358	54.349
9359	1359	54.344
9360	1360	54.34
9361	1361	54.338
9362	1362	54.34
9363	1363	54.343
9364	1364	54.346
9365	1365	54.349
9366	1366	54.35
9367	1367	54.348
9368	1368	54.344
9369	1369	54.337
9370	1370	54.329
9371	1371	54.319
9372	1372	54.308
9373	1373	54.296
9374	1374	54.284
9375	1375	54.271
9376	1376	54.256
9377	1377	54.242
9378	1378	54.226
9379	1379	54.21
9380	1380	54.193
9381	1381	54.175
9382	1382	54.157
9383	1383	54.139
9384	1384	54.12
9385	1385	54.1
9386	1386	54.079
9387	1387	54.057
9388	1388	54.035
9389	1389	54.01
9390	1390	53.983
9391	1391	53.956
9392	1392	53.928
9393	1393	53.9
9394	1394	53.873
9395	1395	53.847
9396	1396	53.823
9397	1397	53.799
9398	1398	53.777
9399	1399	53.757
9400	1400	53.741
9401	1401	53.728
9402	1402	53.719
9403	1403	53.713
9404	1404	53.711
9405	1405	53.71
9406	1406	53.711
9407	1407	53.713
9408	1408	53.717
9409	1409	53.721
9410	1410	53.726
9411	1411	53.732
9412	1412	53.739
9413	1413	53.747
9414	1414	53.756
9415	1415	53.765
9416	1416	53.775
9417	1417	53.786
9418	1418	53.798
9419	1419	53.812
9420	1420	53.827
9421	1421	53.84
9422	1422	53.853
9423	1423	53.863
9424	1424	53.872
9425	1425	53.879
9426	1426	53.885
9427	1427	53.892
9428	1428	53.9
9429	1429	53.91
9430	1430	53.922
9431	1431	53.935
9432	1432	53.949
9433	1433	53.962
9434	1434	53.974
9435	1435	53.984
9436	1436	53.994
9437	1437	54.003
9438	1438	54.01
9439	1439	54.017
9440	1440	54.023
9441	1441	54.027
9442	1442	54.031
9443	1443	54.033
9444	1444	54.034
9445	1445	54.034
9446	1446	54.032
9447	1447	54.029
9448	1448	54.025
9449	1449	54.021
9450	1450	54.014
9451	1451	54.007
9452	1452	53.998
9453	1453	53.987
9454	1454	53.974
9455	1455	53.96
9456	1456	53.943
9457	1457	53.923
9458	1458	53.901
9459	1459	53.877
9460	1460	53.852
9461	1461	53.824
9462	1462	53.795
9463	1463	53.767
9464	1464	53.739
9465	1465	53.713
9466	1466	53.689
9467	1467	53.665
9468	1468	53.643
9469	1469	53.622
9470	1470	53.601
9471	1471	53.58
9472	1472	53.559
9473	1473	53.538
9474	1474	53.517
9475	1475	53.497
9476	1476	53.479
9477	1477	53.46
9478	1478	53.441
9479	1479	53.422
9480	1480	53.404
9481	1481	53.386
9482	1482	53.369
9483	1483	53.354
9484	1484	53.34
9485	1485	53.326
9486	1486	53.311
9487	1487	53.295
9488	1488	53.279
9489	1489	53.262
9490	1490	53.245
9491	1491	53.226
9492	1492	53.206
9493	1493	53.184
9494	1494	53.159
9495	1495	53.131
9496	1496	53.1
9497	1497	53.065
9498	1498	53.029
9499	1499	52.991
9500	1500	52.953
9501	1501	52.914
9502	1502	52.875
9503	1503	52.836
9504	1504	52.797
9505	1505	52.759
9506	1506	52.723
9507	1507	52.689
9508	1508	52.658
9509	1509	52.628
9510	1510	52.599
9511	1511	52.57
9512	1512	52.543
9513	1513	52.516
9514	1514	52.49
9515	1515	52.464
9516	1516	52.439
9517	1517	52.414
9518	1518	52.389
9519	1519	52.365
9520	1520	52.342
9521	1521	52.318
9522	1522	52.295
9523	1523	52.272
9524	1524	52.248
9525	1525	52.222
9526	1526	52.192
9527	1527	52.159
9528	1528	52.123
9529	1529	52.086
9530	1530	52.048
9531	1531	52.009
9532	1532	51.97
9533	1533	51.929
9534	1534	51.889
9535	1535	51.849
9536	1536	51.809
9537	1537	51.766
9538	1538	51.722
9539	1539	51.678
9540	1540	51.635
9541	1541	51.595
9542	1542	51.557
9543	1543	51.522
9544	1544	51.487
9545	1545	51.452
9546	1546	51.417
9547	1547	51.381
9548	1548	51.343
9549	1549	51.304
9550	1550	51.264
9551	1551	51.221
9552	1552	51.178
9553	1553	51.133
9554	1554	51.086
9555	1555	51.037
9556	1556	50.988
9557	1557	50.939
9558	1558	50.891
9559	1559	50.844
9560	1560	50.798
9561	1561	50.754
9562	1562	50.711
9563	1563	50.669
9564	1564	50.628
9565	1565	50.588
9566	1566	50.549
9567	1567	50.512
9568	1568	50.476
9569	1569	50.442
9570	1570	50.409
9571	1571	50.377
9572	1572	50.348
9573	1573	50.321
9574	1574	50.296
9575	1575	50.274
9576	1576	50.253
9577	1577	50.234
9578	1578	50.217
9579	1579	50.203
9580	1580	50.191
9581	1581	50.18
9582	1582	50.171
9583	1583	50.163
9584	1584	50.156
9585	1585	50.148
9586	1586	50.14
9587	1587	50.131
9588	1588	50.121
9589	1589	50.111
9590	1590	50.101
9591	1591	50.089
9592	1592	50.075
9593	1593	50.059
9594	1594	50.042
9595	1595	50.023
9596	1596	50.003
9597	1597	49.983
9598	1598	49.963
9599	1599	49.942
9600	1600	49.921
9601	1601	49.899
9602	1602	49.877
9603	1603	49.856
9604	1604	49.835
9605	1605	49.814
9606	1606	49.794
9607	1607	49.775
9608	1608	49.758
9609	1609	49.743
9610	1610	49.731
9611	1611	49.722
9612	1612	49.714
9613	1613	49.709
9614	1614	49.706
9615	1615	49.706
9616	1616	49.708
9617	1617	49.711
9618	1618	49.713
9619	1619	49.716
9620	1620	49.717
9621	1621	49.716
9622	1622	49.713
9623	1623	49.709
9624	1624	49.703
9625	1625	49.695
9626	1626	49.687
9627	1627	49.68
9628	1628	49.673
9629	1629	49.669
9630	1630	49.666
9631	1631	49.666
9632	1632	49.669
9633	1633	49.675
9634	1634	49.683
9635	1635	49.693
9636	1636	49.705
9637	1637	49.72
9638	1638	49.736
9639	1639	49.755
9640	1640	49.776
9641	1641	49.799
9642	1642	49.824
9643	1643	49.852
9644	1644	49.88
9645	1645	49.911
9646	1646	49.944
9647	1647	49.979
9648	1648	50.017
9649	1649	50.054
9650	1650	50.09
9651	1651	50.123
9652	1652	50.151
9653	1653	50.175
9654	1654	50.195
9655	1655	50.211
9656	1656	50.221
9657	1657	50.227
9658	1658	50.228
9659	1659	50.227
9660	1660	50.221
9661	1661	50.212
9662	1662	50.199
9663	1663	50.181
9664	1664	50.158
9665	1665	50.129
9666	1666	50.097
9667	1667	50.063
9668	1668	50.028
9669	1669	49.993
9670	1670	49.958
9671	1671	49.925
9672	1672	49.893
9673	1673	49.86
9674	1674	49.829
9675	1675	49.796
9676	1676	49.762
9677	1677	49.726
9678	1678	49.69
9679	1679	49.653
9680	1680	49.615
9681	1681	49.575
9682	1682	49.533
9683	1683	49.487
9684	1684	49.439
9685	1685	49.392
9686	1686	49.345
9687	1687	49.302
9688	1688	49.261
9689	1689	49.22
9690	1690	49.178
9691	1691	49.133
9692	1692	49.084
9693	1693	49.031
9694	1694	48.976
9695	1695	48.919
9696	1696	48.864
9697	1697	48.809
9698	1698	48.756
9699	1699	48.704
9700	1700	48.656
9701	1701	48.612
9702	1702	48.571
9703	1703	48.531
9704	1704	48.494
9705	1705	48.459
9706	1706	48.428
9707	1707	48.402
9708	1708	48.381
9709	1709	48.364
9710	1710	48.349
9711	1711	48.335
9712	1712	48.318
9713	1713	48.299
9714	1714	48.276
9715	1715	48.25
9716	1716	48.222
9717	1717	48.193
9718	1718	48.162
9719	1719	48.128
9720	1720	48.091
9721	1721	48.053
9722	1722	48.014
9723	1723	47.975
9724	1724	47.939
9725	1725	47.906
9726	1726	47.875
9727	1727	47.846
9728	1728	47.819
9729	1729	47.792
9730	1730	47.765
9731	1731	47.739
9732	1732	47.712
9733	1733	47.685
9734	1734	47.66
9735	1735	47.637
9736	1736	47.616
9737	1737	47.596
9738	1738	47.577
9739	1739	47.558
9740	1740	47.538
9741	1741	47.515
9742	1742	47.489
9743	1743	47.464
9744	1744	47.439
9745	1745	47.415
9746	1746	47.392
9747	1747	47.37
9748	1748	47.348
9749	1749	47.328
9750	1750	47.308
9751	1751	47.289
9752	1752	47.269
9753	1753	47.247
9754	1754	47.222
9755	1755	47.196
9756	1756	47.168
9757	1757	47.142
9758	1758	47.117
9759	1759	47.093
9760	1760	47.068
9761	1761	47.042
9762	1762	47.013
9763	1763	46.983
9764	1764	46.953
9765	1765	46.923
9766	1766	46.892
9767	1767	46.858
9768	1768	46.82
9769	1769	46.778
9770	1770	46.73
9771	1771	46.676
9772	1772	46.617
9773	1773	46.556
9774	1774	46.495
9775	1775	46.435
9776	1776	46.378
9777	1777	46.324
9778	1778	46.273
9779	1779	46.225
9780	1780	46.181
9781	1781	46.14
9782	1782	46.102
9783	1783	46.067
9784	1784	46.037
9785	1785	46.011
9786	1786	45.99
9787	1787	45.977
9788	1788	45.973
9789	1789	45.98
9790	1790	45.996
9791	1791	46.021
9792	1792	46.052
9793	1793	46.088
9794	1794	46.128
9795	1795	46.17
9796	1796	46.216
9797	1797	46.264
9798	1798	46.314
9799	1799	46.364
9800	1800	46.412
9801	1801	46.455
9802	1802	46.495
9803	1803	46.533
9804	1804	46.566
9805	1805	46.596
9806	1806	46.621
9807	1807	46.642
9808	1808	46.658
9809	1809	46.67
9810	1810	46.68
9811	1811	46.689
9812	1812	46.696
9813	1813	46.7
9814	1814	46.702
9815	1815	46.701
9816	1816	46.7
9817	1817	46.701
9818	1818	46.704
9819	1819	46.71
9820	1820	46.717
9821	1821	46.725
9822	1822	46.735
9823	1823	46.746
9824	1824	46.761
9825	1825	46.779
9826	1826	46.798
9827	1827	46.818
9828	1828	46.84
9829	1829	46.863
9830	1830	46.889
9831	1831	46.917
9832	1832	46.948
9833	1833	46.981
9834	1834	47.019
9835	1835	47.061
9836	1836	47.108
9837	1837	47.156
9838	1838	47.205
9839	1839	47.255
9840	1840	47.304
9841	1841	47.353
9842	1842	47.401
9843	1843	47.45
9844	1844	47.499
9845	1845	47.548
9846	1846	47.595
9847	1847	47.639
9848	1848	47.682
9849	1849	47.724
9850	1850	47.764
9851	1851	47.804
9852	1852	47.843
9853	1853	47.882
9854	1854	47.92
9855	1855	47.956
9856	1856	47.991
9857	1857	48.024
9858	1858	48.056
9859	1859	48.086
9860	1860	48.115
9861	1861	48.142
9862	1862	48.169
9863	1863	48.196
9864	1864	48.224
9865	1865	48.25
9866	1866	48.276
9867	1867	48.304
9868	1868	48.333
9869	1869	48.363
9870	1870	48.395
9871	1871	48.427
9872	1872	48.462
9873	1873	48.499
9874	1874	48.538
9875	1875	48.578
9876	1876	48.617
9877	1877	48.655
9878	1878	48.693
9879	1879	48.732
9880	1880	48.771
9881	1881	48.809
9882	1882	48.844
9883	1883	48.876
9884	1884	48.905
9885	1885	48.932
9886	1886	48.958
9887	1887	48.981
9888	1888	49.003
9889	1889	49.024
9890	1890	49.043
9891	1891	49.057
9892	1892	49.066
9893	1893	49.069
9894	1894	49.068
9895	1895	49.065
9896	1896	49.064
9897	1897	49.065
9898	1898	49.067
9899	1899	49.069
9900	1900	49.072
9901	1901	49.073
9902	1902	49.075
9903	1903	49.077
9904	1904	49.082
9905	1905	49.088
9906	1906	49.098
9907	1907	49.11
9908	1908	49.125
9909	1909	49.14
9910	1910	49.156
9911	1911	49.173
9912	1912	49.19
9913	1913	49.203
9914	1914	49.21
9915	1915	49.21
9916	1916	49.205
9917	1917	49.197
9918	1918	49.187
9919	1919	49.178
9920	1920	49.168
9921	1921	49.159
9922	1922	49.152
9923	1923	49.147
9924	1924	49.144
9925	1925	49.143
9926	1926	49.142
9927	1927	49.142
9928	1928	49.145
9929	1929	49.15
9930	1930	49.157
9931	1931	49.164
9932	1932	49.171
9933	1933	49.177
9934	1934	49.185
9935	1935	49.195
9936	1936	49.21
9937	1937	49.229
9938	1938	49.251
9939	1939	49.274
9940	1940	49.3
9941	1941	49.331
9942	1942	49.364
9943	1943	49.401
9944	1944	49.439
9945	1945	49.476
9946	1946	49.511
9947	1947	49.543
9948	1948	49.574
9949	1949	49.601
9950	1950	49.626
9951	1951	49.648
9952	1952	49.669
9953	1953	49.689
9954	1954	49.708
9955	1955	49.725
9956	1956	49.743
9957	1957	49.761
9958	1958	49.78
9959	1959	49.799
9960	1960	49.817
9961	1961	49.834
9962	1962	49.851
9963	1963	49.869
9964	1964	49.886
9965	1965	49.903
9966	1966	49.917
9967	1967	49.929
9968	1968	49.94
9969	1969	49.949
9970	1970	49.956
9971	1971	49.961
9972	1972	49.963
9973	1973	49.964
9974	1974	49.963
9975	1975	49.959
9976	1976	49.953
9977	1977	49.947
9978	1978	49.94
9979	1979	49.933
9980	1980	49.927
9981	1981	49.92
9982	1982	49.914
9983	1983	49.908
9984	1984	49.904
9985	1985	49.902
9986	1986	49.902
9987	1987	49.904
9988	1988	49.91
9989	1989	49.921
9990	1990	49.935
9991	1991	49.952
9992	1992	49.971
9993	1993	49.993
9994	1994	50.018
9995	1995	50.046
9996	1996	50.078
9997	1997	50.113
9998	1998	50.151
9999	1999	50.191
10000	2000	50.232
